Workbook

Sheet PANDUAN
B1: Kalkulator Penggaris Safety Stock & Titik Tender · PKG
B2: Sumber: DATA_LEADTIME_BB.xlsx (sheet PKG) · SS, deadstock, stok posisi 4 Oktober 2026 dari dashboard CAK PRI v2beta
B4: Tujuan | C4: Menetapkan penggaris TETAP per bahan baku: bila posisi persediaan menyentuh TITIK TENDER, proses tender/pembelian harus dimulai. Angka ditinjau per periode (mis. per semester), bukan berubah harian.
B5: Tiga garis | C5: TITIK TENDER (ROP) → mulai tender. SAFETY STOCK → alarm, ada yang meleset. DEADSTOCK → lantai fisik, tidak bisa dipakai.
B6: Rumus ROP | C6: ROP = CR rata-rata × LT dipakai + SS usulan. LT dipakai = LT rata-rata (atau isian override) − pemangkasan hari persiapan.
B7: SS statistik | C7: SS = z × √( LT × sd CR² + CR² × sd LT² ), z dari tingkat layanan (95% → 1,645). Menangkap variasi konsumsi dan variasi lead time.
B8: SS maks–rata-rata | C8: SS = (LT persentil × CR persentil) − (LT rata-rata × CR rata-rata). Persentil 100% = maks murni (rumus di berkas sumber); 90% meredam pencilan.
B9: Metode dipakai | C9: Statistik · Maks–rata-rata · Terbesar dari keduanya. Pilih global di sheet Parameter, atau per bahan di sheet Penggaris (kolom pilihan).
B10: Posisi persediaan | C10: Stok gudang + kargo yang SUDAH DIKONTRAK tetapi belum tiba. Yang dibandingkan dengan ROP adalah posisi persediaan, bukan stok gudang saja, agar tidak terjadi pembelian ganda.
B11: Goal Seek | C11: TIDAK diperlukan. Semua hasil berupa rumus langsung. Pertanyaan kebalikan juga rumus langsung: tingkat layanan yang setara SS eksisting, dan perkiraan hari sampai titik tender.
B12: Cara pakai | C12: 1) Sheet Parameter: tingkat layanan, persentil, metode. 2) Sheet Penggaris: isi stok gudang terbaru dan kargo sudah kontrak (kuning). 3) Baca kolom Status. 4) Data histori di Data_LT dan Data_CR bisa ditambah; rentang rumus sudah disiapkan sampai baris kosong cadangan.
B13: Catatan data | C13: Kolom P (persiapan) di data sumber berupa asumsi tetap (7+0+25+7 atau 7+0+25+14 hari) dan L (bongkar) juga tetap, sehingga sd LT hanya mencerminkan variasi pelayaran. Ganti dengan tanggal aktual proses tender bila tersedia. Asam fosfat dan KCl flake belum punya data lead time: isi LT override atau lengkapi Data_LT.
B14: Status | C14: Indikatif untuk kajian; angka SS/ROP final mengikuti Kesepakatan PI Group setelah divalidasi Pengadaan, PPP, dan Keuangan.
B16: Arti warna
B17: contoh | C17: Isian / pilihan — boleh diubah
B18: contoh | C18: Data histori atau data dashboard (teks hitam)
B19: contoh | C19: Hasil utama
B20: contoh | C20: Teks hijau = mengambil dari sheet lain

Sheet Penggaris
A1: Penggaris Safety Stock & Titik Tender · PKG
A2: ="Tingkat layanan bawaan "&ROUND(Parameter!$C$4*100,1)&"% · persentil "&ROUND(Parameter!$C$6*100,0)&"% · metode bawaan "&Parameter!$C$7&" · pemangkasan persiapan "&Parameter!$C$9&" hari · indikatif" -> Tingkat layanan bawaan 95% · persentil 90% · metode bawaan Statistik · pemangkasan persiapan 0 hari · indikatif
B4: LEAD TIME (hari) | H4: KONSUMSI | L4: SAFETY STOCK | R4: PENGGARIS | U4: PEMBANDING | Y4: POSISI & STATUS | AD4: INFORMASI
A5: Bahan baku | B5: Kargo (n) | C5: LT rata-rata | D5: LT persentil | E5: sd LT | F5: LT override | G5: LT dipakai | H5: Bulan CR (n) | I5: CR rata-rata (t/hari) | J5: CR persentil (t/hari) | K5: sd CR | L5: Tingkat layanan | M5: z | N5: SS statistik (t) | O5: SS maks–rata-rata (t) | P5: Metode | Q5: SS USULAN (t) | R5: TITIK TENDER / ROP (t) | S5: SS usulan (hari) | T5: ROP (hari) | U5: SS eksisting (t) | V5: Selisih SS usulan − eksisting | W5: Layanan setara SS eksisting | X5: Deadstock (t) | Y5: Stok gudang (t) | Z5: Kargo sudah kontrak, belum tiba (t) | AA5: Posisi persediaan (t) | AB5: Perkiraan hari sampai ROP | AC5: STATUS | AD5: Rencana kedatangan Dalops s.d. 31 Des (t, informasi) | AE5: Turun ROP per 1 hari persiapan dipangkas (t) | AF5: Catatan data
A6: DAP | B6: =COUNT(Data_LT!$H$2:$H$21) -> 14 | C6: =IF(B6=0,"",AVERAGE(Data_LT!$H$2:$H$21)) -> 60.142857 | D6: =IF(B6=0,"",PERCENTILE(Data_LT!$H$2:$H$21,Parameter!$C$6)) -> 64 | E6: =IF(B6<2,0,STDEV(Data_LT!$H$2:$H$21)) -> 3.3479533 | G6: =IF(F6<>"",F6,IF(C6="","",MAX(0,C6-Parameter!$C$9))) -> 60.142857 | H6: =COUNT(Data_CR!$D$2:$D$19) -> 12 | I6: =IF(H6=0,"",AVERAGE(Data_CR!$D$2:$D$19)) -> 326.68653 | J6: =IF(H6=0,"",PERCENTILE(Data_CR!$D$2:$D$19,Parameter!$C$6)) -> 360.57437 | K6: =IF(H6<2,0,STDEV(Data_CR!$D$2:$D$19)) -> 42.800966 | M6: =NORMSINV(IF(L6="",Parameter!$C$4,L6)) -> 1.6448536 | N6: =IF(OR(G6="",I6=""),"",M6*SQRT(G6*K6^2+I6^2*E6^2)) -> 1880.0505 | O6: =IF(OR(G6="",I6=""),"",IF(OR(F6<>"",D6=""),MAX(0,G6*(J6-I6)),MAX(0,MAX(0,D6-Parameter!$C$9)*J6-G6*I6))) -> 3428.898 | Q6: =IF(N6="","",IF(IF(P6="",Parameter!$C$7,P6)="Statistik",N6,IF(IF(P6="",Parameter!$C$7,P6)="Maks–rata-rata",O6,MAX(N6,O6)))) -> 1880.0505 | R6: =IF(Q6="","",I6*G6+Q6) -> 21527.912 | S6: =IF(Q6="","",Q6/I6) -> 5.7549067 | T6: =IF(R6="","",R6/I6) -> 65.897764 | U6: 7000 | V6: =IF(OR(Q6="",U6=""),"",Q6-U6) -> -5119.9495 | W6: =IF(OR(U6="",N6=""),"",IF(SQRT(G6*K6^2+I6^2*E6^2)=0,"",NORMSDIST(U6/SQRT(G6*K6^2+I6^2*E6^2)))) -> 1 | X6: 1000 | Y6: 15447 | AA6: =IF(Y6="","",Y6+N(Z6)) -> 15447 | AB6: =IF(OR(AA6="",R6=""),"",(AA6-R6)/I6) -> -18.613905 | AC6: =IF(R6="","Data LT/CR belum lengkap",IF(AA6="","Isi stok gudang",IF(AA6<=R6,"MULAI TENDER / PEMBELIAN",IF(AA6<=R6*(1+Parameter!$C$10),"Siapkan tender","Belum perlu tender")))&IF(AND(Y6<>"",Q6<>""),IF(Y6<Q6," · stok gudang < SS usulan",""),"")) -> MULAI TENDER / PEMBELIAN | AD6: 40000 | AE6: =IF(I6="","",I6) -> 326.68653 | AF6: P (persiapan) tetap =7+0+25+7 hari → sd LT hanya dari pelayaran. Stok gudang terisi posisi 4 Oktober 2026 dari dashboard; perbarui.
A7: KCl powder | B7: =COUNT(Data_LT!$H$23:$H$77) -> 49 | C7: =IF(B7=0,"",AVERAGE(Data_LT!$H$23:$H$77)) -> 96.469388 | D7: =IF(B7=0,"",PERCENTILE(Data_LT!$H$23:$H$77,Parameter!$C$6)) -> 110.2 | E7: =IF(B7<2,0,STDEV(Data_LT!$H$23:$H$77)) -> 11.400113 | G7: =IF(F7<>"",F7,IF(C7="","",MAX(0,C7-Parameter!$C$9))) -> 96.469388 | H7: =COUNT(Data_CR!$D$21:$D$33) -> 7 | I7: =IF(H7=0,"",AVERAGE(Data_CR!$D$21:$D$33)) -> 1833.5725 | J7: =IF(H7=0,"",PERCENTILE(Data_CR!$D$21:$D$33,Parameter!$C$6)) -> 1989.5371 | K7: =IF(H7<2,0,STDEV(Data_CR!$D$21:$D$33)) -> 173.78234 | M7: =NORMSINV(IF(L7="",Parameter!$C$4,L7)) -> 1.6448536 | N7: =IF(OR(G7="",I7=""),"",M7*SQRT(G7*K7^2+I7^2*E7^2)) -> 34496.706 | O7: =IF(OR(G7="",I7=""),"",IF(OR(F7<>"",D7=""),MAX(0,G7*(J7-I7)),MAX(0,MAX(0,D7-Parameter!$C$9)*J7-G7*I7))) -> 42363.372 | Q7: =IF(N7="","",IF(IF(P7="",Parameter!$C$7,P7)="Statistik",N7,IF(IF(P7="",Parameter!$C$7,P7)="Maks–rata-rata",O7,MAX(N7,O7)))) -> 34496.706 | R7: =IF(Q7="","",I7*G7+Q7) -> 211380.33 | S7: =IF(Q7="","",Q7/I7) -> 18.81393 | T7: =IF(R7="","",R7/I7) -> 115.28332 | U7: 37000 | V7: =IF(OR(Q7="",U7=""),"",Q7-U7) -> -2503.2941 | W7: =IF(OR(U7="",N7=""),"",IF(SQRT(G7*K7^2+I7^2*E7^2)=0,"",NORMSDIST(U7/SQRT(G7*K7^2+I7^2*E7^2)))) -> 0.96115205 | X7: 2000 | Y7: 76969 | AA7: =IF(Y7="","",Y7+N(Z7)) -> 76969 | AB7: =IF(OR(AA7="",R7=""),"",(AA7-R7)/I7) -> -73.305704 | AC7: =IF(R7="","Data LT/CR belum lengkap",IF(AA7="","Isi stok gudang",IF(AA7<=R7,"MULAI TENDER / PEMBELIAN",IF(AA7<=R7*(1+Parameter!$C$10),"Siapkan tender","Belum perlu tender")))&IF(AND(Y7<>"",Q7<>""),IF(Y7<Q7," · stok gudang < SS usulan",""),"")) -> MULAI TENDER / PEMBELIAN | AD7: 148448 | AE7: =IF(I7="","",I7) -> 1833.5725 | AF7: P (persiapan) tetap =7+0+25+14 hari → sd LT hanya dari pelayaran. SS eksisting & stok = KCl merah + putih gabungan (Kesepakatan). Stok gudang terisi posisi 4 Oktober 2026 dari dashboard; perbarui.
A8: KCl flake | B8: =COUNT(Data_LT!$H$79:$H$84) -> 0 | C8: =IF(B8=0,"",AVERAGE(Data_LT!$H$79:$H$84)) | D8: =IF(B8=0,"",PERCENTILE(Data_LT!$H$79:$H$84,Parameter!$C$6)) | E8: =IF(B8<2,0,STDEV(Data_LT!$H$79:$H$84)) -> 0 | G8: =IF(F8<>"",F8,IF(C8="","",MAX(0,C8-Parameter!$C$9))) | H8: =COUNT(Data_CR!$D$35:$D$40) -> 0 | I8: =IF(H8=0,"",AVERAGE(Data_CR!$D$35:$D$40)) | J8: =IF(H8=0,"",PERCENTILE(Data_CR!$D$35:$D$40,Parameter!$C$6)) | K8: =IF(H8<2,0,STDEV(Data_CR!$D$35:$D$40)) -> 0 | M8: =NORMSINV(IF(L8="",Parameter!$C$4,L8)) -> 1.6448536 | N8: =IF(OR(G8="",I8=""),"",M8*SQRT(G8*K8^2+I8^2*E8^2)) | O8: =IF(OR(G8="",I8=""),"",IF(OR(F8<>"",D8=""),MAX(0,G8*(J8-I8)),MAX(0,MAX(0,D8-Parameter!$C$9)*J8-G8*I8))) | Q8: =IF(N8="","",IF(IF(P8="",Parameter!$C$7,P8)="Statistik",N8,IF(IF(P8="",Parameter!$C$7,P8)="Maks–rata-rata",O8,MAX(N8,O8)))) | R8: =IF(Q8="","",I8*G8+Q8) | S8: =IF(Q8="","",Q8/I8) | T8: =IF(R8="","",R8/I8) | V8: =IF(OR(Q8="",U8=""),"",Q8-U8) | W8: =IF(OR(U8="",N8=""),"",IF(SQRT(G8*K8^2+I8^2*E8^2)=0,"",NORMSDIST(U8/SQRT(G8*K8^2+I8^2*E8^2)))) | AA8: =IF(Y8="","",Y8+N(Z8)) | AB8: =IF(OR(AA8="",R8=""),"",(AA8-R8)/I8) | AC8: =IF(R8="","Data LT/CR belum lengkap",IF(AA8="","Isi stok gudang",IF(AA8<=R8,"MULAI TENDER / PEMBELIAN",IF(AA8<=R8*(1+Parameter!$C$10),"Siapkan tender","Belum perlu tender")))&IF(AND(Y8<>"",Q8<>""),IF(Y8<Q8," · stok gudang < SS usulan",""),"")) -> Data LT/CR belum lengkap | AE8: =IF(I8="","",I8) | AF8: Belum ada data lead time — isi LT override atau lengkapi Data_LT. Belum ada data konsumsi.
A9: ZA | B9: =COUNT(Data_LT!$H$86:$H$123) -> 32 | C9: =IF(B9=0,"",AVERAGE(Data_LT!$H$86:$H$123)) -> 68.4375 | D9: =IF(B9=0,"",PERCENTILE(Data_LT!$H$86:$H$123,Parameter!$C$6)) -> 74 | E9: =IF(B9<2,0,STDEV(Data_LT!$H$86:$H$123)) -> 3.5825518 | G9: =IF(F9<>"",F9,IF(C9="","",MAX(0,C9-Parameter!$C$9))) -> 68.4375 | H9: =COUNT(Data_CR!$D$42:$D$54) -> 7 | I9: =IF(H9=0,"",AVERAGE(Data_CR!$D$42:$D$54)) -> 2195.6244 | J9: =IF(H9=0,"",PERCENTILE(Data_CR!$D$42:$D$54,Parameter!$C$6)) -> 2411.9949 | K9: =IF(H9<2,0,STDEV(Data_CR!$D$42:$D$54)) -> 228.12893 | M9: =NORMSINV(IF(L9="",Parameter!$C$4,L9)) -> 1.6448536 | N9: =IF(OR(G9="",I9=""),"",M9*SQRT(G9*K9^2+I9^2*E9^2)) -> 13305.499 | O9: =IF(OR(G9="",I9=""),"",IF(OR(F9<>"",D9=""),MAX(0,G9*(J9-I9)),MAX(0,MAX(0,D9-Parameter!$C$9)*J9-G9*I9))) -> 28224.583 | Q9: =IF(N9="","",IF(IF(P9="",Parameter!$C$7,P9)="Statistik",N9,IF(IF(P9="",Parameter!$C$7,P9)="Maks–rata-rata",O9,MAX(N9,O9)))) -> 13305.499 | R9: =IF(Q9="","",I9*G9+Q9) -> 163568.54 | S9: =IF(Q9="","",Q9/I9) -> 6.0600072 | T9: =IF(R9="","",R9/I9) -> 74.497507 | V9: =IF(OR(Q9="",U9=""),"",Q9-U9) | W9: =IF(OR(U9="",N9=""),"",IF(SQRT(G9*K9^2+I9^2*E9^2)=0,"",NORMSDIST(U9/SQRT(G9*K9^2+I9^2*E9^2)))) | AA9: =IF(Y9="","",Y9+N(Z9)) | AB9: =IF(OR(AA9="",R9=""),"",(AA9-R9)/I9) | AC9: =IF(R9="","Data LT/CR belum lengkap",IF(AA9="","Isi stok gudang",IF(AA9<=R9,"MULAI TENDER / PEMBELIAN",IF(AA9<=R9*(1+Parameter!$C$10),"Siapkan tender","Belum perlu tender")))&IF(AND(Y9<>"",Q9<>""),IF(Y9<Q9," · stok gudang < SS usulan",""),"")) -> Isi stok gudang | AE9: =IF(I9="","",I9) -> 2195.6244 | AF9: P (persiapan) tetap =7+0+25+14 hari → sd LT hanya dari pelayaran.
A10: Batuan fosfat (RP) | B10: =COUNT(Data_LT!$H$125:$H$171) -> 41 | C10: =IF(B10=0,"",AVERAGE(Data_LT!$H$125:$H$171)) -> 85.414634 | D10: =IF(B10=0,"",PERCENTILE(Data_LT!$H$125:$H$171,Parameter!$C$6)) -> 94 | E10: =IF(B10<2,0,STDEV(Data_LT!$H$125:$H$171)) -> 7.3074469 | G10: =IF(F10<>"",F10,IF(C10="","",MAX(0,C10-Parameter!$C$9))) -> 85.414634 | H10: =COUNT(Data_CR!$D$56:$D$73) -> 12 | I10: =IF(H10=0,"",AVERAGE(Data_CR!$D$56:$D$73)) -> 1792.0307 | J10: =IF(H10=0,"",PERCENTILE(Data_CR!$D$56:$D$73,Parameter!$C$6)) -> 2688.3506 | K10: =IF(H10<2,0,STDEV(Data_CR!$D$56:$D$73)) -> 721.73876 | M10: =NORMSINV(IF(L10="",Parameter!$C$4,L10)) -> 1.6448536 | N10: =IF(OR(G10="",I10=""),"",M10*SQRT(G10*K10^2+I10^2*E10^2)) -> 24172.998 | O10: =IF(OR(G10="",I10=""),"",IF(OR(F10<>"",D10=""),MAX(0,G10*(J10-I10)),MAX(0,MAX(0,D10-Parameter!$C$9)*J10-G10*I10))) -> 99639.317 | Q10: =IF(N10="","",IF(IF(P10="",Parameter!$C$7,P10)="Statistik",N10,IF(IF(P10="",Parameter!$C$7,P10)="Maks–rata-rata",O10,MAX(N10,O10)))) -> 24172.998 | R10: =IF(Q10="","",I10*G10+Q10) -> 177238.64 | S10: =IF(Q10="","",Q10/I10) -> 13.489166 | T10: =IF(R10="","",R10/I10) -> 98.9038 | U10: 100000 | V10: =IF(OR(Q10="",U10=""),"",Q10-U10) -> -75827.002 | W10: =IF(OR(U10="",N10=""),"",IF(SQRT(G10*K10^2+I10^2*E10^2)=0,"",NORMSDIST(U10/SQRT(G10*K10^2+I10^2*E10^2)))) -> 1 | X10: 20000 | Y10: 145829 | AA10: =IF(Y10="","",Y10+N(Z10)) -> 145829 | AB10: =IF(OR(AA10="",R10=""),"",(AA10-R10)/I10) -> -17.527402 | AC10: =IF(R10="","Data LT/CR belum lengkap",IF(AA10="","Isi stok gudang",IF(AA10<=R10,"MULAI TENDER / PEMBELIAN",IF(AA10<=R10*(1+Parameter!$C$10),"Siapkan tender","Belum perlu tender")))&IF(AND(Y10<>"",Q10<>""),IF(Y10<Q10," · stok gudang < SS usulan",""),"")) -> MULAI TENDER / PEMBELIAN | AD10: 120000 | AE10: =IF(I10="","",I10) -> 1792.0307 | AF10: P (persiapan) tetap =7+0+25+14 hari → sd LT hanya dari pelayaran. SS eksisting: tetap 100.000 ton dengan pertimbangan masih berlangsungnya konflik Timur Tengah. Stok gudang terisi posisi 4 Oktober 2026 dari dashboard; perbarui.
A11: Asam sulfat (SA) | B11: =COUNT(Data_LT!$H$173:$H$200) -> 22 | C11: =IF(B11=0,"",AVERAGE(Data_LT!$H$173:$H$200)) -> 53.136364 | D11: =IF(B11=0,"",PERCENTILE(Data_LT!$H$173:$H$200,Parameter!$C$6)) -> 57 | E11: =IF(B11<2,0,STDEV(Data_LT!$H$173:$H$200)) -> 3.3988157 | G11: =IF(F11<>"",F11,IF(C11="","",MAX(0,C11-Parameter!$C$9))) -> 53.136364 | H11: =COUNT(Data_CR!$D$75:$D$90) -> 10 | I11: =IF(H11=0,"",AVERAGE(Data_CR!$D$75:$D$90)) -> 866.47627 | J11: =IF(H11=0,"",PERCENTILE(Data_CR!$D$75:$D$90,Parameter!$C$6)) -> 1552.8234 | K11: =IF(H11<2,0,STDEV(Data_CR!$D$75:$D$90)) -> 556.56758 | M11: =NORMSINV(IF(L11="",Parameter!$C$4,L11)) -> 1.6448536 | N11: =IF(OR(G11="",I11=""),"",M11*SQRT(G11*K11^2+I11^2*E11^2)) -> 8246.0995 | O11: =IF(OR(G11="",I11=""),"",IF(OR(F11<>"",D11=""),MAX(0,G11*(J11-I11)),MAX(0,MAX(0,D11-Parameter!$C$9)*J11-G11*I11))) -> 42469.533 | Q11: =IF(N11="","",IF(IF(P11="",Parameter!$C$7,P11)="Statistik",N11,IF(IF(P11="",Parameter!$C$7,P11)="Maks–rata-rata",O11,MAX(N11,O11)))) -> 8246.0995 | R11: =IF(Q11="","",I11*G11+Q11) -> 54287.498 | S11: =IF(Q11="","",Q11/I11) -> 9.5168209 | T11: =IF(R11="","",R11/I11) -> 62.653185 | U11: 20000 | V11: =IF(OR(Q11="",U11=""),"",Q11-U11) -> -11753.9 | W11: =IF(OR(U11="",N11=""),"",IF(SQRT(G11*K11^2+I11^2*E11^2)=0,"",NORMSDIST(U11/SQRT(G11*K11^2+I11^2*E11^2)))) -> 0.99996688 | X11: 5000 | Y11: 34723 | AA11: =IF(Y11="","",Y11+N(Z11)) -> 34723 | AB11: =IF(OR(AA11="",R11=""),"",(AA11-R11)/I11) -> -22.579381 | AC11: =IF(R11="","Data LT/CR belum lengkap",IF(AA11="","Isi stok gudang",IF(AA11<=R11,"MULAI TENDER / PEMBELIAN",IF(AA11<=R11*(1+Parameter!$C$10),"Siapkan tender","Belum perlu tender")))&IF(AND(Y11<>"",Q11<>""),IF(Y11<Q11," · stok gudang < SS usulan",""),"")) -> MULAI TENDER / PEMBELIAN | AD11: 0 | AE11: =IF(I11="","",I11) -> 866.47627 | AF11: P (persiapan) tetap =7+0+25+7 hari → sd LT hanya dari pelayaran. Stok gudang terisi posisi 4 Oktober 2026 dari dashboard; perbarui.
A12: Asam fosfat (PA) | B12: =COUNT(Data_LT!$H$202:$H$207) -> 0 | C12: =IF(B12=0,"",AVERAGE(Data_LT!$H$202:$H$207)) | D12: =IF(B12=0,"",PERCENTILE(Data_LT!$H$202:$H$207,Parameter!$C$6)) | E12: =IF(B12<2,0,STDEV(Data_LT!$H$202:$H$207)) -> 0 | G12: =IF(F12<>"",F12,IF(C12="","",MAX(0,C12-Parameter!$C$9))) | H12: =COUNT(Data_CR!$D$92:$D$109) -> 12 | I12: =IF(H12=0,"",AVERAGE(Data_CR!$D$92:$D$109)) -> 1795.4606 | J12: =IF(H12=0,"",PERCENTILE(Data_CR!$D$92:$D$109,Parameter!$C$6)) -> 2025.4065 | K12: =IF(H12<2,0,STDEV(Data_CR!$D$92:$D$109)) -> 223.29459 | M12: =NORMSINV(IF(L12="",Parameter!$C$4,L12)) -> 1.6448536 | N12: =IF(OR(G12="",I12=""),"",M12*SQRT(G12*K12^2+I12^2*E12^2)) | O12: =IF(OR(G12="",I12=""),"",IF(OR(F12<>"",D12=""),MAX(0,G12*(J12-I12)),MAX(0,MAX(0,D12-Parameter!$C$9)*J12-G12*I12))) | Q12: =IF(N12="","",IF(IF(P12="",Parameter!$C$7,P12)="Statistik",N12,IF(IF(P12="",Parameter!$C$7,P12)="Maks–rata-rata",O12,MAX(N12,O12)))) | R12: =IF(Q12="","",I12*G12+Q12) | S12: =IF(Q12="","",Q12/I12) | T12: =IF(R12="","",R12/I12) | U12: 20000 | V12: =IF(OR(Q12="",U12=""),"",Q12-U12) | W12: =IF(OR(U12="",N12=""),"",IF(SQRT(G12*K12^2+I12^2*E12^2)=0,"",NORMSDIST(U12/SQRT(G12*K12^2+I12^2*E12^2)))) | X12: 6000 | Y12: 32758 | AA12: =IF(Y12="","",Y12+N(Z12)) -> 32758 | AB12: =IF(OR(AA12="",R12=""),"",(AA12-R12)/I12) | AC12: =IF(R12="","Data LT/CR belum lengkap",IF(AA12="","Isi stok gudang",IF(AA12<=R12,"MULAI TENDER / PEMBELIAN",IF(AA12<=R12*(1+Parameter!$C$10),"Siapkan tender","Belum perlu tender")))&IF(AND(Y12<>"",Q12<>""),IF(Y12<Q12," · stok gudang < SS usulan",""),"")) -> Data LT/CR belum lengkap | AD12: 20000 | AE12: =IF(I12="","",I12) -> 1795.4606 | AF12: Belum ada data lead time — isi LT override atau lengkapi Data_LT. Stok gudang terisi posisi 4 Oktober 2026 dari dashboard; perbarui.
A13: Belerang | B13: =COUNT(Data_LT!$H$209:$H$237) -> 23 | C13: =IF(B13=0,"",AVERAGE(Data_LT!$H$209:$H$237)) -> 68.173913 | D13: =IF(B13=0,"",PERCENTILE(Data_LT!$H$209:$H$237,Parameter!$C$6)) -> 69 | E13: =IF(B13<2,0,STDEV(Data_LT!$H$209:$H$237)) -> 1.4663552 | G13: =IF(F13<>"",F13,IF(C13="","",MAX(0,C13-Parameter!$C$9))) -> 68.173913 | H13: =COUNT(Data_CR!$D$111:$D$125) -> 9 | I13: =IF(H13=0,"",AVERAGE(Data_CR!$D$111:$D$125)) -> 494.3923 | J13: =IF(H13=0,"",PERCENTILE(Data_CR!$D$111:$D$125,Parameter!$C$6)) -> 540.52795 | K13: =IF(H13<2,0,STDEV(Data_CR!$D$111:$D$125)) -> 53.567704 | M13: =NORMSINV(IF(L13="",Parameter!$C$4,L13)) -> 1.6448536 | N13: =IF(OR(G13="",I13=""),"",M13*SQRT(G13*K13^2+I13^2*E13^2)) -> 1396.852 | O13: =IF(OR(G13="",I13=""),"",IF(OR(F13<>"",D13=""),MAX(0,G13*(J13-I13)),MAX(0,MAX(0,D13-Parameter!$C$9)*J13-G13*I13))) -> 3591.7709 | Q13: =IF(N13="","",IF(IF(P13="",Parameter!$C$7,P13)="Statistik",N13,IF(IF(P13="",Parameter!$C$7,P13)="Maks–rata-rata",O13,MAX(N13,O13)))) -> 1396.852 | R13: =IF(Q13="","",I13*G13+Q13) -> 35101.509 | S13: =IF(Q13="","",Q13/I13) -> 2.8253919 | T13: =IF(R13="","",R13/I13) -> 70.999305 | U13: 10000 | V13: =IF(OR(Q13="",U13=""),"",Q13-U13) -> -8603.148 | W13: =IF(OR(U13="",N13=""),"",IF(SQRT(G13*K13^2+I13^2*E13^2)=0,"",NORMSDIST(U13/SQRT(G13*K13^2+I13^2*E13^2)))) -> 1 | X13: 5000 | Y13: 13984 | AA13: =IF(Y13="","",Y13+N(Z13)) -> 13984 | AB13: =IF(OR(AA13="",R13=""),"",(AA13-R13)/I13) -> -42.714075 | AC13: =IF(R13="","Data LT/CR belum lengkap",IF(AA13="","Isi stok gudang",IF(AA13<=R13,"MULAI TENDER / PEMBELIAN",IF(AA13<=R13*(1+Parameter!$C$10),"Siapkan tender","Belum perlu tender")))&IF(AND(Y13<>"",Q13<>""),IF(Y13<Q13," · stok gudang < SS usulan",""),"")) -> MULAI TENDER / PEMBELIAN | AD13: 62789 | AE13: =IF(I13="","",I13) -> 494.3923 | AF13: P (persiapan) tetap =7+0+25+7 hari → sd LT hanya dari pelayaran. SS eksisting: terdiri atas safety stock 5.000 ton dan deadstock 5.000 ton. Stok gudang terisi posisi 4 Oktober 2026 dari dashboard; perbarui.
A15: Cara baca: bila POSISI PERSEDIAAN ≤ TITIK TENDER → proses tender/pembelian dimulai. Bila stok gudang < SS usulan → alarm: ada yang meleset dari rencana.
A16: Stok gudang terisi posisi data dashboard; kolom kargo sudah kontrak sengaja dikosongkan karena rencana kedatangan Dalops belum tentu sudah dikontrak (lihat kolom AD sebagai pembanding).
A17: SS eksisting = Kesepakatan Safety Stock Bahan Baku PI Group (dashboard v2beta). ZA dan KCl flake belum punya angka eksisting.
A18: Indikatif untuk kajian. Penggaris final ditetapkan setelah validasi Pengadaan (lead time aktual), PPP (konsumsi), Keuangan (biaya simpan) dan disepakati di forum PI Group.

Sheet Parameter
B1: Parameter global
B3: Parameter | C3: Nilai | D3: Satuan | E3: Keterangan
B4: Tingkat layanan (bawaan) | C4: 0.95 | D4: % | E4: Peluang tidak kehabisan stok selama satu siklus pengadaan. 95% → z = 1,645.
B5: Nilai z | C5: =NORMSINV(C4) -> 1.6448536 | E5: Otomatis dari tingkat layanan.
B6: Persentil untuk "maks" (metode maks–rata-rata) | C6: 0.9 | D6: % | E6: 100% = maks murni (seperti berkas sumber). 90% disarankan agar satu bulan ekstrem tidak melambungkan SS.
B7: Metode SS bawaan | C7: Statistik | E7: Statistik · Maks–rata-rata · Terbesar
B8: Hari per bulan (konversi CR bulanan → harian) | C8: 30 | D8: hari | E8: Sama dengan berkas sumber (CR hari = CR bulan / 30).
B9: Pemangkasan hari persiapan (semua bahan) | C9: 0 | D9: hari | E9: Uji dampak mempercepat proses tender. Mengurangi LT semua bahan.
B10: Batas "siapkan tender" di atas ROP | C10: 0.1 | D10: % | E10: Status kuning bila posisi persediaan ≤ ROP × (1 + nilai ini).

Sheet Data_LT
A1: Bahan | B1: No | C1: Asal | D1: P · persiapan | E1: S · pelayaran | F1: L · muat/bongkar | G1: C · kongesti | H1: LT (hari) | J1: Sumber: DATA_LEADTIME_BB.xlsx, sheet PKG. Kolom P memakai rumus asli berkas (komponen hari persiapan). Baris kuning = cadangan untuk kargo baru.
A2: DAP | B2: 1 | C2: China | D2: =7+0+25+7 -> 39 | E2: 15 | F2: 10 | H2: =IF(COUNT(D2:G2)=0,"",SUM(D2:G2)) -> 64
A3: DAP | B3: 2 | C3: Laos | D3: =7+0+25+7 -> 39 | E3: 7 | F3: 10 | H3: =IF(COUNT(D3:G3)=0,"",SUM(D3:G3)) -> 56
A4: DAP | B4: 3 | C4: China | D4: =7+0+25+7 -> 39 | E4: 12 | F4: 10 | H4: =IF(COUNT(D4:G4)=0,"",SUM(D4:G4)) -> 61
A5: DAP | B5: 4 | C5: Vietnam | D5: =7+0+25+7 -> 39 | E5: 7 | F5: 10 | H5: =IF(COUNT(D5:G5)=0,"",SUM(D5:G5)) -> 56
A6: DAP | B6: 5 | C6: China | D6: =7+0+25+7 -> 39 | E6: 15 | F6: 10 | H6: =IF(COUNT(D6:G6)=0,"",SUM(D6:G6)) -> 64
A7: DAP | B7: 6 | C7: China | D7: =7+0+25+7 -> 39 | E7: 15 | F7: 10 | H7: =IF(COUNT(D7:G7)=0,"",SUM(D7:G7)) -> 64
A8: DAP | B8: 7 | C8: China | D8: =7+0+25+7 -> 39 | E8: 14 | F8: 10 | H8: =IF(COUNT(D8:G8)=0,"",SUM(D8:G8)) -> 63
A9: DAP | B9: 8 | C9: China | D9: =7+0+25+7 -> 39 | E9: 10 | F9: 10 | H9: =IF(COUNT(D9:G9)=0,"",SUM(D9:G9)) -> 59
A10: DAP | B10: 9 | C10: Vietnam | D10: =7+0+25+7 -> 39 | E10: 7 | F10: 10 | H10: =IF(COUNT(D10:G10)=0,"",SUM(D10:G10)) -> 56
A11: DAP | B11: 10 | C11: Vietnam | D11: =7+0+25+7 -> 39 | E11: 7 | F11: 10 | H11: =IF(COUNT(D11:G11)=0,"",SUM(D11:G11)) -> 56
A12: DAP | B12: 11 | C12: China | D12: =7+0+25+7 -> 39 | E12: 14 | F12: 10 | H12: =IF(COUNT(D12:G12)=0,"",SUM(D12:G12)) -> 63
A13: DAP | B13: 12 | C13: China | D13: =7+0+25+7 -> 39 | E13: 9 | F13: 10 | H13: =IF(COUNT(D13:G13)=0,"",SUM(D13:G13)) -> 58
... A15: DAP | B15: 14 | C15: China | D15: =7+0+25+7 -> 39 | E15: 10 | F15: 10 | H15: =IF(COUNT(D15:G15)=0,"",SUM(D15:G15)) -> 59
A16: DAP | H16: =IF(COUNT(D16:G16)=0,"",SUM(D16:G16))
A17: DAP | H17: =IF(COUNT(D17:G17)=0,"",SUM(D17:G17))
A18: DAP | H18: =IF(COUNT(D18:G18)=0,"",SUM(D18:G18))
A19: DAP | H19: =IF(COUNT(D19:G19)=0,"",SUM(D19:G19))
A20: DAP | H20: =IF(COUNT(D20:G20)=0,"",SUM(D20:G20))
A21: DAP | H21: =IF(COUNT(D21:G21)=0,"",SUM(D21:G21))
A23: KCl powder | B23: 1 | C23: Belarusia | D23: =7+0+25+14 -> 46 | E23: 54 | F23: 10 | H23: =IF(COUNT(D23:G23)=0,"",SUM(D23:G23)) -> 110
A24: KCl powder | B24: 2 | C24: Jordan | D24: =7+0+25+14 -> 46 | E24: 28 | F24: 10 | H24: =IF(COUNT(D24:G24)=0,"",SUM(D24:G24)) -> 84
A25: KCl powder | B25: 3 | C25: Jordan | D25: =7+0+25+14 -> 46 | E25: 18 | F25: 10 | H25: =IF(COUNT(D25:G25)=0,"",SUM(D25:G25)) -> 74
A26: KCl powder | B26: 4 | C26: Jordan | D26: =7+0+25+14 -> 46 | E26: 22 | F26: 10 | H26: =IF(COUNT(D26:G26)=0,"",SUM(D26:G26)) -> 78
A27: KCl powder | B27: 5 | C27: Russia | D27: =7+0+25+14 -> 46 | E27: 31 | F27: 10 | H27: =IF(COUNT(D27:G27)=0,"",SUM(D27:G27)) -> 87
A28: KCl powder | B28: 6 | C28: Russia | D28: =7+0+25+14 -> 46 | E28: 32 | F28: 10 | H28: =IF(COUNT(D28:G28)=0,"",SUM(D28:G28)) -> 88
A29: KCl powder | B29: 7 | C29: Russia | D29: =7+0+25+14 -> 46 | E29: 37 | F29: 10 | H29: =IF(COUNT(D29:G29)=0,"",SUM(D29:G29)) -> 93
A30: KCl powder | B30: 8 | C30: Russia | D30: =7+0+25+14 -> 46 | E30: 49 | F30: 10 | H30: =IF(COUNT(D30:G30)=0,"",SUM(D30:G30)) -> 105
A31: KCl powder | B31: 9 | C31: Russia | D31: =7+0+25+14 -> 46 | E31: 40 | F31: 10 | H31: =IF(COUNT(D31:G31)=0,"",SUM(D31:G31)) -> 96
A32: KCl powder | B32: 10 | C32: Russia | D32: =7+0+25+14 -> 46 | E32: 41 | F32: 10 | H32: =IF(COUNT(D32:G32)=0,"",SUM(D32:G32)) -> 97
A33: KCl powder | B33: 11 | C33: Belarusia | D33: =7+0+25+14 -> 46 | E33: 42 | F33: 10 | H33: =IF(COUNT(D33:G33)=0,"",SUM(D33:G33)) -> 98
A34: KCl powder | B34: 12 | C34: Jordan | D34: =7+0+25+14 -> 46 | E34: 27 | F34: 10 | H34: =IF(COUNT(D34:G34)=0,"",SUM(D34:G34)) -> 83
... A71: KCl powder | B71: 49 | C71: Jordan | D71: =7+0+25+14 -> 46 | E71: 25 | F71: 10 | H71: =IF(COUNT(D71:G71)=0,"",SUM(D71:G71)) -> 81
A72: KCl powder | H72: =IF(COUNT(D72:G72)=0,"",SUM(D72:G72))
A73: KCl powder | H73: =IF(COUNT(D73:G73)=0,"",SUM(D73:G73))
A74: KCl powder | H74: =IF(COUNT(D74:G74)=0,"",SUM(D74:G74))
A75: KCl powder | H75: =IF(COUNT(D75:G75)=0,"",SUM(D75:G75))
A76: KCl powder | H76: =IF(COUNT(D76:G76)=0,"",SUM(D76:G76))
A77: KCl powder | H77: =IF(COUNT(D77:G77)=0,"",SUM(D77:G77))
A79: KCl flake | H79: =IF(COUNT(D79:G79)=0,"",SUM(D79:G79))
A80: KCl flake | H80: =IF(COUNT(D80:G80)=0,"",SUM(D80:G80))
A81: KCl flake | H81: =IF(COUNT(D81:G81)=0,"",SUM(D81:G81))
A82: KCl flake | H82: =IF(COUNT(D82:G82)=0,"",SUM(D82:G82))
A83: KCl flake | H83: =IF(COUNT(D83:G83)=0,"",SUM(D83:G83))
A84: KCl flake | H84: =IF(COUNT(D84:G84)=0,"",SUM(D84:G84))
A86: ZA | B86: 1 | D86: =7+0+25+14 -> 46 | E86: 15 | F86: 10 | H86: =IF(COUNT(D86:G86)=0,"",SUM(D86:G86)) -> 71
A87: ZA | B87: 2 | C87: China | D87: =7+0+25+14 -> 46 | E87: 18 | F87: 10 | H87: =IF(COUNT(D87:G87)=0,"",SUM(D87:G87)) -> 74
A88: ZA | B88: 3 | C88: China | D88: =7+0+25+14 -> 46 | E88: 18 | F88: 10 | H88: =IF(COUNT(D88:G88)=0,"",SUM(D88:G88)) -> 74
A89: ZA | B89: 4 | C89: China | D89: =7+0+25+14 -> 46 | E89: 18 | F89: 10 | H89: =IF(COUNT(D89:G89)=0,"",SUM(D89:G89)) -> 74
A90: ZA | B90: 5 | C90: China | D90: =7+0+25+14 -> 46 | E90: 6 | F90: 10 | H90: =IF(COUNT(D90:G90)=0,"",SUM(D90:G90)) -> 62
A91: ZA | B91: 6 | C91: China | D91: =7+0+25+14 -> 46 | E91: 12 | F91: 10 | H91: =IF(COUNT(D91:G91)=0,"",SUM(D91:G91)) -> 68
A92: ZA | B92: 7 | C92: China | D92: =7+0+25+14 -> 46 | E92: 14 | F92: 10 | H92: =IF(COUNT(D92:G92)=0,"",SUM(D92:G92)) -> 70
A93: ZA | B93: 8 | C93: China | D93: =7+0+25+14 -> 46 | E93: 15 | F93: 10 | H93: =IF(COUNT(D93:G93)=0,"",SUM(D93:G93)) -> 71
A94: ZA | B94: 9 | C94: China | D94: =7+0+25+14 -> 46 | E94: 15 | F94: 10 | H94: =IF(COUNT(D94:G94)=0,"",SUM(D94:G94)) -> 71
A95: ZA | B95: 10 | C95: China | D95: =7+0+25+14 -> 46 | E95: 8 | F95: 10 | H95: =IF(COUNT(D95:G95)=0,"",SUM(D95:G95)) -> 64
A96: ZA | B96: 11 | C96: China | D96: =7+0+25+14 -> 46 | E96: 10 | F96: 10 | H96: =IF(COUNT(D96:G96)=0,"",SUM(D96:G96)) -> 66
A97: ZA | B97: 12 | C97: China | D97: =7+0+25+14 -> 46 | E97: 19 | F97: 10 | H97: =IF(COUNT(D97:G97)=0,"",SUM(D97:G97)) -> 75
A98: ZA | B98: 13 | C98: China | D98: =7+0+25+14 -> 46 | E98: 10 | F98: 10 | H98: =IF(COUNT(D98:G98)=0,"",SUM(D98:G98)) -> 66
... A117: ZA | B117: 32 | C117: China | D117: =7+0+25+14 -> 46 | E117: 13 | F117: 10 | H117: =IF(COUNT(D117:G117)=0,"",SUM(D117:G117)) -> 69
A118: ZA | H118: =IF(COUNT(D118:G118)=0,"",SUM(D118:G118))
A119: ZA | H119: =IF(COUNT(D119:G119)=0,"",SUM(D119:G119))
A120: ZA | H120: =IF(COUNT(D120:G120)=0,"",SUM(D120:G120))
A121: ZA | H121: =IF(COUNT(D121:G121)=0,"",SUM(D121:G121))
A122: ZA | H122: =IF(COUNT(D122:G122)=0,"",SUM(D122:G122))
A123: ZA | H123: =IF(COUNT(D123:G123)=0,"",SUM(D123:G123))
A125: Batuan fosfat (RP) | B125: 1 | C125: Aljazair | D125: =7+0+25+14 -> 46 | E125: 43 | F125: 14 | H125: =IF(COUNT(D125:G125)=0,"",SUM(D125:G125)) -> 103
A126: Batuan fosfat (RP) | B126: 2 | C126: Jordan | D126: =7+0+25+14 -> 46 | E126: 23 | F126: 14 | H126: =IF(COUNT(D126:G126)=0,"",SUM(D126:G126)) -> 83
A127: Batuan fosfat (RP) | B127: 3 | C127: Jordan | D127: =7+0+25+14 -> 46 | E127: 23 | F127: 14 | H127: =IF(COUNT(D127:G127)=0,"",SUM(D127:G127)) -> 83
A128: Batuan fosfat (RP) | B128: 4 | C128: Jordan | D128: =7+0+25+14 -> 46 | E128: 23 | F128: 14 | H128: =IF(COUNT(D128:G128)=0,"",SUM(D128:G128)) -> 83
A129: Batuan fosfat (RP) | B129: 5 | C129: Jordan | D129: =7+0+25+14 -> 46 | E129: 23 | F129: 14 | H129: =IF(COUNT(D129:G129)=0,"",SUM(D129:G129)) -> 83
A130: Batuan fosfat (RP) | B130: 6 | C130: Maroco | D130: =7+0+25+14 -> 46 | E130: 23 | F130: 14 | H130: =IF(COUNT(D130:G130)=0,"",SUM(D130:G130)) -> 83
A131: Batuan fosfat (RP) | B131: 7 | C131: Maroco | D131: =7+0+25+14 -> 46 | E131: 23 | F131: 14 | H131: =IF(COUNT(D131:G131)=0,"",SUM(D131:G131)) -> 83
A132: Batuan fosfat (RP) | B132: 8 | C132: Maroco | D132: =7+0+25+14 -> 46 | E132: 23 | F132: 14 | H132: =IF(COUNT(D132:G132)=0,"",SUM(D132:G132)) -> 83
A133: Batuan fosfat (RP) | B133: 9 | C133: Maroco | D133: =7+0+25+14 -> 46 | E133: 23 | F133: 14 | H133: =IF(COUNT(D133:G133)=0,"",SUM(D133:G133)) -> 83
A134: Batuan fosfat (RP) | B134: 10 | C134: Mesir | D134: =7+0+25+14 -> 46 | E134: 23 | F134: 14 | H134: =IF(COUNT(D134:G134)=0,"",SUM(D134:G134)) -> 83
A135: Batuan fosfat (RP) | B135: 11 | C135: Jordan | D135: =7+0+25+14 -> 46 | E135: 23 | F135: 14 | H135: =IF(COUNT(D135:G135)=0,"",SUM(D135:G135)) -> 83
A136: Batuan fosfat (RP) | B136: 12 | C136: Jordan | D136: =7+0+25+14 -> 46 | E136: 23 | F136: 14 | H136: =IF(COUNT(D136:G136)=0,"",SUM(D136:G136)) -> 83
... A165: Batuan fosfat (RP) | B165: 41 | C165: Mesir | D165: =7+0+25+14 -> 46 | E165: 25 | F165: 14 | H165: =IF(COUNT(D165:G165)=0,"",SUM(D165:G165)) -> 85
A166: Batuan fosfat (RP) | H166: =IF(COUNT(D166:G166)=0,"",SUM(D166:G166))
A167: Batuan fosfat (RP) | H167: =IF(COUNT(D167:G167)=0,"",SUM(D167:G167))
A168: Batuan fosfat (RP) | H168: =IF(COUNT(D168:G168)=0,"",SUM(D168:G168))
A169: Batuan fosfat (RP) | H169: =IF(COUNT(D169:G169)=0,"",SUM(D169:G169))
A170: Batuan fosfat (RP) | H170: =IF(COUNT(D170:G170)=0,"",SUM(D170:G170))
A171: Batuan fosfat (RP) | H171: =IF(COUNT(D171:G171)=0,"",SUM(D171:G171))
A173: Asam sulfat (SA) | B173: 1 | C173: South Korea | D173: =7+0+25+7 -> 39 | E173: 15 | F173: 4 | H173: =IF(COUNT(D173:G173)=0,"",SUM(D173:G173)) -> 58
A174: Asam sulfat (SA) | B174: 2 | C174: South Korea | D174: =7+0+25+7 -> 39 | E174: 10 | F174: 4 | H174: =IF(COUNT(D174:G174)=0,"",SUM(D174:G174)) -> 53
A175: Asam sulfat (SA) | B175: 3 | C175: China | D175: =7+0+25+7 -> 39 | E175: 12 | F175: 4 | H175: =IF(COUNT(D175:G175)=0,"",SUM(D175:G175)) -> 55
A176: Asam sulfat (SA) | B176: 4 | C176: South Korea | D176: =7+0+25+7 -> 39 | E176: 12 | F176: 4 | H176: =IF(COUNT(D176:G176)=0,"",SUM(D176:G176)) -> 55
A177: Asam sulfat (SA) | B177: 5 | C177: Taiwan | D177: =7+0+25+7 -> 39 | E177: 8 | F177: 4 | H177: =IF(COUNT(D177:G177)=0,"",SUM(D177:G177)) -> 51
A178: Asam sulfat (SA) | B178: 6 | C178: Philippines | D178: =7+0+25+7 -> 39 | E178: 5 | F178: 4 | H178: =IF(COUNT(D178:G178)=0,"",SUM(D178:G178)) -> 48
A179: Asam sulfat (SA) | B179: 7 | C179: South Korea | D179: =7+0+25+7 -> 39 | E179: 9 | F179: 4 | H179: =IF(COUNT(D179:G179)=0,"",SUM(D179:G179)) -> 52
A180: Asam sulfat (SA) | B180: 8 | C180: South Korea | D180: =7+0+25+7 -> 39 | E180: 10 | F180: 4 | H180: =IF(COUNT(D180:G180)=0,"",SUM(D180:G180)) -> 53
A181: Asam sulfat (SA) | B181: 9 | C181: Jepang | D181: =7+0+25+7 -> 39 | E181: 14 | F181: 4 | H181: =IF(COUNT(D181:G181)=0,"",SUM(D181:G181)) -> 57
A182: Asam sulfat (SA) | B182: 10 | C182: China | D182: =7+0+25+7 -> 39 | E182: 10 | F182: 4 | H182: =IF(COUNT(D182:G182)=0,"",SUM(D182:G182)) -> 53
A183: Asam sulfat (SA) | B183: 11 | C183: South Korea | D183: =7+0+25+7 -> 39 | E183: 17 | F183: 4 | H183: =IF(COUNT(D183:G183)=0,"",SUM(D183:G183)) -> 60
A184: Asam sulfat (SA) | B184: 12 | C184: South Korea | D184: =7+0+25+7 -> 39 | E184: 10 | F184: 4 | H184: =IF(COUNT(D184:G184)=0,"",SUM(D184:G184)) -> 53
... A194: Asam sulfat (SA) | B194: 22 | C194: China | D194: =7+0+25+7 -> 39 | E194: 11 | F194: 4 | H194: =IF(COUNT(D194:G194)=0,"",SUM(D194:G194)) -> 54
A195: Asam sulfat (SA) | H195: =IF(COUNT(D195:G195)=0,"",SUM(D195:G195))
A196: Asam sulfat (SA) | H196: =IF(COUNT(D196:G196)=0,"",SUM(D196:G196))
A197: Asam sulfat (SA) | H197: =IF(COUNT(D197:G197)=0,"",SUM(D197:G197))
...

Sheet Data_CR
A1: Bahan | B1: Bulan ke | C1: CR bulan (t) | D1: CR hari (t) | F1: Sumber: DATA_LEADTIME_BB.xlsx, sheet PKG, kolom Cons. Rate (month). Baris kuning = cadangan bulan baru.
A2: DAP | B2: 1 | C2: 9295.184 | D2: =IF(C2="","",C2/Parameter!$C$8) -> 309.83947
A3: DAP | B3: 2 | C3: 10314.188 | D3: =IF(C3="","",C3/Parameter!$C$8) -> 343.80627
A4: DAP | B4: 3 | C4: 7067.51 | D4: =IF(C4="","",C4/Parameter!$C$8) -> 235.58367
A5: DAP | B5: 4 | C5: 9061.582 | D5: =IF(C5="","",C5/Parameter!$C$8) -> 302.05273
A6: DAP | B6: 5 | C6: 9478.231 | D6: =IF(C6="","",C6/Parameter!$C$8) -> 315.94103
A7: DAP | B7: 6 | C7: 9158.077 | D7: =IF(C7="","",C7/Parameter!$C$8) -> 305.26923
A8: DAP | B8: 7 | C8: 12378.357 | D8: =IF(C8="","",C8/Parameter!$C$8) -> 412.6119
A9: DAP | B9: 8 | C9: 10420.958 | D9: =IF(C9="","",C9/Parameter!$C$8) -> 347.36527
A10: DAP | B10: 9 | C10: 9226.875 | D10: =IF(C10="","",C10/Parameter!$C$8) -> 307.5625
A11: DAP | B11: 10 | C11: 10841.23 | D11: =IF(C11="","",C11/Parameter!$C$8) -> 361.37433
A12: DAP | B12: 11 | C12: 9763.72 | D12: =IF(C12="","",C12/Parameter!$C$8) -> 325.45733
A13: DAP | B13: 12 | C13: 10601.24 | D13: =IF(C13="","",C13/Parameter!$C$8) -> 353.37467
A14: DAP | D14: =IF(C14="","",C14/Parameter!$C$8)
A15: DAP | D15: =IF(C15="","",C15/Parameter!$C$8)
A16: DAP | D16: =IF(C16="","",C16/Parameter!$C$8)
A17: DAP | D17: =IF(C17="","",C17/Parameter!$C$8)
A18: DAP | D18: =IF(C18="","",C18/Parameter!$C$8)
A19: DAP | D19: =IF(C19="","",C19/Parameter!$C$8)
A21: KCl powder | B21: 1 | C21: 55738.541 | D21: =IF(C21="","",C21/Parameter!$C$8) -> 1857.9514
A22: KCl powder | B22: 2 | C22: 58749.507 | D22: =IF(C22="","",C22/Parameter!$C$8) -> 1958.3169
A23: KCl powder | B23: 3 | C23: 55700.005 | D23: =IF(C23="","",C23/Parameter!$C$8) -> 1856.6668
A24: KCl powder | B24: 4 | C24: 50873.094 | D24: =IF(C24="","",C24/Parameter!$C$8) -> 1695.7698
A25: KCl powder | B25: 5 | C25: 45590.83 | D25: =IF(C25="","",C25/Parameter!$C$8) -> 1519.6943
A26: KCl powder | B26: 6 | C26: 57307.233 | D26: =IF(C26="","",C26/Parameter!$C$8) -> 1910.2411
A27: KCl powder | B27: 7 | C27: 61091.025 | D27: =IF(C27="","",C27/Parameter!$C$8) -> 2036.3675
A28: KCl powder | D28: =IF(C28="","",C28/Parameter!$C$8)
A29: KCl powder | D29: =IF(C29="","",C29/Parameter!$C$8)
A30: KCl powder | D30: =IF(C30="","",C30/Parameter!$C$8)
A31: KCl powder | D31: =IF(C31="","",C31/Parameter!$C$8)
A32: KCl powder | D32: =IF(C32="","",C32/Parameter!$C$8)
A33: KCl powder | D33: =IF(C33="","",C33/Parameter!$C$8)
A35: KCl flake | D35: =IF(C35="","",C35/Parameter!$C$8)
A36: KCl flake | D36: =IF(C36="","",C36/Parameter!$C$8)
A37: KCl flake | D37: =IF(C37="","",C37/Parameter!$C$8)
A38: KCl flake | D38: =IF(C38="","",C38/Parameter!$C$8)
A39: KCl flake | D39: =IF(C39="","",C39/Parameter!$C$8)
A40: KCl flake | D40: =IF(C40="","",C40/Parameter!$C$8)
A42: ZA | B42: 1 | C42: 53340.369 | D42: =IF(C42="","",C42/Parameter!$C$8) -> 1778.0123
A43: ZA | B43: 2 | C43: 64190.058 | D43: =IF(C43="","",C43/Parameter!$C$8) -> 2139.6686
A44: ZA | B44: 3 | C44: 66245.253 | D44: =IF(C44="","",C44/Parameter!$C$8) -> 2208.1751
A45: ZA | B45: 4 | C45: 68312.16 | D45: =IF(C45="","",C45/Parameter!$C$8) -> 2277.072
A46: ZA | B46: 5 | C46: 63315.915 | D46: =IF(C46="","",C46/Parameter!$C$8) -> 2110.5305
A47: ZA | B47: 6 | C47: 70444.52 | D47: =IF(C47="","",C47/Parameter!$C$8) -> 2348.1507
A48: ZA | B48: 7 | C48: 75232.84 | D48: =IF(C48="","",C48/Parameter!$C$8) -> 2507.7613
A49: ZA | D49: =IF(C49="","",C49/Parameter!$C$8)
A50: ZA | D50: =IF(C50="","",C50/Parameter!$C$8)
A51: ZA | D51: =IF(C51="","",C51/Parameter!$C$8)
A52: ZA | D52: =IF(C52="","",C52/Parameter!$C$8)
A53: ZA | D53: =IF(C53="","",C53/Parameter!$C$8)
A54: ZA | D54: =IF(C54="","",C54/Parameter!$C$8)
A56: Batuan fosfat (RP) | B56: 1 | C56: 71311.452 | D56: =IF(C56="","",C56/Parameter!$C$8) -> 2377.0484
A57: Batuan fosfat (RP) | B57: 2 | C57: 51135.444 | D57: =IF(C57="","",C57/Parameter!$C$8) -> 1704.5148
A58: Batuan fosfat (RP) | B58: 3 | C58: 50384.733 | D58: =IF(C58="","",C58/Parameter!$C$8) -> 1679.4911
A59: Batuan fosfat (RP) | B59: 4 | C59: 75289.499 | D59: =IF(C59="","",C59/Parameter!$C$8) -> 2509.65
A60: Batuan fosfat (RP) | B60: 5 | C60: 59594.918 | D60: =IF(C60="","",C60/Parameter!$C$8) -> 1986.4973
A61: Batuan fosfat (RP) | B61: 6 | C61: 14859.894 | D61: =IF(C61="","",C61/Parameter!$C$8) -> 495.3298
A62: Batuan fosfat (RP) | B62: 7 | C62: 25099.396 | D62: =IF(C62="","",C62/Parameter!$C$8) -> 836.64653
A63: Batuan fosfat (RP) | B63: 8 | C63: 47951.612 | D63: =IF(C63="","",C63/Parameter!$C$8) -> 1598.3871
A64: Batuan fosfat (RP) | B64: 9 | C64: 81246.188 | D64: =IF(C64="","",C64/Parameter!$C$8) -> 2708.2063
A65: Batuan fosfat (RP) | B65: 10 | C65: 32747.102 | D65: =IF(C65="","",C65/Parameter!$C$8) -> 1091.5701
A66: Batuan fosfat (RP) | B66: 11 | C66: 54045.6 | D66: =IF(C66="","",C66/Parameter!$C$8) -> 1801.52
A67: Batuan fosfat (RP) | B67: 12 | C67: 81465.2 | D67: =IF(C67="","",C67/Parameter!$C$8) -> 2715.5067
A68: Batuan fosfat (RP) | D68: =IF(C68="","",C68/Parameter!$C$8)
A69: Batuan fosfat (RP) | D69: =IF(C69="","",C69/Parameter!$C$8)
A70: Batuan fosfat (RP) | D70: =IF(C70="","",C70/Parameter!$C$8)
A71: Batuan fosfat (RP) | D71: =IF(C71="","",C71/Parameter!$C$8)
A72: Batuan fosfat (RP) | D72: =IF(C72="","",C72/Parameter!$C$8)
A73: Batuan fosfat (RP) | D73: =IF(C73="","",C73/Parameter!$C$8)
A75: Asam sulfat (SA) | B75: 1 | C75: 8955.83 | D75: =IF(C75="","",C75/Parameter!$C$8) -> 298.52767
A76: Asam sulfat (SA) | B76: 2 | C76: 10860.35 | D76: =IF(C76="","",C76/Parameter!$C$8) -> 362.01167
A77: Asam sulfat (SA) | B77: 3 | C77: 12758.644 | D77: =IF(C77="","",C77/Parameter!$C$8) -> 425.28813
A78: Asam sulfat (SA) | B78: 4 | C78: 19349.956 | D78: =IF(C78="","",C78/Parameter!$C$8) -> 644.99853
A79: Asam sulfat (SA) | B79: 5 | C79: 11255.078 | D79: =IF(C79="","",C79/Parameter!$C$8) -> 375.16927
A80: Asam sulfat (SA) | B80: 6 | C80: 23674.975 | D80: =IF(C80="","",C80/Parameter!$C$8) -> 789.16583
A81: Asam sulfat (SA) | B81: 7 | C81: 41353.258 | D81: =IF(C81="","",C81/Parameter!$C$8) -> 1378.4419
A82: Asam sulfat (SA) | B82: 8 | C82: 29977.982 | D82: =IF(C82="","",C82/Parameter!$C$8) -> 999.26607
A83: Asam sulfat (SA) | B83: 9 | C83: 56245.534 | D83: =IF(C83="","",C83/Parameter!$C$8) -> 1874.8511
A84: Asam sulfat (SA) | B84: 10 | C84: 45511.275 | D84: =IF(C84="","",C84/Parameter!$C$8) -> 1517.0425
A85: Asam sulfat (SA) | D85: =IF(C85="","",C85/Parameter!$C$8)
A86: Asam sulfat (SA) | D86: =IF(C86="","",C86/Parameter!$C$8)
A87: Asam sulfat (SA) | D87: =IF(C87="","",C87/Parameter!$C$8)
A88: Asam sulfat (SA) | D88: =IF(C88="","",C88/Parameter!$C$8)
A89: Asam sulfat (SA) | D89: =IF(C89="","",C89/Parameter!$C$8)
A90: Asam sulfat (SA) | D90: =IF(C90="","",C90/Parameter!$C$8)
A92: Asam fosfat (PA) | B92: 1 | C92: 50200.158 | D92: =IF(C92="","",C92/Parameter!$C$8) -> 1673.3386
A93: Asam fosfat (PA) | B93: 2 | C93: 52616.518 | D93: =IF(C93="","",C93/Parameter!$C$8) -> 1753.8839
A94: Asam fosfat (PA) | B94: 3 | C94: 53692.729 | D94: =IF(C94="","",C94/Parameter!$C$8) -> 1789.7576
A95: Asam fosfat (PA) | B95: 4 | C95: 60862.992 | D95: =IF(C95="","",C95/Parameter!$C$8) -> 2028.7664
A96: Asam fosfat (PA) | B96: 5 | C96: 56730.735 | D96: =IF(C96="","",C96/Parameter!$C$8) -> 1891.0245
A97: Asam fosfat (PA) | B97: 6 | C97: 54759.354 | D97: =IF(C97="","",C97/Parameter!$C$8) -> 1825.3118
A98: Asam fosfat (PA) | B98: 7 | C98: 55188.753 | D98: =IF(C98="","",C98/Parameter!$C$8) -> 1839.6251
A99: Asam fosfat (PA) | B99: 8 | C99: 59855.027 | D99: =IF(C99="","",C99/Parameter!$C$8) -> 1995.1676
A100: Asam fosfat (PA) | B100: 9 | C100: 55262.192 | D100: =IF(C100="","",C100/Parameter!$C$8) -> 1842.0731
A101: Asam fosfat (PA) | B101: 10 | C101: 36753.336 | D101: =IF(C101="","",C101/Parameter!$C$8) -> 1225.1112
A102: Asam fosfat (PA) | B102: 11 | C102: 48720.546 | D102: =IF(C102="","",C102/Parameter!$C$8) -> 1624.0182
A103: Asam fosfat (PA) | B103: 12 | C103: 61723.48 | D103: =IF(C103="","",C103/Parameter!$C$8) -> 2057.4493
A104: Asam fosfat (PA) | D104: =IF(C104="","",C104/Parameter!$C$8)
A105: Asam fosfat (PA) | D105: =IF(C105="","",C105/Parameter!$C$8)
A106: Asam fosfat (PA) | D106: =IF(C106="","",C106/Parameter!$C$8)
...
