Workbook

Sheet PANDUAN
A1: Log Kargo & Lead Time Bahan Baku — PT Petrokimia Gresik
A2: Format baru pengganti DATA_LEADTIME_BB (sheet PKG): satu baris = satu kapal/kargo, dengan tanggal aktual setiap tahap.
B4: TUJUAN
C5: Di DATA_LEADTIME_BB, hanya Sailing (S) yang berupa data aktual. Preparation (P) diisi tetap 39/46 hari, Loading (L) tetap per bahan, Congestion (C) kosong. Akibatnya variasi lead time dari tender, laycan, dan antrean dermaga tidak terukur, padahal itu sumber risiko terbesar. Format ini mencatat TANGGAL setiap tahap sehingga P, L, S, C dihitung otomatis dan siap dipakai untuk King's/Monte Carlo.
B6: RANTAI TANGGAL
C7: ① Tender dibuka → ② Kontrak/PO → ③ Mulai muat → ④ Berangkat (ETS) → ⑤ Tiba di Gresik (ETA/NOR) → ⑥ Sandar → ⑦ Selesai bongkar
C8: P1 Tender = ②−① · P2 Persiapan pemasok = ③−② · P Preparation = ③−①
C9: L1 Muat = ④−③ · S Sailing = ⑤−④ · C Antrean/kongesti = ⑥−⑤ · L2 Bongkar = ⑦−⑥
C10: LT total = ⑦−① (= P + L1 + S + C + L2) · Telat laycan = ④ − laycan akhir (positif = berangkat sesudah jendela laycan)
B11: ISI DARI MANA
C12: Sheet Log_Kargo sudah terisi 213 kargo PKG 2022–2024 dari sheet "LT History" (komoditi, pemasok, kapal, pelabuhan, kuantum B/L, laycan, ETS, ETA, status). Laycan berupa teks (mis. "22-24 Juni 23") sudah diurai menjadi laycan awal & akhir; teks aslinya tetap di kolom "Laycan (teks asli)" untuk dicek.
C13: Yang MASIH PERLU DIISI tim: ① Tender dibuka, ② Kontrak/PO, ③ Mulai muat, ⑥ Sandar, ⑦ Selesai bongkar, kuantum kontrak, penyebab terlambat. Sumber: dokumen pengadaan (PR/RFQ/kontrak), SOF (Statement of Facts) kapal, laporan bongkar pelabuhan.
C14: Kargo baru (2025 dst.) ditambahkan di baris kosong berikutnya; rumus sudah tersedia sampai baris 1004.
B15: KODE WARNA
C16: Kuning = sel isian. Abu-abu = rumus (jangan diketik). Kolom "Cek" memberi tanda bila urutan tanggal tidak wajar.
B17: SHEET
C18: Log_Kargo — data utama per kargo (inilah masukan Monte Carlo).
C19: Data_CR — konsumsi aktual per bulan per bahan (isi dari laporan pemakaian bahan baku).
C20: Statistik — n, rata-rata, maks, simpangan baku, persentil 90 tiap komponen per bahan + status kesiapan Monte Carlo.
C21: Data_Lama — salinan apa adanya DATA_LEADTIME_BB sheet PKG (durasi P/S/L/C & konsumsi) sebagai pembanding.
B22: CATATAN
C23: Nama komoditi diseragamkan ke kolom Bahan (mis. "KCL 1 st", "Buyer Option" → KCL; "DAP 64 2nd" → DAP; "RP MG/HG" → RP). MAP dan SN (natrium nitrat, kontainer) masuk LAINNYA. Spesifikasi asli tetap di kolom Komoditi.
C24: ETS/ETA di LT History dianggap tanggal aktual bila status Selesai. Untuk kargo berstatus Nominasi kapal / Dalam pelayaran, tanggal tersebut masih rencana — perbarui setelah kargo selesai.
C25: Simpangan baku konsumsi harian di Statistik = simpangan baku bulanan ÷ √30 (bukan ÷ 30 seperti di file lama), dengan asumsi konsumsi antar hari saling bebas. Untuk perhitungan SS, lebih aman memakai satuan bulanan langsung.
B26: RINGKASAN OTOMATIS
B27: Jumlah kargo tercatat | C27: =COUNTA(Log_Kargo!B5:B1004) -> 213
B28: Kargo dengan tanggal berangkat & tiba (S aktual) | C28: =SUMPRODUCT((Log_Kargo!B5:B1004<>"")*ISNUMBER(Log_Kargo!Q5:Q1004)*ISNUMBER(Log_Kargo!R5:R1004)) -> 168
B29: Kargo dengan tanggal tender & mulai muat (P aktual) | C29: =SUMPRODUCT((Log_Kargo!B5:B1004<>"")*ISNUMBER(Log_Kargo!AC5:AC1004)) -> 0
B30: Kargo dengan rantai lengkap 7/7 | C30: =COUNTIF(Log_Kargo!AJ5:AJ1004,"7/7") -> 0
B31: Baris dengan tanda di kolom Cek | C31: =SUMPRODUCT((Log_Kargo!B5:B1004<>"")*(Log_Kargo!AK5:AK1004<>"OK")) -> 16

Sheet Log_Kargo
A1: Log Kargo Bahan Baku PKG
A2: Satu baris = satu kargo. Kuning = isian · abu-abu = rumus · baris 5–1004.
A3: IDENTITAS KARGO | L3: TANGGAL (isi tanggal aktual) | U3: KETERANGAN | AA3: DURASI (hari) — otomatis
A4: No | B4: Bahan | C4: Komoditi / spesifikasi | D4: Tahun | E4: Negara asal | F4: Pelabuhan muat | G4: Pelabuhan bongkar | H4: Pemasok | I4: Kapal | J4: Kuantum kontrak (t) | K4: Kuantum B/L aktual (t) | L4: ① Tender dibuka | M4: ② Kontrak / PO | N4: Laycan awal (rencana) | O4: Laycan akhir (rencana) | P4: ③ Mulai muat | Q4: ④ Berangkat (ETS aktual) | R4: ⑤ Tiba Gresik (ETA / NOR) | S4: ⑥ Sandar | T4: ⑦ Selesai bongkar | U4: Status | V4: Penyebab terlambat | W4: Catatan | X4: Laycan (teks asli) | Y4: Sailing tercatat (hari) | Z4: Sumber data | AA4: P1 Tender (②−①) | AB4: P2 Persiapan (③−②) | AC4: P Preparation (③−①) | AD4: L1 Muat (④−③) | AE4: S Sailing (⑤−④) | AF4: C Antrean (⑥−⑤) | AG4: L2 Bongkar (⑦−⑥) | AH4: LT total (⑦−①) | AI4: Telat laycan (④−laycan akhir) | AJ4: Kelengkapan tanggal | AK4: Cek
A5: =IF(B5="","",ROW()-4) -> 1 | B5: KCL | C5: KCL 1st | D5: 2022 | E5: Kanada | F5: Vancouver,Canada | G5: PKG Port , Gresik | H5: K+S Minerals and Agriculture GmbH | I5: MV Federal Illinois | K5: 27500 | U5: Selesai | Y5: 28 | Z5: LT History 2022–2024 | AA5: =IF(AND(ISNUMBER(L5),ISNUMBER(M5)),M5-L5,"") | AB5: =IF(AND(ISNUMBER(M5),ISNUMBER(P5)),P5-M5,"") | AC5: =IF(AND(ISNUMBER(L5),ISNUMBER(P5)),P5-L5,"") | AD5: =IF(AND(ISNUMBER(P5),ISNUMBER(Q5)),Q5-P5,"") | AE5: =IF(AND(ISNUMBER(Q5),ISNUMBER(R5)),R5-Q5,IF(ISNUMBER(Y5),Y5,"")) -> 28 | AF5: =IF(AND(ISNUMBER(R5),ISNUMBER(S5)),S5-R5,"") | AG5: =IF(AND(ISNUMBER(S5),ISNUMBER(T5)),T5-S5,"") | AH5: =IF(AND(ISNUMBER(L5),ISNUMBER(T5)),T5-L5,"") | AI5: =IF(AND(ISNUMBER(O5),ISNUMBER(Q5)),Q5-O5,"") | AJ5: =IF(B5="","",COUNT(L5:M5,P5:T5)&"/7") -> 0/7 | AK5: =IF(B5="","",IF(OR(AND(ISNUMBER(L5),ISNUMBER(M5),M5<L5),AND(ISNUMBER(M5),ISNUMBER(P5),P5<M5),AND(ISNUMBER(P5),ISNUMBER(Q5),Q5<P5),AND(ISNUMBER(Q5),ISNUMBER(R5),R5<Q5),AND(ISNUMBER(R5),ISNUMBER(S5),S5<R5),AND(ISNUMBER(S5),ISNUMBER(T5),T5<S5),AND(ISNUMBER(N5),ISNUMBER(O5),O5<N5)),"Urutan tanggal salah",IF(AND(ISNUMBER(Q5),ISNUMBER(R5),ISNUMBER(Y5),ABS(R5-Q5-Y5)>2),"S tanggal ≠ Sailing tercatat",IF(AND(ISNUMBER(Q5),ISNUMBER(O5),ABS(Q5-O5)>60),"Cek tahun laycan",IF(AND(ISNUMBER(Q5),ISNUMBER(N5),Q5<N5),"Berangkat sebelum laycan",IF(NOT(ISNUMBER(AE5)),"S belum ada","OK")))))) -> OK
A6: =IF(B6="","",ROW()-4) -> 2 | B6: KCL | C6: KCL 2nd | D6: 2022 | E6: Kanada | F6: Vancouver,Canada | G6: PKG Port , Gresik | H6: K+S Minerals and Agriculture GmbH | I6: MV Star Gaia | K6: 26510 | N6: 44674 | O6: 44674 | Q6: 44675 | R6: 44703 | U6: Selesai | Y6: 28 | Z6: LT History 2022–2024 | AA6: =IF(AND(ISNUMBER(L6),ISNUMBER(M6)),M6-L6,"") | AB6: =IF(AND(ISNUMBER(M6),ISNUMBER(P6)),P6-M6,"") | AC6: =IF(AND(ISNUMBER(L6),ISNUMBER(P6)),P6-L6,"") | AD6: =IF(AND(ISNUMBER(P6),ISNUMBER(Q6)),Q6-P6,"") | AE6: =IF(AND(ISNUMBER(Q6),ISNUMBER(R6)),R6-Q6,IF(ISNUMBER(Y6),Y6,"")) -> 28 | AF6: =IF(AND(ISNUMBER(R6),ISNUMBER(S6)),S6-R6,"") | AG6: =IF(AND(ISNUMBER(S6),ISNUMBER(T6)),T6-S6,"") | AH6: =IF(AND(ISNUMBER(L6),ISNUMBER(T6)),T6-L6,"") | AI6: =IF(AND(ISNUMBER(O6),ISNUMBER(Q6)),Q6-O6,"") -> 1 | AJ6: =IF(B6="","",COUNT(L6:M6,P6:T6)&"/7") -> 2/7 | AK6: =IF(B6="","",IF(OR(AND(ISNUMBER(L6),ISNUMBER(M6),M6<L6),AND(ISNUMBER(M6),ISNUMBER(P6),P6<M6),AND(ISNUMBER(P6),ISNUMBER(Q6),Q6<P6),AND(ISNUMBER(Q6),ISNUMBER(R6),R6<Q6),AND(ISNUMBER(R6),ISNUMBER(S6),S6<R6),AND(ISNUMBER(S6),ISNUMBER(T6),T6<S6),AND(ISNUMBER(N6),ISNUMBER(O6),O6<N6)),"Urutan tanggal salah",IF(AND(ISNUMBER(Q6),ISNUMBER(R6),ISNUMBER(Y6),ABS(R6-Q6-Y6)>2),"S tanggal ≠ Sailing tercatat",IF(AND(ISNUMBER(Q6),ISNUMBER(O6),ABS(Q6-O6)>60),"Cek tahun laycan",IF(AND(ISNUMBER(Q6),ISNUMBER(N6),Q6<N6),"Berangkat sebelum laycan",IF(NOT(ISNUMBER(AE6)),"S belum ada","OK")))))) -> OK
A7: =IF(B7="","",ROW()-4) -> 3 | B7: KCL | C7: KCL 1st | D7: 2022 | E7: Kanada | F7: Vancouver,Canada | G7: PKG Port , Gresik | H7: Aastar/Canpotex | I7: MV Theresa Grace | K7: 27500 | U7: Selesai | Y7: 28 | Z7: LT History 2022–2024 | AA7: =IF(AND(ISNUMBER(L7),ISNUMBER(M7)),M7-L7,"") | AB7: =IF(AND(ISNUMBER(M7),ISNUMBER(P7)),P7-M7,"") | AC7: =IF(AND(ISNUMBER(L7),ISNUMBER(P7)),P7-L7,"") | AD7: =IF(AND(ISNUMBER(P7),ISNUMBER(Q7)),Q7-P7,"") | AE7: =IF(AND(ISNUMBER(Q7),ISNUMBER(R7)),R7-Q7,IF(ISNUMBER(Y7),Y7,"")) -> 28 | AF7: =IF(AND(ISNUMBER(R7),ISNUMBER(S7)),S7-R7,"") | AG7: =IF(AND(ISNUMBER(S7),ISNUMBER(T7)),T7-S7,"") | AH7: =IF(AND(ISNUMBER(L7),ISNUMBER(T7)),T7-L7,"") | AI7: =IF(AND(ISNUMBER(O7),ISNUMBER(Q7)),Q7-O7,"") | AJ7: =IF(B7="","",COUNT(L7:M7,P7:T7)&"/7") -> 0/7 | AK7: =IF(B7="","",IF(OR(AND(ISNUMBER(L7),ISNUMBER(M7),M7<L7),AND(ISNUMBER(M7),ISNUMBER(P7),P7<M7),AND(ISNUMBER(P7),ISNUMBER(Q7),Q7<P7),AND(ISNUMBER(Q7),ISNUMBER(R7),R7<Q7),AND(ISNUMBER(R7),ISNUMBER(S7),S7<R7),AND(ISNUMBER(S7),ISNUMBER(T7),T7<S7),AND(ISNUMBER(N7),ISNUMBER(O7),O7<N7)),"Urutan tanggal salah",IF(AND(ISNUMBER(Q7),ISNUMBER(R7),ISNUMBER(Y7),ABS(R7-Q7-Y7)>2),"S tanggal ≠ Sailing tercatat",IF(AND(ISNUMBER(Q7),ISNUMBER(O7),ABS(Q7-O7)>60),"Cek tahun laycan",IF(AND(ISNUMBER(Q7),ISNUMBER(N7),Q7<N7),"Berangkat sebelum laycan",IF(NOT(ISNUMBER(AE7)),"S belum ada","OK")))))) -> OK
A8: =IF(B8="","",ROW()-4) -> 4 | B8: KCL | C8: KCL 2nd | D8: 2022 | E8: Kanada | F8: Vancouver,Canada | G8: PKG Port , Gresik | H8: Aastar/Canpotex | I8: MV Port Vera Cruz | K8: 27500 | U8: Selesai | Y8: 28 | Z8: LT History 2022–2024 | AA8: =IF(AND(ISNUMBER(L8),ISNUMBER(M8)),M8-L8,"") | AB8: =IF(AND(ISNUMBER(M8),ISNUMBER(P8)),P8-M8,"") | AC8: =IF(AND(ISNUMBER(L8),ISNUMBER(P8)),P8-L8,"") | AD8: =IF(AND(ISNUMBER(P8),ISNUMBER(Q8)),Q8-P8,"") | AE8: =IF(AND(ISNUMBER(Q8),ISNUMBER(R8)),R8-Q8,IF(ISNUMBER(Y8),Y8,"")) -> 28 | AF8: =IF(AND(ISNUMBER(R8),ISNUMBER(S8)),S8-R8,"") | AG8: =IF(AND(ISNUMBER(S8),ISNUMBER(T8)),T8-S8,"") | AH8: =IF(AND(ISNUMBER(L8),ISNUMBER(T8)),T8-L8,"") | AI8: =IF(AND(ISNUMBER(O8),ISNUMBER(Q8)),Q8-O8,"") | AJ8: =IF(B8="","",COUNT(L8:M8,P8:T8)&"/7") -> 0/7 | AK8: =IF(B8="","",IF(OR(AND(ISNUMBER(L8),ISNUMBER(M8),M8<L8),AND(ISNUMBER(M8),ISNUMBER(P8),P8<M8),AND(ISNUMBER(P8),ISNUMBER(Q8),Q8<P8),AND(ISNUMBER(Q8),ISNUMBER(R8),R8<Q8),AND(ISNUMBER(R8),ISNUMBER(S8),S8<R8),AND(ISNUMBER(S8),ISNUMBER(T8),T8<S8),AND(ISNUMBER(N8),ISNUMBER(O8),O8<N8)),"Urutan tanggal salah",IF(AND(ISNUMBER(Q8),ISNUMBER(R8),ISNUMBER(Y8),ABS(R8-Q8-Y8)>2),"S tanggal ≠ Sailing tercatat",IF(AND(ISNUMBER(Q8),ISNUMBER(O8),ABS(Q8-O8)>60),"Cek tahun laycan",IF(AND(ISNUMBER(Q8),ISNUMBER(N8),Q8<N8),"Berangkat sebelum laycan",IF(NOT(ISNUMBER(AE8)),"S belum ada","OK")))))) -> OK
A9: =IF(B9="","",ROW()-4) -> 5 | B9: KCL | C9: KCL 3rd | D9: 2022 | E9: Kanada | F9: Vancouver,Canada | G9: PKG Port , Gresik | H9: Aastar/Canpotex | I9: MV HSL Mexico | K9: 27146 | U9: Selesai | Y9: 28 | Z9: LT History 2022–2024 | AA9: =IF(AND(ISNUMBER(L9),ISNUMBER(M9)),M9-L9,"") | AB9: =IF(AND(ISNUMBER(M9),ISNUMBER(P9)),P9-M9,"") | AC9: =IF(AND(ISNUMBER(L9),ISNUMBER(P9)),P9-L9,"") | AD9: =IF(AND(ISNUMBER(P9),ISNUMBER(Q9)),Q9-P9,"") | AE9: =IF(AND(ISNUMBER(Q9),ISNUMBER(R9)),R9-Q9,IF(ISNUMBER(Y9),Y9,"")) -> 28 | AF9: =IF(AND(ISNUMBER(R9),ISNUMBER(S9)),S9-R9,"") | AG9: =IF(AND(ISNUMBER(S9),ISNUMBER(T9)),T9-S9,"") | AH9: =IF(AND(ISNUMBER(L9),ISNUMBER(T9)),T9-L9,"") | AI9: =IF(AND(ISNUMBER(O9),ISNUMBER(Q9)),Q9-O9,"") | AJ9: =IF(B9="","",COUNT(L9:M9,P9:T9)&"/7") -> 0/7 | AK9: =IF(B9="","",IF(OR(AND(ISNUMBER(L9),ISNUMBER(M9),M9<L9),AND(ISNUMBER(M9),ISNUMBER(P9),P9<M9),AND(ISNUMBER(P9),ISNUMBER(Q9),Q9<P9),AND(ISNUMBER(Q9),ISNUMBER(R9),R9<Q9),AND(ISNUMBER(R9),ISNUMBER(S9),S9<R9),AND(ISNUMBER(S9),ISNUMBER(T9),T9<S9),AND(ISNUMBER(N9),ISNUMBER(O9),O9<N9)),"Urutan tanggal salah",IF(AND(ISNUMBER(Q9),ISNUMBER(R9),ISNUMBER(Y9),ABS(R9-Q9-Y9)>2),"S tanggal ≠ Sailing tercatat",IF(AND(ISNUMBER(Q9),ISNUMBER(O9),ABS(Q9-O9)>60),"Cek tahun laycan",IF(AND(ISNUMBER(Q9),ISNUMBER(N9),Q9<N9),"Berangkat sebelum laycan",IF(NOT(ISNUMBER(AE9)),"S belum ada","OK")))))) -> OK
A10: =IF(B10="","",ROW()-4) -> 6 | B10: KCL | C10: KCL | D10: 2022 | E10: Russia | F10: Novorossiysk, Russia | G10: PKG Port , Gresik | H10: Eurochem Trading Middle East DMCC | I10: MV GM Legend | K10: 27533 | U10: Selesai | Y10: 28 | Z10: LT History 2022–2024 | AA10: =IF(AND(ISNUMBER(L10),ISNUMBER(M10)),M10-L10,"") | AB10: =IF(AND(ISNUMBER(M10),ISNUMBER(P10)),P10-M10,"") | AC10: =IF(AND(ISNUMBER(L10),ISNUMBER(P10)),P10-L10,"") | AD10: =IF(AND(ISNUMBER(P10),ISNUMBER(Q10)),Q10-P10,"") | AE10: =IF(AND(ISNUMBER(Q10),ISNUMBER(R10)),R10-Q10,IF(ISNUMBER(Y10),Y10,"")) -> 28 | AF10: =IF(AND(ISNUMBER(R10),ISNUMBER(S10)),S10-R10,"") | AG10: =IF(AND(ISNUMBER(S10),ISNUMBER(T10)),T10-S10,"") | AH10: =IF(AND(ISNUMBER(L10),ISNUMBER(T10)),T10-L10,"") | AI10: =IF(AND(ISNUMBER(O10),ISNUMBER(Q10)),Q10-O10,"") | AJ10: =IF(B10="","",COUNT(L10:M10,P10:T10)&"/7") -> 0/7 | AK10: =IF(B10="","",IF(OR(AND(ISNUMBER(L10),ISNUMBER(M10),M10<L10),AND(ISNUMBER(M10),ISNUMBER(P10),P10<M10),AND(ISNUMBER(P10),ISNUMBER(Q10),Q10<P10),AND(ISNUMBER(Q10),ISNUMBER(R10),R10<Q10),AND(ISNUMBER(R10),ISNUMBER(S10),S10<R10),AND(ISNUMBER(S10),ISNUMBER(T10),T10<S10),AND(ISNUMBER(N10),ISNUMBER(O10),O10<N10)),"Urutan tanggal salah",IF(AND(ISNUMBER(Q10),ISNUMBER(R10),ISNUMBER(Y10),ABS(R10-Q10-Y10)>2),"S tanggal ≠ Sailing tercatat",IF(AND(ISNUMBER(Q10),ISNUMBER(O10),ABS(Q10-O10)>60),"Cek tahun laycan",IF(AND(ISNUMBER(Q10),ISNUMBER(N10),Q10<N10),"Berangkat sebelum laycan",IF(NOT(ISNUMBER(AE10)),"S belum ada","OK")))))) -> OK
A11: =IF(B11="","",ROW()-4) -> 7 | B11: KCL | C11: KCL 1st | D11: 2022 | E11: Jordan | F11: Aqaba, Jordan | G11: PKG Port , Gresik | H11: APC | I11: MV Golden Bright | K11: 23500 | U11: Selesai | Y11: 28 | Z11: LT History 2022–2024 | AA11: =IF(AND(ISNUMBER(L11),ISNUMBER(M11)),M11-L11,"") | AB11: =IF(AND(ISNUMBER(M11),ISNUMBER(P11)),P11-M11,"") | AC11: =IF(AND(ISNUMBER(L11),ISNUMBER(P11)),P11-L11,"") | AD11: =IF(AND(ISNUMBER(P11),ISNUMBER(Q11)),Q11-P11,"") | AE11: =IF(AND(ISNUMBER(Q11),ISNUMBER(R11)),R11-Q11,IF(ISNUMBER(Y11),Y11,"")) -> 28 | AF11: =IF(AND(ISNUMBER(R11),ISNUMBER(S11)),S11-R11,"") | AG11: =IF(AND(ISNUMBER(S11),ISNUMBER(T11)),T11-S11,"") | AH11: =IF(AND(ISNUMBER(L11),ISNUMBER(T11)),T11-L11,"") | AI11: =IF(AND(ISNUMBER(O11),ISNUMBER(Q11)),Q11-O11,"") | AJ11: =IF(B11="","",COUNT(L11:M11,P11:T11)&"/7") -> 0/7 | AK11: =IF(B11="","",IF(OR(AND(ISNUMBER(L11),ISNUMBER(M11),M11<L11),AND(ISNUMBER(M11),ISNUMBER(P11),P11<M11),AND(ISNUMBER(P11),ISNUMBER(Q11),Q11<P11),AND(ISNUMBER(Q11),ISNUMBER(R11),R11<Q11),AND(ISNUMBER(R11),ISNUMBER(S11),S11<R11),AND(ISNUMBER(S11),ISNUMBER(T11),T11<S11),AND(ISNUMBER(N11),ISNUMBER(O11),O11<N11)),"Urutan tanggal salah",IF(AND(ISNUMBER(Q11),ISNUMBER(R11),ISNUMBER(Y11),ABS(R11-Q11-Y11)>2),"S tanggal ≠ Sailing tercatat",IF(AND(ISNUMBER(Q11),ISNUMBER(O11),ABS(Q11-O11)>60),"Cek tahun laycan",IF(AND(ISNUMBER(Q11),ISNUMBER(N11),Q11<N11),"Berangkat sebelum laycan",IF(NOT(ISNUMBER(AE11)),"S belum ada","OK")))))) -> OK
A12: =IF(B12="","",ROW()-4) -> 8 | B12: KCL | C12: KCL | D12: 2022 | E12: Laos | F12: Vung Ang,Vietnam | G12: PKG Port , Gresik | H12: Lao Kaiyuan | I12: MV Hong Linh 1 | K12: 11000 | N12: 44723 | O12: 44723 | Q12: 44724 | R12: 44731 | U12: Selesai | Y12: 7 | Z12: LT History 2022–2024 | AA12: =IF(AND(ISNUMBER(L12),ISNUMBER(M12)),M12-L12,"") | AB12: =IF(AND(ISNUMBER(M12),ISNUMBER(P12)),P12-M12,"") | AC12: =IF(AND(ISNUMBER(L12),ISNUMBER(P12)),P12-L12,"") | AD12: =IF(AND(ISNUMBER(P12),ISNUMBER(Q12)),Q12-P12,"") | AE12: =IF(AND(ISNUMBER(Q12),ISNUMBER(R12)),R12-Q12,IF(ISNUMBER(Y12),Y12,"")) -> 7 | AF12: =IF(AND(ISNUMBER(R12),ISNUMBER(S12)),S12-R12,"") | AG12: =IF(AND(ISNUMBER(S12),ISNUMBER(T12)),T12-S12,"") | AH12: =IF(AND(ISNUMBER(L12),ISNUMBER(T12)),T12-L12,"") | AI12: =IF(AND(ISNUMBER(O12),ISNUMBER(Q12)),Q12-O12,"") -> 1 | AJ12: =IF(B12="","",COUNT(L12:M12,P12:T12)&"/7") -> 2/7 | AK12: =IF(B12="","",IF(OR(AND(ISNUMBER(L12),ISNUMBER(M12),M12<L12),AND(ISNUMBER(M12),ISNUMBER(P12),P12<M12),AND(ISNUMBER(P12),ISNUMBER(Q12),Q12<P12),AND(ISNUMBER(Q12),ISNUMBER(R12),R12<Q12),AND(ISNUMBER(R12),ISNUMBER(S12),S12<R12),AND(ISNUMBER(S12),ISNUMBER(T12),T12<S12),AND(ISNUMBER(N12),ISNUMBER(O12),O12<N12)),"Urutan tanggal salah",IF(AND(ISNUMBER(Q12),ISNUMBER(R12),ISNUMBER(Y12),ABS(R12-Q12-Y12)>2),"S tanggal ≠ Sailing tercatat",IF(AND(ISNUMBER(Q12),ISNUMBER(O12),ABS(Q12-O12)>60),"Cek tahun laycan",IF(AND(ISNUMBER(Q12),ISNUMBER(N12),Q12<N12),"Berangkat sebelum laycan",IF(NOT(ISNUMBER(AE12)),"S belum ada","OK")))))) -> OK
A13: =IF(B13="","",ROW()-4) -> 9 | B13: KCL | C13: KCL 1st | D13: 2022 | E13: Jordan | F13: Aqaba, Jordan | G13: PKG Port , Gresik | H13: APC | I13: MV Andean | K13: 25000 | N13: 44738 | O13: 44738 | Q13: 44743 | R13: 44761 | U13: Selesai | Y13: 18 | Z13: LT History 2022–2024 | AA13: =IF(AND(ISNUMBER(L13),ISNUMBER(M13)),M13-L13,"") | AB13: =IF(AND(ISNUMBER(M13),ISNUMBER(P13)),P13-M13,"") | AC13: =IF(AND(ISNUMBER(L13),ISNUMBER(P13)),P13-L13,"") | AD13: =IF(AND(ISNUMBER(P13),ISNUMBER(Q13)),Q13-P13,"") | AE13: =IF(AND(ISNUMBER(Q13),ISNUMBER(R13)),R13-Q13,IF(ISNUMBER(Y13),Y13,"")) -> 18 | AF13: =IF(AND(ISNUMBER(R13),ISNUMBER(S13)),S13-R13,"") | AG13: =IF(AND(ISNUMBER(S13),ISNUMBER(T13)),T13-S13,"") | AH13: =IF(AND(ISNUMBER(L13),ISNUMBER(T13)),T13-L13,"") | AI13: =IF(AND(ISNUMBER(O13),ISNUMBER(Q13)),Q13-O13,"") -> 5 | AJ13: =IF(B13="","",COUNT(L13:M13,P13:T13)&"/7") -> 2/7 | AK13: =IF(B13="","",IF(OR(AND(ISNUMBER(L13),ISNUMBER(M13),M13<L13),AND(ISNUMBER(M13),ISNUMBER(P13),P13<M13),AND(ISNUMBER(P13),ISNUMBER(Q13),Q13<P13),AND(ISNUMBER(Q13),ISNUMBER(R13),R13<Q13),AND(ISNUMBER(R13),ISNUMBER(S13),S13<R13),AND(ISNUMBER(S13),ISNUMBER(T13),T13<S13),AND(ISNUMBER(N13),ISNUMBER(O13),O13<N13)),"Urutan tanggal salah",IF(AND(ISNUMBER(Q13),ISNUMBER(R13),ISNUMBER(Y13),ABS(R13-Q13-Y13)>2),"S tanggal ≠ Sailing tercatat",IF(AND(ISNUMBER(Q13),ISNUMBER(O13),ABS(Q13-O13)>60),"Cek tahun laycan",IF(AND(ISNUMBER(Q13),ISNUMBER(N13),Q13<N13),"Berangkat sebelum laycan",IF(NOT(ISNUMBER(AE13)),"S belum ada","OK")))))) -> OK
A14: =IF(B14="","",ROW()-4) -> 10 | B14: KCL | C14: KCL 2nd | D14: 2022 | E14: Jordan | F14: Aqaba, Jordan | G14: PKG Port , Gresik | H14: APC/ Clementcorp | I14: MV. TEAM FOCUS | K14: 25000 | N14: 44828 | O14: 44828 | Q14: 44831 | R14: 44853 | U14: Selesai | Y14: 22 | Z14: LT History 2022–2024 | AA14: =IF(AND(ISNUMBER(L14),ISNUMBER(M14)),M14-L14,"") | AB14: =IF(AND(ISNUMBER(M14),ISNUMBER(P14)),P14-M14,"") | AC14: =IF(AND(ISNUMBER(L14),ISNUMBER(P14)),P14-L14,"") | AD14: =IF(AND(ISNUMBER(P14),ISNUMBER(Q14)),Q14-P14,"") | AE14: =IF(AND(ISNUMBER(Q14),ISNUMBER(R14)),R14-Q14,IF(ISNUMBER(Y14),Y14,"")) -> 22 | AF14: =IF(AND(ISNUMBER(R14),ISNUMBER(S14)),S14-R14,"") | AG14: =IF(AND(ISNUMBER(S14),ISNUMBER(T14)),T14-S14,"") | AH14: =IF(AND(ISNUMBER(L14),ISNUMBER(T14)),T14-L14,"") | AI14: =IF(AND(ISNUMBER(O14),ISNUMBER(Q14)),Q14-O14,"") -> 3 | AJ14: =IF(B14="","",COUNT(L14:M14,P14:T14)&"/7") -> 2/7 | AK14: =IF(B14="","",IF(OR(AND(ISNUMBER(L14),ISNUMBER(M14),M14<L14),AND(ISNUMBER(M14),ISNUMBER(P14),P14<M14),AND(ISNUMBER(P14),ISNUMBER(Q14),Q14<P14),AND(ISNUMBER(Q14),ISNUMBER(R14),R14<Q14),AND(ISNUMBER(R14),ISNUMBER(S14),S14<R14),AND(ISNUMBER(S14),ISNUMBER(T14),T14<S14),AND(ISNUMBER(N14),ISNUMBER(O14),O14<N14)),"Urutan tanggal salah",IF(AND(ISNUMBER(Q14),ISNUMBER(R14),ISNUMBER(Y14),ABS(R14-Q14-Y14)>2),"S tanggal ≠ Sailing tercatat",IF(AND(ISNUMBER(Q14),ISNUMBER(O14),ABS(Q14-O14)>60),"Cek tahun laycan",IF(AND(ISNUMBER(Q14),ISNUMBER(N14),Q14<N14),"Berangkat sebelum laycan",IF(NOT(ISNUMBER(AE14)),"S belum ada","OK")))))) -> OK
A15: =IF(B15="","",ROW()-4) -> 11 | B15: KCL | C15: KCL | D15: 2022 | E15: Laos | F15: Vung Ang,Vietnam | G15: PKG Port , Gresik | H15: Sino Agri | I15: MV Lucky Star | K15: 21000 | N15: 44754 | O15: 44754 | Q15: 44754 | R15: 44761 | U15: Selesai | Y15: 7 | Z15: LT History 2022–2024 | AA15: =IF(AND(ISNUMBER(L15),ISNUMBER(M15)),M15-L15,"") | AB15: =IF(AND(ISNUMBER(M15),ISNUMBER(P15)),P15-M15,"") | AC15: =IF(AND(ISNUMBER(L15),ISNUMBER(P15)),P15-L15,"") | AD15: =IF(AND(ISNUMBER(P15),ISNUMBER(Q15)),Q15-P15,"") | AE15: =IF(AND(ISNUMBER(Q15),ISNUMBER(R15)),R15-Q15,IF(ISNUMBER(Y15),Y15,"")) -> 7 | AF15: =IF(AND(ISNUMBER(R15),ISNUMBER(S15)),S15-R15,"") | AG15: =IF(AND(ISNUMBER(S15),ISNUMBER(T15)),T15-S15,"") | AH15: =IF(AND(ISNUMBER(L15),ISNUMBER(T15)),T15-L15,"") | AI15: =IF(AND(ISNUMBER(O15),ISNUMBER(Q15)),Q15-O15,"") -> 0 | AJ15: =IF(B15="","",COUNT(L15:M15,P15:T15)&"/7") -> 2/7 | AK15: =IF(B15="","",IF(OR(AND(ISNUMBER(L15),ISNUMBER(M15),M15<L15),AND(ISNUMBER(M15),ISNUMBER(P15),P15<M15),AND(ISNUMBER(P15),ISNUMBER(Q15),Q15<P15),AND(ISNUMBER(Q15),ISNUMBER(R15),R15<Q15),AND(ISNUMBER(R15),ISNUMBER(S15),S15<R15),AND(ISNUMBER(S15),ISNUMBER(T15),T15<S15),AND(ISNUMBER(N15),ISNUMBER(O15),O15<N15)),"Urutan tanggal salah",IF(AND(ISNUMBER(Q15),ISNUMBER(R15),ISNUMBER(Y15),ABS(R15-Q15-Y15)>2),"S tanggal ≠ Sailing tercatat",IF(AND(ISNUMBER(Q15),ISNUMBER(O15),ABS(Q15-O15)>60),"Cek tahun laycan",IF(AND(ISNUMBER(Q15),ISNUMBER(N15),Q15<N15),"Berangkat sebelum laycan",IF(NOT(ISNUMBER(AE15)),"S belum ada","OK")))))) -> OK
A16: =IF(B16="","",ROW()-4) -> 12 | B16: KCL | C16: KCL 1st | D16: 2022 | E16: Russia | F16: Novorossiysk, Russia | G16: PKG Port , Gresik | H16: Eurochem Trading Middle East DMCC | I16: MV ABK Tiger | K16: 27365 | N16: 44707 | O16: 44707 | Q16: 44713 | R16: 44744 | U16: Selesai | X16: 26-Mei-2022 | Y16: 31 | Z16: LT History 2022–2024 | AA16: =IF(AND(ISNUMBER(L16),ISNUMBER(M16)),M16-L16,"") | AB16: =IF(AND(ISNUMBER(M16),ISNUMBER(P16)),P16-M16,"") | AC16: =IF(AND(ISNUMBER(L16),ISNUMBER(P16)),P16-L16,"") | AD16: =IF(AND(ISNUMBER(P16),ISNUMBER(Q16)),Q16-P16,"") | AE16: =IF(AND(ISNUMBER(Q16),ISNUMBER(R16)),R16-Q16,IF(ISNUMBER(Y16),Y16,"")) -> 31 | AF16: =IF(AND(ISNUMBER(R16),ISNUMBER(S16)),S16-R16,"") | AG16: =IF(AND(ISNUMBER(S16),ISNUMBER(T16)),T16-S16,"") | AH16: =IF(AND(ISNUMBER(L16),ISNUMBER(T16)),T16-L16,"") | AI16: =IF(AND(ISNUMBER(O16),ISNUMBER(Q16)),Q16-O16,"") -> 6 | AJ16: =IF(B16="","",COUNT(L16:M16,P16:T16)&"/7") -> 2/7 | AK16: =IF(B16="","",IF(OR(AND(ISNUMBER(L16),ISNUMBER(M16),M16<L16),AND(ISNUMBER(M16),ISNUMBER(P16),P16<M16),AND(ISNUMBER(P16),ISNUMBER(Q16),Q16<P16),AND(ISNUMBER(Q16),ISNUMBER(R16),R16<Q16),AND(ISNUMBER(R16),ISNUMBER(S16),S16<R16),AND(ISNUMBER(S16),ISNUMBER(T16),T16<S16),AND(ISNUMBER(N16),ISNUMBER(O16),O16<N16)),"Urutan tanggal salah",IF(AND(ISNUMBER(Q16),ISNUMBER(R16),ISNUMBER(Y16),ABS(R16-Q16-Y16)>2),"S tanggal ≠ Sailing tercatat",IF(AND(ISNUMBER(Q16),ISNUMBER(O16),ABS(Q16-O16)>60),"Cek tahun laycan",IF(AND(ISNUMBER(Q16),ISNUMBER(N16),Q16<N16),"Berangkat sebelum laycan",IF(NOT(ISNUMBER(AE16)),"S belum ada","OK")))))) -> OK
A17: =IF(B17="","",ROW()-4) -> 13 | B17: KCL | C17: KCL 2nd | D17: 2022 | E17: Russia | F17: Novorossiysk, Russia | G17: PKG Port , Gresik | H17: Eurochem Trading Middle East DMCC | I17: MV Ludogorets | K17: 13500 | N17: 44724 | O17: 44724 | Q17: 44725 | R17: 44757 | U17: Selesai | Y17: 32 | Z17: LT History 2022–2024 | AA17: =IF(AND(ISNUMBER(L17),ISNUMBER(M17)),M17-L17,"") | AB17: =IF(AND(ISNUMBER(M17),ISNUMBER(P17)),P17-M17,"") | AC17: =IF(AND(ISNUMBER(L17),ISNUMBER(P17)),P17-L17,"") | AD17: =IF(AND(ISNUMBER(P17),ISNUMBER(Q17)),Q17-P17,"") | AE17: =IF(AND(ISNUMBER(Q17),ISNUMBER(R17)),R17-Q17,IF(ISNUMBER(Y17),Y17,"")) -> 32 | AF17: =IF(AND(ISNUMBER(R17),ISNUMBER(S17)),S17-R17,"") | AG17: =IF(AND(ISNUMBER(S17),ISNUMBER(T17)),T17-S17,"") | AH17: =IF(AND(ISNUMBER(L17),ISNUMBER(T17)),T17-L17,"") | AI17: =IF(AND(ISNUMBER(O17),ISNUMBER(Q17)),Q17-O17,"") -> 1 | AJ17: =IF(B17="","",COUNT(L17:M17,P17:T17)&"/7") -> 2/7 | AK17: =IF(B17="","",IF(OR(AND(ISNUMBER(L17),ISNUMBER(M17),M17<L17),AND(ISNUMBER(M17),ISNUMBER(P17),P17<M17),AND(ISNUMBER(P17),ISNUMBER(Q17),Q17<P17),AND(ISNUMBER(Q17),ISNUMBER(R17),R17<Q17),AND(ISNUMBER(R17),ISNUMBER(S17),S17<R17),AND(ISNUMBER(S17),ISNUMBER(T17),T17<S17),AND(ISNUMBER(N17),ISNUMBER(O17),O17<N17)),"Urutan tanggal salah",IF(AND(ISNUMBER(Q17),ISNUMBER(R17),ISNUMBER(Y17),ABS(R17-Q17-Y17)>2),"S tanggal ≠ Sailing tercatat",IF(AND(ISNUMBER(Q17),ISNUMBER(O17),ABS(Q17-O17)>60),"Cek tahun laycan",IF(AND(ISNUMBER(Q17),ISNUMBER(N17),Q17<N17),"Berangkat sebelum laycan",IF(NOT(ISNUMBER(AE17)),"S belum ada","OK")))))) -> OK
A18: =IF(B18="","",ROW()-4) -> 14 | B18: KCL | C18: KCL 2nd | D18: 2022 | E18: Russia | F18: Ust Luga, Russia | G18: PKG Port , Gresik | H18: Eurochem Trading Middle East DMCC | I18: MV Orcun C | K18: 14000 | N18: 44724 | O18: 44724 | Q18: 44725 | R18: 44762 | U18: Selesai | Y18: 37 | Z18: LT History 2022–2024 | AA18: =IF(AND(ISNUMBER(L18),ISNUMBER(M18)),M18-L18,"") | AB18: =IF(AND(ISNUMBER(M18),ISNUMBER(P18)),P18-M18,"") | AC18: =IF(AND(ISNUMBER(L18),ISNUMBER(P18)),P18-L18,"") | AD18: =IF(AND(ISNUMBER(P18),ISNUMBER(Q18)),Q18-P18,"") | AE18: =IF(AND(ISNUMBER(Q18),ISNUMBER(R18)),R18-Q18,IF(ISNUMBER(Y18),Y18,"")) -> 37 | AF18: =IF(AND(ISNUMBER(R18),ISNUMBER(S18)),S18-R18,"") | AG18: =IF(AND(ISNUMBER(S18),ISNUMBER(T18)),T18-S18,"") | AH18: =IF(AND(ISNUMBER(L18),ISNUMBER(T18)),T18-L18,"") | AI18: =IF(AND(ISNUMBER(O18),ISNUMBER(Q18)),Q18-O18,"") -> 1 | AJ18: =IF(B18="","",COUNT(L18:M18,P18:T18)&"/7") -> 2/7 | AK18: =IF(B18="","",IF(OR(AND(ISNUMBER(L18),ISNUMBER(M18),M18<L18),AND(ISNUMBER(M18),ISNUMBER(P18),P18<M18),AND(ISNUMBER(P18),ISNUMBER(Q18),Q18<P18),AND(ISNUMBER(Q18),ISNUMBER(R18),R18<Q18),AND(ISNUMBER(R18),ISNUMBER(S18),S18<R18),AND(ISNUMBER(S18),ISNUMBER(T18),T18<S18),AND(ISNUMBER(N18),ISNUMBER(O18),O18<N18)),"Urutan tanggal salah",IF(AND(ISNUMBER(Q18),ISNUMBER(R18),ISNUMBER(Y18),ABS(R18-Q18-Y18)>2),"S tanggal ≠ Sailing tercatat",IF(AND(ISNUMBER(Q18),ISNUMBER(O18),ABS(Q18-O18)>60),"Cek tahun laycan",IF(AND(ISNUMBER(Q18),ISNUMBER(N18),Q18<N18),"Berangkat sebelum laycan",IF(NOT(ISNUMBER(AE18)),"S belum ada","OK")))))) -> OK
A19: =IF(B19="","",ROW()-4) -> 15 | B19: KCL | C19: KCL 1st | D19: 2022 | E19: Kanada | F19: Vancouver, Canada | G19: PKG Port , Gresik | H19: Aastar/Canpotex | I19: MV PMS Seagull | K19: 27500 | N19: 44765 | O19: 44765 | Q19: 44766 | R19: 44794 | U19: Selesai | Y19: 28 | Z19: LT History 2022–2024 | AA19: =IF(AND(ISNUMBER(L19),ISNUMBER(M19)),M19-L19,"") | AB19: =IF(AND(ISNUMBER(M19),ISNUMBER(P19)),P19-M19,"") | AC19: =IF(AND(ISNUMBER(L19),ISNUMBER(P19)),P19-L19,"") | AD19: =IF(AND(ISNUMBER(P19),ISNUMBER(Q19)),Q19-P19,"") | AE19: =IF(AND(ISNUMBER(Q19),ISNUMBER(R19)),R19-Q19,IF(ISNUMBER(Y19),Y19,"")) -> 28 | AF19: =IF(AND(ISNUMBER(R19),ISNUMBER(S19)),S19-R19,"") | AG19: =IF(AND(ISNUMBER(S19),ISNUMBER(T19)),T19-S19,"") | AH19: =IF(AND(ISNUMBER(L19),ISNUMBER(T19)),T19-L19,"") | AI19: =IF(AND(ISNUMBER(O19),ISNUMBER(Q19)),Q19-O19,"") -> 1 | AJ19: =IF(B19="","",COUNT(L19:M19,P19:T19)&"/7") -> 2/7 | AK19: =IF(B19="","",IF(OR(AND(ISNUMBER(L19),ISNUMBER(M19),M19<L19),AND(ISNUMBER(M19),ISNUMBER(P19),P19<M19),AND(ISNUMBER(P19),ISNUMBER(Q19),Q19<P19),AND(ISNUMBER(Q19),ISNUMBER(R19),R19<Q19),AND(ISNUMBER(R19),ISNUMBER(S19),S19<R19),AND(ISNUMBER(S19),ISNUMBER(T19),T19<S19),AND(ISNUMBER(N19),ISNUMBER(O19),O19<N19)),"Urutan tanggal salah",IF(AND(ISNUMBER(Q19),ISNUMBER(R19),ISNUMBER(Y19),ABS(R19-Q19-Y19)>2),"S tanggal ≠ Sailing tercatat",IF(AND(ISNUMBER(Q19),ISNUMBER(O19),ABS(Q19-O19)>60),"Cek tahun laycan",IF(AND(ISNUMBER(Q19),ISNUMBER(N19),Q19<N19),"Berangkat sebelum laycan",IF(NOT(ISNUMBER(AE19)),"S belum ada","OK")))))) -> OK
A20: =IF(B20="","",ROW()-4) -> 16 | B20: KCL | C20: KCL 2nd | D20: 2022 | E20: Kanada | F20: Vancouver, Canada | G20: PKG Port , Gresik | H20: Aastar/Canpotex | I20: MV CL Iris | K20: 27500 | N20: 44789 | O20: 44789 | Q20: 44790 | R20: 44818 | U20: Selesai | X20: 16-Agu-2022 | Y20: 28 | Z20: LT History 2022–2024 | AA20: =IF(AND(ISNUMBER(L20),ISNUMBER(M20)),M20-L20,"") | AB20: =IF(AND(ISNUMBER(M20),ISNUMBER(P20)),P20-M20,"") | AC20: =IF(AND(ISNUMBER(L20),ISNUMBER(P20)),P20-L20,"") | AD20: =IF(AND(ISNUMBER(P20),ISNUMBER(Q20)),Q20-P20,"") | AE20: =IF(AND(ISNUMBER(Q20),ISNUMBER(R20)),R20-Q20,IF(ISNUMBER(Y20),Y20,"")) -> 28 | AF20: =IF(AND(ISNUMBER(R20),ISNUMBER(S20)),S20-R20,"") | AG20: =IF(AND(ISNUMBER(S20),ISNUMBER(T20)),T20-S20,"") | AH20: =IF(AND(ISNUMBER(L20),ISNUMBER(T20)),T20-L20,"") | AI20: =IF(AND(ISNUMBER(O20),ISNUMBER(Q20)),Q20-O20,"") -> 1 | AJ20: =IF(B20="","",COUNT(L20:M20,P20:T20)&"/7") -> 2/7 | AK20: =IF(B20="","",IF(OR(AND(ISNUMBER(L20),ISNUMBER(M20),M20<L20),AND(ISNUMBER(M20),ISNUMBER(P20),P20<M20),AND(ISNUMBER(P20),ISNUMBER(Q20),Q20<P20),AND(ISNUMBER(Q20),ISNUMBER(R20),R20<Q20),AND(ISNUMBER(R20),ISNUMBER(S20),S20<R20),AND(ISNUMBER(S20),ISNUMBER(T20),T20<S20),AND(ISNUMBER(N20),ISNUMBER(O20),O20<N20)),"Urutan tanggal salah",IF(AND(ISNUMBER(Q20),ISNUMBER(R20),ISNUMBER(Y20),ABS(R20-Q20-Y20)>2),"S tanggal ≠ Sailing tercatat",IF(AND(ISNUMBER(Q20),ISNUMBER(O20),ABS(Q20-O20)>60),"Cek tahun laycan",IF(AND(ISNUMBER(Q20),ISNUMBER(N20),Q20<N20),"Berangkat sebelum laycan",IF(NOT(ISNUMBER(AE20)),"S belum ada","OK")))))) -> OK
A21: =IF(B21="","",ROW()-4) -> 17 | B21: KCL | C21: KCL 1 st | D21: 2022 | E21: Russia | F21: Ust-Luga, Russia | G21: PKG Port , Gresik | H21: Eurochem Trading Middle East DMCC | I21: MV Gullwing | K21: 21537 | N21: 44754 | O21: 44754 | Q21: 44755 | R21: 44804 | U21: Selesai | Y21: 49 | Z21: LT History 2022–2024 | AA21: =IF(AND(ISNUMBER(L21),ISNUMBER(M21)),M21-L21,"") | AB21: =IF(AND(ISNUMBER(M21),ISNUMBER(P21)),P21-M21,"") | AC21: =IF(AND(ISNUMBER(L21),ISNUMBER(P21)),P21-L21,"") | AD21: =IF(AND(ISNUMBER(P21),ISNUMBER(Q21)),Q21-P21,"") | AE21: =IF(AND(ISNUMBER(Q21),ISNUMBER(R21)),R21-Q21,IF(ISNUMBER(Y21),Y21,"")) -> 49 | AF21: =IF(AND(ISNUMBER(R21),ISNUMBER(S21)),S21-R21,"") | AG21: =IF(AND(ISNUMBER(S21),ISNUMBER(T21)),T21-S21,"") | AH21: =IF(AND(ISNUMBER(L21),ISNUMBER(T21)),T21-L21,"") | AI21: =IF(AND(ISNUMBER(O21),ISNUMBER(Q21)),Q21-O21,"") -> 1 | AJ21: =IF(B21="","",COUNT(L21:M21,P21:T21)&"/7") -> 2/7 | AK21: =IF(B21="","",IF(OR(AND(ISNUMBER(L21),ISNUMBER(M21),M21<L21),AND(ISNUMBER(M21),ISNUMBER(P21),P21<M21),AND(ISNUMBER(P21),ISNUMBER(Q21),Q21<P21),AND(ISNUMBER(Q21),ISNUMBER(R21),R21<Q21),AND(ISNUMBER(R21),ISNUMBER(S21),S21<R21),AND(ISNUMBER(S21),ISNUMBER(T21),T21<S21),AND(ISNUMBER(N21),ISNUMBER(O21),O21<N21)),"Urutan tanggal salah",IF(AND(ISNUMBER(Q21),ISNUMBER(R21),ISNUMBER(Y21),ABS(R21-Q21-Y21)>2),"S tanggal ≠ Sailing tercatat",IF(AND(ISNUMBER(Q21),ISNUMBER(O21),ABS(Q21-O21)>60),"Cek tahun laycan",IF(AND(ISNUMBER(Q21),ISNUMBER(N21),Q21<N21),"Berangkat sebelum laycan",IF(NOT(ISNUMBER(AE21)),"S belum ada","OK")))))) -> OK
A22: =IF(B22="","",ROW()-4) -> 18 | B22: KCL | C22: KCL 2 nd | D22: 2022 | E22: Russia | F22: Murmansk, Russia | G22: PKG Port , Gresik | H22: Eurochem Trading Middle East DMCC | I22: MV ELISAR | K22: 33463 | N22: 44807 | O22: 44807 | Q22: 44811 | R22: 44851 | U22: Selesai | Y22: 40 | Z22: LT History 2022–2024 | AA22: =IF(AND(ISNUMBER(L22),ISNUMBER(M22)),M22-L22,"") | AB22: =IF(AND(ISNUMBER(M22),ISNUMBER(P22)),P22-M22,"") | AC22: =IF(AND(ISNUMBER(L22),ISNUMBER(P22)),P22-L22,"") | AD22: =IF(AND(ISNUMBER(P22),ISNUMBER(Q22)),Q22-P22,"") | AE22: =IF(AND(ISNUMBER(Q22),ISNUMBER(R22)),R22-Q22,IF(ISNUMBER(Y22),Y22,"")) -> 40 | AF22: =IF(AND(ISNUMBER(R22),ISNUMBER(S22)),S22-R22,"") | AG22: =IF(AND(ISNUMBER(S22),ISNUMBER(T22)),T22-S22,"") | AH22: =IF(AND(ISNUMBER(L22),ISNUMBER(T22)),T22-L22,"") | AI22: =IF(AND(ISNUMBER(O22),ISNUMBER(Q22)),Q22-O22,"") -> 4 | AJ22: =IF(B22="","",COUNT(L22:M22,P22:T22)&"/7") -> 2/7 | AK22: =IF(B22="","",IF(OR(AND(ISNUMBER(L22),ISNUMBER(M22),M22<L22),AND(ISNUMBER(M22),ISNUMBER(P22),P22<M22),AND(ISNUMBER(P22),ISNUMBER(Q22),Q22<P22),AND(ISNUMBER(Q22),ISNUMBER(R22),R22<Q22),AND(ISNUMBER(R22),ISNUMBER(S22),S22<R22),AND(ISNUMBER(S22),ISNUMBER(T22),T22<S22),AND(ISNUMBER(N22),ISNUMBER(O22),O22<N22)),"Urutan tanggal salah",IF(AND(ISNUMBER(Q22),ISNUMBER(R22),ISNUMBER(Y22),ABS(R22-Q22-Y22)>2),"S tanggal ≠ Sailing tercatat",IF(AND(ISNUMBER(Q22),ISNUMBER(O22),ABS(Q22-O22)>60),"Cek tahun laycan",IF(AND(ISNUMBER(Q22),ISNUMBER(N22),Q22<N22),"Berangkat sebelum laycan",IF(NOT(ISNUMBER(AE22)),"S belum ada","OK")))))) -> OK
A23: =IF(B23="","",ROW()-4) -> 19 | B23: KCL | C23: KCL | D23: 2022 | E23: Russia | F23: St Petersburg, Russia | G23: PKG Port , Gresik | H23: PJSC Uralkali | I23: MV Liberator | K23: 25670 | N23: 44842 | O23: 44842 | Q23: 44843 | R23: 44884 | U23: Selesai | X23: 8-Okt-2022 | Y23: 41 | Z23: LT History 2022–2024 | AA23: =IF(AND(ISNUMBER(L23),ISNUMBER(M23)),M23-L23,"") | AB23: =IF(AND(ISNUMBER(M23),ISNUMBER(P23)),P23-M23,"") | AC23: =IF(AND(ISNUMBER(L23),ISNUMBER(P23)),P23-L23,"") | AD23: =IF(AND(ISNUMBER(P23),ISNUMBER(Q23)),Q23-P23,"") | AE23: =IF(AND(ISNUMBER(Q23),ISNUMBER(R23)),R23-Q23,IF(ISNUMBER(Y23),Y23,"")) -> 41 | AF23: =IF(AND(ISNUMBER(R23),ISNUMBER(S23)),S23-R23,"") | AG23: =IF(AND(ISNUMBER(S23),ISNUMBER(T23)),T23-S23,"") | AH23: =IF(AND(ISNUMBER(L23),ISNUMBER(T23)),T23-L23,"") | AI23: =IF(AND(ISNUMBER(O23),ISNUMBER(Q23)),Q23-O23,"") -> 1 | AJ23: =IF(B23="","",COUNT(L23:M23,P23:T23)&"/7") -> 2/7 | AK23: =IF(B23="","",IF(OR(AND(ISNUMBER(L23),ISNUMBER(M23),M23<L23),AND(ISNUMBER(M23),ISNUMBER(P23),P23<M23),AND(ISNUMBER(P23),ISNUMBER(Q23),Q23<P23),AND(ISNUMBER(Q23),ISNUMBER(R23),R23<Q23),AND(ISNUMBER(R23),ISNUMBER(S23),S23<R23),AND(ISNUMBER(S23),ISNUMBER(T23),T23<S23),AND(ISNUMBER(N23),ISNUMBER(O23),O23<N23)),"Urutan tanggal salah",IF(AND(ISNUMBER(Q23),ISNUMBER(R23),ISNUMBER(Y23),ABS(R23-Q23-Y23)>2),"S tanggal ≠ Sailing tercatat",IF(AND(ISNUMBER(Q23),ISNUMBER(O23),ABS(Q23-O23)>60),"Cek tahun laycan",IF(AND(ISNUMBER(Q23),ISNUMBER(N23),Q23<N23),"Berangkat sebelum laycan",IF(NOT(ISNUMBER(AE23)),"S belum ada","OK")))))) -> OK
A24: =IF(B24="","",ROW()-4) -> 20 | B24: KCL | C24: KCL | D24: 2022 | E24: Belarusia | F24: St Petersburg, Russia | G24: PKG Port , Gresik | H24: JSC BPC/Fertilife FZE | I24: MV Almar | K24: 25000 | N24: 44848 | O24: 44851 | Q24: 44856 | R24: 44898 | U24: Selesai | X24: 14-17-Oct-2022 | Y24: 42 | Z24: LT History 2022–2024 | AA24: =IF(AND(ISNUMBER(L24),ISNUMBER(M24)),M24-L24,"") | AB24: =IF(AND(ISNUMBER(M24),ISNUMBER(P24)),P24-M24,"") | AC24: =IF(AND(ISNUMBER(L24),ISNUMBER(P24)),P24-L24,"") | AD24: =IF(AND(ISNUMBER(P24),ISNUMBER(Q24)),Q24-P24,"") | AE24: =IF(AND(ISNUMBER(Q24),ISNUMBER(R24)),R24-Q24,IF(ISNUMBER(Y24),Y24,"")) -> 42 | AF24: =IF(AND(ISNUMBER(R24),ISNUMBER(S24)),S24-R24,"") | AG24: =IF(AND(ISNUMBER(S24),ISNUMBER(T24)),T24-S24,"") | AH24: =IF(AND(ISNUMBER(L24),ISNUMBER(T24)),T24-L24,"") | AI24: =IF(AND(ISNUMBER(O24),ISNUMBER(Q24)),Q24-O24,"") -> 5 | AJ24: =IF(B24="","",COUNT(L24:M24,P24:T24)&"/7") -> 2/7 | AK24: =IF(B24="","",IF(OR(AND(ISNUMBER(L24),ISNUMBER(M24),M24<L24),AND(ISNUMBER(M24),ISNUMBER(P24),P24<M24),AND(ISNUMBER(P24),ISNUMBER(Q24),Q24<P24),AND(ISNUMBER(Q24),ISNUMBER(R24),R24<Q24),AND(ISNUMBER(R24),ISNUMBER(S24),S24<R24),AND(ISNUMBER(S24),ISNUMBER(T24),T24<S24),AND(ISNUMBER(N24),ISNUMBER(O24),O24<N24)),"Urutan tanggal salah",IF(AND(ISNUMBER(Q24),ISNUMBER(R24),ISNUMBER(Y24),ABS(R24-Q24-Y24)>2),"S tanggal ≠ Sailing tercatat",IF(AND(ISNUMBER(Q24),ISNUMBER(O24),ABS(Q24-O24)>60),"Cek tahun laycan",IF(AND(ISNUMBER(Q24),ISNUMBER(N24),Q24<N24),"Berangkat sebelum laycan",IF(NOT(ISNUMBER(AE24)),"S belum ada","OK")))))) -> OK
A25: =IF(B25="","",ROW()-4) -> 21 | B25: KCL | C25: KCL 1ST | D25: 2023 | E25: Jordan | F25: Aqaba, Jordan | G25: PKG Port , Gresik | H25: APC/ Clementcorp | I25: MV V Due | K25: 27500 | N25: 44904 | O25: 44911 | Q25: 44912 | R25: 44939 | U25: Selesai | X25: 9-16 DEC 22 | Y25: 27 | Z25: LT History 2022–2024 | AA25: =IF(AND(ISNUMBER(L25),ISNUMBER(M25)),M25-L25,"") | AB25: =IF(AND(ISNUMBER(M25),ISNUMBER(P25)),P25-M25,"") | AC25: =IF(AND(ISNUMBER(L25),ISNUMBER(P25)),P25-L25,"") | AD25: =IF(AND(ISNUMBER(P25),ISNUMBER(Q25)),Q25-P25,"") | AE25: =IF(AND(ISNUMBER(Q25),ISNUMBER(R25)),R25-Q25,IF(ISNUMBER(Y25),Y25,"")) -> 27 | AF25: =IF(AND(ISNUMBER(R25),ISNUMBER(S25)),S25-R25,"") | AG25: =IF(AND(ISNUMBER(S25),ISNUMBER(T25)),T25-S25,"") | AH25: =IF(AND(ISNUMBER(L25),ISNUMBER(T25)),T25-L25,"") | AI25: =IF(AND(ISNUMBER(O25),ISNUMBER(Q25)),Q25-O25,"") -> 1 | AJ25: =IF(B25="","",COUNT(L25:M25,P25:T25)&"/7") -> 2/7 | AK25: =IF(B25="","",IF(OR(AND(ISNUMBER(L25),ISNUMBER(M25),M25<L25),AND(ISNUMBER(M25),ISNUMBER(P25),P25<M25),AND(ISNUMBER(P25),ISNUMBER(Q25),Q25<P25),AND(ISNUMBER(Q25),ISNUMBER(R25),R25<Q25),AND(ISNUMBER(R25),ISNUMBER(S25),S25<R25),AND(ISNUMBER(S25),ISNUMBER(T25),T25<S25),AND(ISNUMBER(N25),ISNUMBER(O25),O25<N25)),"Urutan tanggal salah",IF(AND(ISNUMBER(Q25),ISNUMBER(R25),ISNUMBER(Y25),ABS(R25-Q25-Y25)>2),"S tanggal ≠ Sailing tercatat",IF(AND(ISNUMBER(Q25),ISNUMBER(O25),ABS(Q25-O25)>60),"Cek tahun laycan",IF(AND(ISNUMBER(Q25),ISNUMBER(N25),Q25<N25),"Berangkat sebelum laycan",IF(NOT(ISNUMBER(AE25)),"S belum ada","OK")))))) -> OK
A26: =IF(B26="","",ROW()-4) -> 22 | B26: KCL | C26: KCL 2ND | D26: 2023 | E26: Jordan | F26: Aqaba, Jordan | G26: PKG Port , Gresik | H26: APC/ Clementcorp | I26: MV Mount Owen | K26: 27500 | N26: 44967 | O26: 44977 | Q26: 44978 | R26: 45006 | U26: Selesai | X26: 10-20 Feb 23 | Y26: 28 | Z26: LT History 2022–2024 | AA26: =IF(AND(ISNUMBER(L26),ISNUMBER(M26)),M26-L26,"") | AB26: =IF(AND(ISNUMBER(M26),ISNUMBER(P26)),P26-M26,"") | AC26: =IF(AND(ISNUMBER(L26),ISNUMBER(P26)),P26-L26,"") | AD26: =IF(AND(ISNUMBER(P26),ISNUMBER(Q26)),Q26-P26,"") | AE26: =IF(AND(ISNUMBER(Q26),ISNUMBER(R26)),R26-Q26,IF(ISNUMBER(Y26),Y26,"")) -> 28 | AF26: =IF(AND(ISNUMBER(R26),ISNUMBER(S26)),S26-R26,"") | AG26: =IF(AND(ISNUMBER(S26),ISNUMBER(T26)),T26-S26,"") | AH26: =IF(AND(ISNUMBER(L26),ISNUMBER(T26)),T26-L26,"") | AI26: =IF(AND(ISNUMBER(O26),ISNUMBER(Q26)),Q26-O26,"") -> 1 | AJ26: =IF(B26="","",COUNT(L26:M26,P26:T26)&"/7") -> 2/7 | AK26: =IF(B26="","",IF(OR(AND(ISNUMBER(L26),ISNUMBER(M26),M26<L26),AND(ISNUMBER(M26),ISNUMBER(P26),P26<M26),AND(ISNUMBER(P26),ISNUMBER(Q26),Q26<P26),AND(ISNUMBER(Q26),ISNUMBER(R26),R26<Q26),AND(ISNUMBER(R26),ISNUMBER(S26),S26<R26),AND(ISNUMBER(S26),ISNUMBER(T26),T26<S26),AND(ISNUMBER(N26),ISNUMBER(O26),O26<N26)),"Urutan tanggal salah",IF(AND(ISNUMBER(Q26),ISNUMBER(R26),ISNUMBER(Y26),ABS(R26-Q26-Y26)>2),"S tanggal ≠ Sailing tercatat",IF(AND(ISNUMBER(Q26),ISNUMBER(O26),ABS(Q26-O26)>60),"Cek tahun laycan",IF(AND(ISNUMBER(Q26),ISNUMBER(N26),Q26<N26),"Berangkat sebelum laycan",IF(NOT(ISNUMBER(AE26)),"S belum ada","OK")))))) -> OK
A27: =IF(B27="","",ROW()-4) -> 23 | B27: KCL | C27: KCL 1st | D27: 2022 | E27: Kanada | F27: Vancouver,Canada | G27: PKG Port , Gresik | H27: Aastar/Canpotex | I27: MV Federal Island | K27: 27500 | N27: 44865 | O27: 44865 | Q27: 44867 | R27: 44895 | U27: Selesai | X27: 31-Okt-2022 | Y27: 28 | Z27: LT History 2022–2024 | AA27: =IF(AND(ISNUMBER(L27),ISNUMBER(M27)),M27-L27,"") | AB27: =IF(AND(ISNUMBER(M27),ISNUMBER(P27)),P27-M27,"") | AC27: =IF(AND(ISNUMBER(L27),ISNUMBER(P27)),P27-L27,"") | AD27: =IF(AND(ISNUMBER(P27),ISNUMBER(Q27)),Q27-P27,"") | AE27: =IF(AND(ISNUMBER(Q27),ISNUMBER(R27)),R27-Q27,IF(ISNUMBER(Y27),Y27,"")) -> 28 | AF27: =IF(AND(ISNUMBER(R27),ISNUMBER(S27)),S27-R27,"") | AG27: =IF(AND(ISNUMBER(S27),ISNUMBER(T27)),T27-S27,"") | AH27: =IF(AND(ISNUMBER(L27),ISNUMBER(T27)),T27-L27,"") | AI27: =IF(AND(ISNUMBER(O27),ISNUMBER(Q27)),Q27-O27,"") -> 2 | AJ27: =IF(B27="","",COUNT(L27:M27,P27:T27)&"/7") -> 2/7 | AK27: =IF(B27="","",IF(OR(AND(ISNUMBER(L27),ISNUMBER(M27),M27<L27),AND(ISNUMBER(M27),ISNUMBER(P27),P27<M27),AND(ISNUMBER(P27),ISNUMBER(Q27),Q27<P27),AND(ISNUMBER(Q27),ISNUMBER(R27),R27<Q27),AND(ISNUMBER(R27),ISNUMBER(S27),S27<R27),AND(ISNUMBER(S27),ISNUMBER(T27),T27<S27),AND(ISNUMBER(N27),ISNUMBER(O27),O27<N27)),"Urutan tanggal salah",IF(AND(ISNUMBER(Q27),ISNUMBER(R27),ISNUMBER(Y27),ABS(R27-Q27-Y27)>2),"S tanggal ≠ Sailing tercatat",IF(AND(ISNUMBER(Q27),ISNUMBER(O27),ABS(Q27-O27)>60),"Cek tahun laycan",IF(AND(ISNUMBER(Q27),ISNUMBER(N27),Q27<N27),"Berangkat sebelum laycan",IF(NOT(ISNUMBER(AE27)),"S belum ada","OK")))))) -> OK
A28: =IF(B28="","",ROW()-4) -> 24 | B28: KCL | C28: KCL 2nd | D28: 2023 | E28: Kanada | F28: Vancouver,Canada | G28: PKG Port , Gresik | H28: Aastar/Canpotex | I28: MV.Desert Dignity | K28: 27500 | N28: 44900 | O28: 44900 | Q28: 44902 | R28: 44931 | U28: Selesai | X28: 5-Des-2022 | Y28: 29 | Z28: LT History 2022–2024 | AA28: =IF(AND(ISNUMBER(L28),ISNUMBER(M28)),M28-L28,"") | AB28: =IF(AND(ISNUMBER(M28),ISNUMBER(P28)),P28-M28,"") | AC28: =IF(AND(ISNUMBER(L28),ISNUMBER(P28)),P28-L28,"") | AD28: =IF(AND(ISNUMBER(P28),ISNUMBER(Q28)),Q28-P28,"") | AE28: =IF(AND(ISNUMBER(Q28),ISNUMBER(R28)),R28-Q28,IF(ISNUMBER(Y28),Y28,"")) -> 29 | AF28: =IF(AND(ISNUMBER(R28),ISNUMBER(S28)),S28-R28,"") | AG28: =IF(AND(ISNUMBER(S28),ISNUMBER(T28)),T28-S28,"") | AH28: =IF(AND(ISNUMBER(L28),ISNUMBER(T28)),T28-L28,"") | AI28: =IF(AND(ISNUMBER(O28),ISNUMBER(Q28)),Q28-O28,"") -> 2 | AJ28: =IF(B28="","",COUNT(L28:M28,P28:T28)&"/7") -> 2/7 | AK28: =IF(B28="","",IF(OR(AND(ISNUMBER(L28),ISNUMBER(M28),M28<L28),AND(ISNUMBER(M28),ISNUMBER(P28),P28<M28),AND(ISNUMBER(P28),ISNUMBER(Q28),Q28<P28),AND(ISNUMBER(Q28),ISNUMBER(R28),R28<Q28),AND(ISNUMBER(R28),ISNUMBER(S28),S28<R28),AND(ISNUMBER(S28),ISNUMBER(T28),T28<S28),AND(ISNUMBER(N28),ISNUMBER(O28),O28<N28)),"Urutan tanggal salah",IF(AND(ISNUMBER(Q28),ISNUMBER(R28),ISNUMBER(Y28),ABS(R28-Q28-Y28)>2),"S tanggal ≠ Sailing tercatat",IF(AND(ISNUMBER(Q28),ISNUMBER(O28),ABS(Q28-O28)>60),"Cek tahun laycan",IF(AND(ISNUMBER(Q28),ISNUMBER(N28),Q28<N28),"Berangkat sebelum laycan",IF(NOT(ISNUMBER(AE28)),"S belum ada","OK")))))) -> OK
A29: =IF(B29="","",ROW()-4) -> 25 | B29: KCL | C29: KCL 3rd | D29: 2023 | E29: Kanada | F29: Vancouver,Canada | G29: PKG Port , Gresik | H29: Aastar/Canpotex | I29: MV.Ultra Lanigan | K29: 27500 | N29: 44915 | O29: 44915 | Q29: 44918 | R29: 44946 | U29: Selesai | X29: 20-Des-2022 | Y29: 28 | Z29: LT History 2022–2024 | AA29: =IF(AND(ISNUMBER(L29),ISNUMBER(M29)),M29-L29,"") | AB29: =IF(AND(ISNUMBER(M29),ISNUMBER(P29)),P29-M29,"") | AC29: =IF(AND(ISNUMBER(L29),ISNUMBER(P29)),P29-L29,"") | AD29: =IF(AND(ISNUMBER(P29),ISNUMBER(Q29)),Q29-P29,"") | AE29: =IF(AND(ISNUMBER(Q29),ISNUMBER(R29)),R29-Q29,IF(ISNUMBER(Y29),Y29,"")) -> 28 | AF29: =IF(AND(ISNUMBER(R29),ISNUMBER(S29)),S29-R29,"") | AG29: =IF(AND(ISNUMBER(S29),ISNUMBER(T29)),T29-S29,"") | AH29: =IF(AND(ISNUMBER(L29),ISNUMBER(T29)),T29-L29,"") | AI29: =IF(AND(ISNUMBER(O29),ISNUMBER(Q29)),Q29-O29,"") -> 3 | AJ29: =IF(B29="","",COUNT(L29:M29,P29:T29)&"/7") -> 2/7 | AK29: =IF(B29="","",IF(OR(AND(ISNUMBER(L29),ISNUMBER(M29),M29<L29),AND(ISNUMBER(M29),ISNUMBER(P29),P29<M29),AND(ISNUMBER(P29),ISNUMBER(Q29),Q29<P29),AND(ISNUMBER(Q29),ISNUMBER(R29),R29<Q29),AND(ISNUMBER(R29),ISNUMBER(S29),S29<R29),AND(ISNUMBER(S29),ISNUMBER(T29),T29<S29),AND(ISNUMBER(N29),ISNUMBER(O29),O29<N29)),"Urutan tanggal salah",IF(AND(ISNUMBER(Q29),ISNUMBER(R29),ISNUMBER(Y29),ABS(R29-Q29-Y29)>2),"S tanggal ≠ Sailing tercatat",IF(AND(ISNUMBER(Q29),ISNUMBER(O29),ABS(Q29-O29)>60),"Cek tahun laycan",IF(AND(ISNUMBER(Q29),ISNUMBER(N29),Q29<N29),"Berangkat sebelum laycan",IF(NOT(ISNUMBER(AE29)),"S belum ada","OK")))))) -> OK
A30: =IF(B30="","",ROW()-4) -> 26 | B30: KCL | C30: KCL 4th | D30: 2023 | E30: Kanada | F30: Vancouver,Canada | G30: PKG Port , Gresik | H30: Aastar/Canpotex | I30: MV Federal Illinois | K30: 27460 | N30: 44942 | O30: 44942 | Q30: 44943 | R30: 44971 | U30: Selesai | Y30: 28 | Z30: LT History 2022–2024 | AA30: =IF(AND(ISNUMBER(L30),ISNUMBER(M30)),M30-L30,"") | AB30: =IF(AND(ISNUMBER(M30),ISNUMBER(P30)),P30-M30,"") | AC30: =IF(AND(ISNUMBER(L30),ISNUMBER(P30)),P30-L30,"") | AD30: =IF(AND(ISNUMBER(P30),ISNUMBER(Q30)),Q30-P30,"") | AE30: =IF(AND(ISNUMBER(Q30),ISNUMBER(R30)),R30-Q30,IF(ISNUMBER(Y30),Y30,"")) -> 28 | AF30: =IF(AND(ISNUMBER(R30),ISNUMBER(S30)),S30-R30,"") | AG30: =IF(AND(ISNUMBER(S30),ISNUMBER(T30)),T30-S30,"") | AH30: =IF(AND(ISNUMBER(L30),ISNUMBER(T30)),T30-L30,"") | AI30: =IF(AND(ISNUMBER(O30),ISNUMBER(Q30)),Q30-O30,"") -> 1 | AJ30: =IF(B30="","",COUNT(L30:M30,P30:T30)&"/7") -> 2/7 | AK30: =IF(B30="","",IF(OR(AND(ISNUMBER(L30),ISNUMBER(M30),M30<L30),AND(ISNUMBER(M30),ISNUMBER(P30),P30<M30),AND(ISNUMBER(P30),ISNUMBER(Q30),Q30<P30),AND(ISNUMBER(Q30),ISNUMBER(R30),R30<Q30),AND(ISNUMBER(R30),ISNUMBER(S30),S30<R30),AND(ISNUMBER(S30),ISNUMBER(T30),T30<S30),AND(ISNUMBER(N30),ISNUMBER(O30),O30<N30)),"Urutan tanggal salah",IF(AND(ISNUMBER(Q30),ISNUMBER(R30),ISNUMBER(Y30),ABS(R30-Q30-Y30)>2),"S tanggal ≠ Sailing tercatat",IF(AND(ISNUMBER(Q30),ISNUMBER(O30),ABS(Q30-O30)>60),"Cek tahun laycan",IF(AND(ISNUMBER(Q30),ISNUMBER(N30),Q30<N30),"Berangkat sebelum laycan",IF(NOT(ISNUMBER(AE30)),"S belum ada","OK")))))) -> OK
A31: =IF(B31="","",ROW()-4) -> 27 | B31: KCL | C31: KCL 1st | D31: 2023 | E31: Belarusia | F31: St Petersburg, Russia | G31: PKG Port , Gresik | H31: JSC BPC/Fertilife FZE | I31: MV Ece nur bayraktar | K31: 27500 | N31: 44954 | O31: 44957 | Q31: 44958 | R31: 45000 | U31: Selesai | X31: 28-31 Jan 23 | Y31: 42 | Z31: LT History 2022–2024 | AA31: =IF(AND(ISNUMBER(L31),ISNUMBER(M31)),M31-L31,"") | AB31: =IF(AND(ISNUMBER(M31),ISNUMBER(P31)),P31-M31,"") | AC31: =IF(AND(ISNUMBER(L31),ISNUMBER(P31)),P31-L31,"") | AD31: =IF(AND(ISNUMBER(P31),ISNUMBER(Q31)),Q31-P31,"") | AE31: =IF(AND(ISNUMBER(Q31),ISNUMBER(R31)),R31-Q31,IF(ISNUMBER(Y31),Y31,"")) -> 42 | AF31: =IF(AND(ISNUMBER(R31),ISNUMBER(S31)),S31-R31,"") | AG31: =IF(AND(ISNUMBER(S31),ISNUMBER(T31)),T31-S31,"") | AH31: =IF(AND(ISNUMBER(L31),ISNUMBER(T31)),T31-L31,"") | AI31: =IF(AND(ISNUMBER(O31),ISNUMBER(Q31)),Q31-O31,"") -> 1 | AJ31: =IF(B31="","",COUNT(L31:M31,P31:T31)&"/7") -> 2/7 | AK31: =IF(B31="","",IF(OR(AND(ISNUMBER(L31),ISNUMBER(M31),M31<L31),AND(ISNUMBER(M31),ISNUMBER(P31),P31<M31),AND(ISNUMBER(P31),ISNUMBER(Q31),Q31<P31),AND(ISNUMBER(Q31),ISNUMBER(R31),R31<Q31),AND(ISNUMBER(R31),ISNUMBER(S31),S31<R31),AND(ISNUMBER(S31),ISNUMBER(T31),T31<S31),AND(ISNUMBER(N31),ISNUMBER(O31),O31<N31)),"Urutan tanggal salah",IF(AND(ISNUMBER(Q31),ISNUMBER(R31),ISNUMBER(Y31),ABS(R31-Q31-Y31)>2),"S tanggal ≠ Sailing tercatat",IF(AND(ISNUMBER(Q31),ISNUMBER(O31),ABS(Q31-O31)>60),"Cek tahun laycan",IF(AND(ISNUMBER(Q31),ISNUMBER(N31),Q31<N31),"Berangkat sebelum laycan",IF(NOT(ISNUMBER(AE31)),"S belum ada","OK")))))) -> OK
A32: =IF(B32="","",ROW()-4) -> 28 | B32: KCL | C32: KCL 2nd | D32: 2023 | E32: Belarusia | F32: St Petersburg, Russia | G32: PKG Port , Gresik | H32: JSC BPC/Fertilife FZE | I32: MV Gemini | K32: 26424 | N32: 45002 | O32: 45006 | Q32: 45007 | R32: 45057 | U32: Selesai | X32: 17-21 mar 23 | Y32: 50 | Z32: LT History 2022–2024 | AA32: =IF(AND(ISNUMBER(L32),ISNUMBER(M32)),M32-L32,"") | AB32: =IF(AND(ISNUMBER(M32),ISNUMBER(P32)),P32-M32,"") | AC32: =IF(AND(ISNUMBER(L32),ISNUMBER(P32)),P32-L32,"") | AD32: =IF(AND(ISNUMBER(P32),ISNUMBER(Q32)),Q32-P32,"") | AE32: =IF(AND(ISNUMBER(Q32),ISNUMBER(R32)),R32-Q32,IF(ISNUMBER(Y32),Y32,"")) -> 50 | AF32: =IF(AND(ISNUMBER(R32),ISNUMBER(S32)),S32-R32,"") | AG32: =IF(AND(ISNUMBER(S32),ISNUMBER(T32)),T32-S32,"") | AH32: =IF(AND(ISNUMBER(L32),ISNUMBER(T32)),T32-L32,"") | AI32: =IF(AND(ISNUMBER(O32),ISNUMBER(Q32)),Q32-O32,"") -> 1 | AJ32: =IF(B32="","",COUNT(L32:M32,P32:T32)&"/7") -> 2/7 | AK32: =IF(B32="","",IF(OR(AND(ISNUMBER(L32),ISNUMBER(M32),M32<L32),AND(ISNUMBER(M32),ISNUMBER(P32),P32<M32),AND(ISNUMBER(P32),ISNUMBER(Q32),Q32<P32),AND(ISNUMBER(Q32),ISNUMBER(R32),R32<Q32),AND(ISNUMBER(R32),ISNUMBER(S32),S32<R32),AND(ISNUMBER(S32),ISNUMBER(T32),T32<S32),AND(ISNUMBER(N32),ISNUMBER(O32),O32<N32)),"Urutan tanggal salah",IF(AND(ISNUMBER(Q32),ISNUMBER(R32),ISNUMBER(Y32),ABS(R32-Q32-Y32)>2),"S tanggal ≠ Sailing tercatat",IF(AND(ISNUMBER(Q32),ISNUMBER(O32),ABS(Q32-O32)>60),"Cek tahun laycan",IF(AND(ISNUMBER(Q32),ISNUMBER(N32),Q32<N32),"Berangkat sebelum laycan",IF(NOT(ISNUMBER(AE32)),"S belum ada","OK")))))) -> OK
A33: =IF(B33="","",ROW()-4) -> 29 | B33: KCL | C33: KCL 3rd | D33: 2023 | E33: Belarusia | F33: St Petersburg, Russia | G33: PKG Port , Gresik | H33: JSC BPC/Fertilife FZE | I33: MV IDC Pearl | K33: 27500 | N33: 45044 | O33: 45051 | Q33: 45052 | R33: 45096 | U33: Selesai | X33: 28 Apr - 05 Mei 23 | Y33: 44 | Z33: LT History 2022–2024 | AA33: =IF(AND(ISNUMBER(L33),ISNUMBER(M33)),M33-L33,"") | AB33: =IF(AND(ISNUMBER(M33),ISNUMBER(P33)),P33-M33,"") | AC33: =IF(AND(ISNUMBER(L33),ISNUMBER(P33)),P33-L33,"") | AD33: =IF(AND(ISNUMBER(P33),ISNUMBER(Q33)),Q33-P33,"") | AE33: =IF(AND(ISNUMBER(Q33),ISNUMBER(R33)),R33-Q33,IF(ISNUMBER(Y33),Y33,"")) -> 44 | AF33: =IF(AND(ISNUMBER(R33),ISNUMBER(S33)),S33-R33,"") | AG33: =IF(AND(ISNUMBER(S33),ISNUMBER(T33)),T33-S33,"") | AH33: =IF(AND(ISNUMBER(L33),ISNUMBER(T33)),T33-L33,"") | AI33: =IF(AND(ISNUMBER(O33),ISNUMBER(Q33)),Q33-O33,"") -> 1 | AJ33: =IF(B33="","",COUNT(L33:M33,P33:T33)&"/7") -> 2/7 | AK33: =IF(B33="","",IF(OR(AND(ISNUMBER(L33),ISNUMBER(M33),M33<L33),AND(ISNUMBER(M33),ISNUMBER(P33),P33<M33),AND(ISNUMBER(P33),ISNUMBER(Q33),Q33<P33),AND(ISNUMBER(Q33),ISNUMBER(R33),R33<Q33),AND(ISNUMBER(R33),ISNUMBER(S33),S33<R33),AND(ISNUMBER(S33),ISNUMBER(T33),T33<S33),AND(ISNUMBER(N33),ISNUMBER(O33),O33<N33)),"Urutan tanggal salah",IF(AND(ISNUMBER(Q33),ISNUMBER(R33),ISNUMBER(Y33),ABS(R33-Q33-Y33)>2),"S tanggal ≠ Sailing tercatat",IF(AND(ISNUMBER(Q33),ISNUMBER(O33),ABS(Q33-O33)>60),"Cek tahun laycan",IF(AND(ISNUMBER(Q33),ISNUMBER(N33),Q33<N33),"Berangkat sebelum laycan",IF(NOT(ISNUMBER(AE33)),"S belum ada","OK")))))) -> OK
A34: =IF(B34="","",ROW()-4) -> 30 | B34: KCL | C34: KCL 4th | D34: 2023 | E34: Belarusia | F34: St Petersburg, Russia | G34: PKG Port , Gresik | H34: JSC BPC/Fertilife FZE | I34: MV Vantage Reef | K34: 27500 | N34: 45077 | O34: 45080 | Q34: 45081 | R34: 45124 | U34: Selesai | X34: 31 Mei - 03 Juni 23 | Y34: 43 | Z34: LT History 2022–2024 | AA34: =IF(AND(ISNUMBER(L34),ISNUMBER(M34)),M34-L34,"") | AB34: =IF(AND(ISNUMBER(M34),ISNUMBER(P34)),P34-M34,"") | AC34: =IF(AND(ISNUMBER(L34),ISNUMBER(P34)),P34-L34,"") | AD34: =IF(AND(ISNUMBER(P34),ISNUMBER(Q34)),Q34-P34,"") | AE34: =IF(AND(ISNUMBER(Q34),ISNUMBER(R34)),R34-Q34,IF(ISNUMBER(Y34),Y34,"")) -> 43 | AF34: =IF(AND(ISNUMBER(R34),ISNUMBER(S34)),S34-R34,"") | AG34: =IF(AND(ISNUMBER(S34),ISNUMBER(T34)),T34-S34,"") | AH34: =IF(AND(ISNUMBER(L34),ISNUMBER(T34)),T34-L34,"") | AI34: =IF(AND(ISNUMBER(O34),ISNUMBER(Q34)),Q34-O34,"") -> 1 | AJ34: =IF(B34="","",COUNT(L34:M34,P34:T34)&"/7") -> 2/7 | AK34: =IF(B34="","",IF(OR(AND(ISNUMBER(L34),ISNUMBER(M34),M34<L34),AND(ISNUMBER(M34),ISNUMBER(P34),P34<M34),AND(ISNUMBER(P34),ISNUMBER(Q34),Q34<P34),AND(ISNUMBER(Q34),ISNUMBER(R34),R34<Q34),AND(ISNUMBER(R34),ISNUMBER(S34),S34<R34),AND(ISNUMBER(S34),ISNUMBER(T34),T34<S34),AND(ISNUMBER(N34),ISNUMBER(O34),O34<N34)),"Urutan tanggal salah",IF(AND(ISNUMBER(Q34),ISNUMBER(R34),ISNUMBER(Y34),ABS(R34-Q34-Y34)>2),"S tanggal ≠ Sailing tercatat",IF(AND(ISNUMBER(Q34),ISNUMBER(O34),ABS(Q34-O34)>60),"Cek tahun laycan",IF(AND(ISNUMBER(Q34),ISNUMBER(N34),Q34<N34),"Berangkat sebelum laycan",IF(NOT(ISNUMBER(AE34)),"S belum ada","OK")))))) -> OK
A35: =IF(B35="","",ROW()-4) -> 31 | B35: KCL | C35: KCL FG | D35: 2023 | E35: Belarusia | F35: Yantai, China | G35: PKG Port , Gresik | H35: JSC BPC/Fertilife FZE | I35: MV Galaxy Ocean | K35: 5500 | N35: 45087 | O35: 45087 | Q35: 45088 | R35: 45100 | U35: Selesai | Y35: 12 | Z35: LT History 2022–2024 | AA35: =IF(AND(ISNUMBER(L35),ISNUMBER(M35)),M35-L35,"") | AB35: =IF(AND(ISNUMBER(M35),ISNUMBER(P35)),P35-M35,"") | AC35: =IF(AND(ISNUMBER(L35),ISNUMBER(P35)),P35-L35,"") | AD35: =IF(AND(ISNUMBER(P35),ISNUMBER(Q35)),Q35-P35,"") | AE35: =IF(AND(ISNUMBER(Q35),ISNUMBER(R35)),R35-Q35,IF(ISNUMBER(Y35),Y35,"")) -> 12 | AF35: =IF(AND(ISNUMBER(R35),ISNUMBER(S35)),S35-R35,"") | AG35: =IF(AND(ISNUMBER(S35),ISNUMBER(T35)),T35-S35,"") | AH35: =IF(AND(ISNUMBER(L35),ISNUMBER(T35)),T35-L35,"") | AI35: =IF(AND(ISNUMBER(O35),ISNUMBER(Q35)),Q35-O35,"") -> 1 | AJ35: =IF(B35="","",COUNT(L35:M35,P35:T35)&"/7") -> 2/7 | AK35: =IF(B35="","",IF(OR(AND(ISNUMBER(L35),ISNUMBER(M35),M35<L35),AND(ISNUMBER(M35),ISNUMBER(P35),P35<M35),AND(ISNUMBER(P35),ISNUMBER(Q35),Q35<P35),AND(ISNUMBER(Q35),ISNUMBER(R35),R35<Q35),AND(ISNUMBER(R35),ISNUMBER(S35),S35<R35),AND(ISNUMBER(S35),ISNUMBER(T35),T35<S35),AND(ISNUMBER(N35),ISNUMBER(O35),O35<N35)),"Urutan tanggal salah",IF(AND(ISNUMBER(Q35),ISNUMBER(R35),ISNUMBER(Y35),ABS(R35-Q35-Y35)>2),"S tanggal ≠ Sailing tercatat",IF(AND(ISNUMBER(Q35),ISNUMBER(O35),ABS(Q35-O35)>60),"Cek tahun laycan",IF(AND(ISNUMBER(Q35),ISNUMBER(N35),Q35<N35),"Berangkat sebelum laycan",IF(NOT(ISNUMBER(AE35)),"S belum ada","OK")))))) -> OK
A36: =IF(B36="","",ROW()-4) -> 32 | B36: KCL | C36: KCL 1 st | D36: 2023 | E36: Russia | F36: Kavkaz, Russia | G36: PKG Port , Gresik | H36: Eurochem Trading Middle East DMCC | I36: MV DSM London | K36: 27500 | N36: 45051 | O36: 45054 | Q36: 45056 | R36: 45095 | U36: Selesai | X36: 5-8 Mei 23 | Y36: 39 | Z36: LT History 2022–2024 | AA36: =IF(AND(ISNUMBER(L36),ISNUMBER(M36)),M36-L36,"") | AB36: =IF(AND(ISNUMBER(M36),ISNUMBER(P36)),P36-M36,"") | AC36: =IF(AND(ISNUMBER(L36),ISNUMBER(P36)),P36-L36,"") | AD36: =IF(AND(ISNUMBER(P36),ISNUMBER(Q36)),Q36-P36,"") | AE36: =IF(AND(ISNUMBER(Q36),ISNUMBER(R36)),R36-Q36,IF(ISNUMBER(Y36),Y36,"")) -> 39 | AF36: =IF(AND(ISNUMBER(R36),ISNUMBER(S36)),S36-R36,"") | AG36: =IF(AND(ISNUMBER(S36),ISNUMBER(T36)),T36-S36,"") | AH36: =IF(AND(ISNUMBER(L36),ISNUMBER(T36)),T36-L36,"") | AI36: =IF(AND(ISNUMBER(O36),ISNUMBER(Q36)),Q36-O36,"") -> 2 | AJ36: =IF(B36="","",COUNT(L36:M36,P36:T36)&"/7") -> 2/7 | AK36: =IF(B36="","",IF(OR(AND(ISNUMBER(L36),ISNUMBER(M36),M36<L36),AND(ISNUMBER(M36),ISNUMBER(P36),P36<M36),AND(ISNUMBER(P36),ISNUMBER(Q36),Q36<P36),AND(ISNUMBER(Q36),ISNUMBER(R36),R36<Q36),AND(ISNUMBER(R36),ISNUMBER(S36),S36<R36),AND(ISNUMBER(S36),ISNUMBER(T36),T36<S36),AND(ISNUMBER(N36),ISNUMBER(O36),O36<N36)),"Urutan tanggal salah",IF(AND(ISNUMBER(Q36),ISNUMBER(R36),ISNUMBER(Y36),ABS(R36-Q36-Y36)>2),"S tanggal ≠ Sailing tercatat",IF(AND(ISNUMBER(Q36),ISNUMBER(O36),ABS(Q36-O36)>60),"Cek tahun laycan",IF(AND(ISNUMBER(Q36),ISNUMBER(N36),Q36<N36),"Berangkat sebelum laycan",IF(NOT(ISNUMBER(AE36)),"S belum ada","OK")))))) -> OK
A37: =IF(B37="","",ROW()-4) -> 33 | B37: KCL | C37: KCL 2 nd | D37: 2023 | E37: Russia | F37: Ust-Luga, Russia | G37: PKG Port , Gresik | H37: Eurochem Trading Middle East DMCC | I37: MV Navi Moon | K37: 10200 | N37: 45025 | O37: 45026 | Q37: 45026 | R37: 45069 | U37: Selesai | X37: 9-10 Apr 23 | Y37: 43 | Z37: LT History 2022–2024 | AA37: =IF(AND(ISNUMBER(L37),ISNUMBER(M37)),M37-L37,"") | AB37: =IF(AND(ISNUMBER(M37),ISNUMBER(P37)),P37-M37,"") | AC37: =IF(AND(ISNUMBER(L37),ISNUMBER(P37)),P37-L37,"") | AD37: =IF(AND(ISNUMBER(P37),ISNUMBER(Q37)),Q37-P37,"") | AE37: =IF(AND(ISNUMBER(Q37),ISNUMBER(R37)),R37-Q37,IF(ISNUMBER(Y37),Y37,"")) -> 43 | AF37: =IF(AND(ISNUMBER(R37),ISNUMBER(S37)),S37-R37,"") | AG37: =IF(AND(ISNUMBER(S37),ISNUMBER(T37)),T37-S37,"") | AH37: =IF(AND(ISNUMBER(L37),ISNUMBER(T37)),T37-L37,"") | AI37: =IF(AND(ISNUMBER(O37),ISNUMBER(Q37)),Q37-O37,"") -> 0 | AJ37: =IF(B37="","",COUNT(L37:M37,P37:T37)&"/7") -> 2/7 | AK37: =IF(B37="","",IF(OR(AND(ISNUMBER(L37),ISNUMBER(M37),M37<L37),AND(ISNUMBER(M37),ISNUMBER(P37),P37<M37),AND(ISNUMBER(P37),ISNUMBER(Q37),Q37<P37),AND(ISNUMBER(Q37),ISNUMBER(R37),R37<Q37),AND(ISNUMBER(R37),ISNUMBER(S37),S37<R37),AND(ISNUMBER(S37),ISNUMBER(T37),T37<S37),AND(ISNUMBER(N37),ISNUMBER(O37),O37<N37)),"Urutan tanggal salah",IF(AND(ISNUMBER(Q37),ISNUMBER(R37),ISNUMBER(Y37),ABS(R37-Q37-Y37)>2),"S tanggal ≠ Sailing tercatat",IF(AND(ISNUMBER(Q37),ISNUMBER(O37),ABS(Q37-O37)>60),"Cek tahun laycan",IF(AND(ISNUMBER(Q37),ISNUMBER(N37),Q37<N37),"Berangkat sebelum laycan",IF(NOT(ISNUMBER(AE37)),"S belum ada","OK")))))) -> OK
A38: =IF(B38="","",ROW()-4) -> 34 | B38: KCL | C38: KCL 3 rd | D38: 2023 | E38: Russia | F38: Ust Luga, Russia | G38: PKG Port , Gresik | H38: Eurochem Trading Middle East DMCC | I38: MV Devbulk Sinem | K38: 27500 | N38: 45089 | O38: 45091 | Q38: 45092 | R38: 45135 | U38: Selesai | X38: 12-14 Juni 23 | Y38: 43 | Z38: LT History 2022–2024 | AA38: =IF(AND(ISNUMBER(L38),ISNUMBER(M38)),M38-L38,"") | AB38: =IF(AND(ISNUMBER(M38),ISNUMBER(P38)),P38-M38,"") | AC38: =IF(AND(ISNUMBER(L38),ISNUMBER(P38)),P38-L38,"") | AD38: =IF(AND(ISNUMBER(P38),ISNUMBER(Q38)),Q38-P38,"") | AE38: =IF(AND(ISNUMBER(Q38),ISNUMBER(R38)),R38-Q38,IF(ISNUMBER(Y38),Y38,"")) -> 43 | AF38: =IF(AND(ISNUMBER(R38),ISNUMBER(S38)),S38-R38,"") | AG38: =IF(AND(ISNUMBER(S38),ISNUMBER(T38)),T38-S38,"") | AH38: =IF(AND(ISNUMBER(L38),ISNUMBER(T38)),T38-L38,"") | AI38: =IF(AND(ISNUMBER(O38),ISNUMBER(Q38)),Q38-O38,"") -> 1 | AJ38: =IF(B38="","",COUNT(L38:M38,P38:T38)&"/7") -> 2/7 | AK38: =IF(B38="","",IF(OR(AND(ISNUMBER(L38),ISNUMBER(M38),M38<L38),AND(ISNUMBER(M38),ISNUMBER(P38),P38<M38),AND(ISNUMBER(P38),ISNUMBER(Q38),Q38<P38),AND(ISNUMBER(Q38),ISNUMBER(R38),R38<Q38),AND(ISNUMBER(R38),ISNUMBER(S38),S38<R38),AND(ISNUMBER(S38),ISNUMBER(T38),T38<S38),AND(ISNUMBER(N38),ISNUMBER(O38),O38<N38)),"Urutan tanggal salah",IF(AND(ISNUMBER(Q38),ISNUMBER(R38),ISNUMBER(Y38),ABS(R38-Q38-Y38)>2),"S tanggal ≠ Sailing tercatat",IF(AND(ISNUMBER(Q38),ISNUMBER(O38),ABS(Q38-O38)>60),"Cek tahun laycan",IF(AND(ISNUMBER(Q38),ISNUMBER(N38),Q38<N38),"Berangkat sebelum laycan",IF(NOT(ISNUMBER(AE38)),"S belum ada","OK")))))) -> OK
A39: =IF(B39="","",ROW()-4) -> 35 | B39: KCL | C39: KCL 4 th | D39: 2023 | E39: Russia | F39: Ust Luga, Russia | G39: PKG Port , Gresik | H39: Eurochem Trading Middle East DMCC | I39: MV Valsamitis | K39: 27500 | N39: 45099 | O39: 45101 | Q39: 45103 | R39: 45145 | U39: Selesai | X39: 22-24 Juni 23 | Y39: 42 | Z39: LT History 2022–2024 | AA39: =IF(AND(ISNUMBER(L39),ISNUMBER(M39)),M39-L39,"") | AB39: =IF(AND(ISNUMBER(M39),ISNUMBER(P39)),P39-M39,"") | AC39: =IF(AND(ISNUMBER(L39),ISNUMBER(P39)),P39-L39,"") | AD39: =IF(AND(ISNUMBER(P39),ISNUMBER(Q39)),Q39-P39,"") | AE39: =IF(AND(ISNUMBER(Q39),ISNUMBER(R39)),R39-Q39,IF(ISNUMBER(Y39),Y39,"")) -> 42 | AF39: =IF(AND(ISNUMBER(R39),ISNUMBER(S39)),S39-R39,"") | AG39: =IF(AND(ISNUMBER(S39),ISNUMBER(T39)),T39-S39,"") | AH39: =IF(AND(ISNUMBER(L39),ISNUMBER(T39)),T39-L39,"") | AI39: =IF(AND(ISNUMBER(O39),ISNUMBER(Q39)),Q39-O39,"") -> 2 | AJ39: =IF(B39="","",COUNT(L39:M39,P39:T39)&"/7") -> 2/7 | AK39: =IF(B39="","",IF(OR(AND(ISNUMBER(L39),ISNUMBER(M39),M39<L39),AND(ISNUMBER(M39),ISNUMBER(P39),P39<M39),AND(ISNUMBER(P39),ISNUMBER(Q39),Q39<P39),AND(ISNUMBER(Q39),ISNUMBER(R39),R39<Q39),AND(ISNUMBER(R39),ISNUMBER(S39),S39<R39),AND(ISNUMBER(S39),ISNUMBER(T39),T39<S39),AND(ISNUMBER(N39),ISNUMBER(O39),O39<N39)),"Urutan tanggal salah",IF(AND(ISNUMBER(Q39),ISNUMBER(R39),ISNUMBER(Y39),ABS(R39-Q39-Y39)>2),"S tanggal ≠ Sailing tercatat",IF(AND(ISNUMBER(Q39),ISNUMBER(O39),ABS(Q39-O39)>60),"Cek tahun laycan",IF(AND(ISNUMBER(Q39),ISNUMBER(N39),Q39<N39),"Berangkat sebelum laycan",IF(NOT(ISNUMBER(AE39)),"S belum ada","OK")))))) -> OK
A40: =IF(B40="","",ROW()-4) -> 36 | B40: KCL | C40: KCL 5 th | D40: 2023 | E40: Russia | F40: Ust Luga, Russia | G40: PKG Port , Gresik | H40: Eurochem Trading Middle East DMCC | I40: MV NYMPHI | K40: 27500 | N40: 45112 | O40: 45116 | Q40: 45117 | R40: 45161 | U40: Selesai | X40: 5-9 July 23 | Y40: 44 | Z40: LT History 2022–2024 | AA40: =IF(AND(ISNUMBER(L40),ISNUMBER(M40)),M40-L40,"") | AB40: =IF(AND(ISNUMBER(M40),ISNUMBER(P40)),P40-M40,"") | AC40: =IF(AND(ISNUMBER(L40),ISNUMBER(P40)),P40-L40,"") | AD40: =IF(AND(ISNUMBER(P40),ISNUMBER(Q40)),Q40-P40,"") | AE40: =IF(AND(ISNUMBER(Q40),ISNUMBER(R40)),R40-Q40,IF(ISNUMBER(Y40),Y40,"")) -> 44 | AF40: =IF(AND(ISNUMBER(R40),ISNUMBER(S40)),S40-R40,"") | AG40: =IF(AND(ISNUMBER(S40),ISNUMBER(T40)),T40-S40,"") | AH40: =IF(AND(ISNUMBER(L40),ISNUMBER(T40)),T40-L40,"") | AI40: =IF(AND(ISNUMBER(O40),ISNUMBER(Q40)),Q40-O40,"") -> 1 | AJ40: =IF(B40="","",COUNT(L40:M40,P40:T40)&"/7") -> 2/7 | AK40: =IF(B40="","",IF(OR(AND(ISNUMBER(L40),ISNUMBER(M40),M40<L40),AND(ISNUMBER(M40),ISNUMBER(P40),P40<M40),AND(ISNUMBER(P40),ISNUMBER(Q40),Q40<P40),AND(ISNUMBER(Q40),ISNUMBER(R40),R40<Q40),AND(ISNUMBER(R40),ISNUMBER(S40),S40<R40),AND(ISNUMBER(S40),ISNUMBER(T40),T40<S40),AND(ISNUMBER(N40),ISNUMBER(O40),O40<N40)),"Urutan tanggal salah",IF(AND(ISNUMBER(Q40),ISNUMBER(R40),ISNUMBER(Y40),ABS(R40-Q40-Y40)>2),"S tanggal ≠ Sailing tercatat",IF(AND(ISNUMBER(Q40),ISNUMBER(O40),ABS(Q40-O40)>60),"Cek tahun laycan",IF(AND(ISNUMBER(Q40),ISNUMBER(N40),Q40<N40),"Berangkat sebelum laycan",IF(NOT(ISNUMBER(AE40)),"S belum ada","OK")))))) -> OK
A41: =IF(B41="","",ROW()-4) -> 37 | B41: KCL | C41: KCL 6 th | D41: 2023 | E41: Russia | F41: Ust Luga, Russia | G41: PKG Port , Gresik | H41: Eurochem Trading Middle East DMCC | I41: MV NORD VIND | K41: 27500 | N41: 45143 | O41: 45148 | Q41: 45149 | R41: 45195 | U41: Selesai | X41: 5-10 Aug 23 | Y41: 46 | Z41: LT History 2022–2024 | AA41: =IF(AND(ISNUMBER(L41),ISNUMBER(M41)),M41-L41,"") | AB41: =IF(AND(ISNUMBER(M41),ISNUMBER(P41)),P41-M41,"") | AC41: =IF(AND(ISNUMBER(L41),ISNUMBER(P41)),P41-L41,"") | AD41: =IF(AND(ISNUMBER(P41),ISNUMBER(Q41)),Q41-P41,"") | AE41: =IF(AND(ISNUMBER(Q41),ISNUMBER(R41)),R41-Q41,IF(ISNUMBER(Y41),Y41,"")) -> 46 | AF41: =IF(AND(ISNUMBER(R41),ISNUMBER(S41)),S41-R41,"") | AG41: =IF(AND(ISNUMBER(S41),ISNUMBER(T41)),T41-S41,"") | AH41: =IF(AND(ISNUMBER(L41),ISNUMBER(T41)),T41-L41,"") | AI41: =IF(AND(ISNUMBER(O41),ISNUMBER(Q41)),Q41-O41,"") -> 1 | AJ41: =IF(B41="","",COUNT(L41:M41,P41:T41)&"/7") -> 2/7 | AK41: =IF(B41="","",IF(OR(AND(ISNUMBER(L41),ISNUMBER(M41),M41<L41),AND(ISNUMBER(M41),ISNUMBER(P41),P41<M41),AND(ISNUMBER(P41),ISNUMBER(Q41),Q41<P41),AND(ISNUMBER(Q41),ISNUMBER(R41),R41<Q41),AND(ISNUMBER(R41),ISNUMBER(S41),S41<R41),AND(ISNUMBER(S41),ISNUMBER(T41),T41<S41),AND(ISNUMBER(N41),ISNUMBER(O41),O41<N41)),"Urutan tanggal salah",IF(AND(ISNUMBER(Q41),ISNUMBER(R41),ISNUMBER(Y41),ABS(R41-Q41-Y41)>2),"S tanggal ≠ Sailing tercatat",IF(AND(ISNUMBER(Q41),ISNUMBER(O41),ABS(Q41-O41)>60),"Cek tahun laycan",IF(AND(ISNUMBER(Q41),ISNUMBER(N41),Q41<N41),"Berangkat sebelum laycan",IF(NOT(ISNUMBER(AE41)),"S belum ada","OK")))))) -> OK
A42: =IF(B42="","",ROW()-4) -> 38 | B42: KCL | C42: KCL 7 th | D42: 2023 | E42: Russia | F42: Kavkaz, Russia | G42: PKG Port , Gresik | H42: Eurochem Trading Middle East DMCC | I42: MV Lago di cancano | K42: 14800 | N42: 45158 | O42: 45163 | Q42: 45166 | R42: 45201 | U42: Selesai | W42: KCL Beige | X42: 20-25 Aug 23 | Y42: 35 | Z42: LT History 2022–2024 | AA42: =IF(AND(ISNUMBER(L42),ISNUMBER(M42)),M42-L42,"") | AB42: =IF(AND(ISNUMBER(M42),ISNUMBER(P42)),P42-M42,"") | AC42: =IF(AND(ISNUMBER(L42),ISNUMBER(P42)),P42-L42,"") | AD42: =IF(AND(ISNUMBER(P42),ISNUMBER(Q42)),Q42-P42,"") | AE42: =IF(AND(ISNUMBER(Q42),ISNUMBER(R42)),R42-Q42,IF(ISNUMBER(Y42),Y42,"")) -> 35 | AF42: =IF(AND(ISNUMBER(R42),ISNUMBER(S42)),S42-R42,"") | AG42: =IF(AND(ISNUMBER(S42),ISNUMBER(T42)),T42-S42,"") | AH42: =IF(AND(ISNUMBER(L42),ISNUMBER(T42)),T42-L42,"") | AI42: =IF(AND(ISNUMBER(O42),ISNUMBER(Q42)),Q42-O42,"") -> 3 | AJ42: =IF(B42="","",COUNT(L42:M42,P42:T42)&"/7") -> 2/7 | AK42: =IF(B42="","",IF(OR(AND(ISNUMBER(L42),ISNUMBER(M42),M42<L42),AND(ISNUMBER(M42),ISNUMBER(P42),P42<M42),AND(ISNUMBER(P42),ISNUMBER(Q42),Q42<P42),AND(ISNUMBER(Q42),ISNUMBER(R42),R42<Q42),AND(ISNUMBER(R42),ISNUMBER(S42),S42<R42),AND(ISNUMBER(S42),ISNUMBER(T42),T42<S42),AND(ISNUMBER(N42),ISNUMBER(O42),O42<N42)),"Urutan tanggal salah",IF(AND(ISNUMBER(Q42),ISNUMBER(R42),ISNUMBER(Y42),ABS(R42-Q42-Y42)>2),"S tanggal ≠ Sailing tercatat",IF(AND(ISNUMBER(Q42),ISNUMBER(O42),ABS(Q42-O42)>60),"Cek tahun laycan",IF(AND(ISNUMBER(Q42),ISNUMBER(N42),Q42<N42),"Berangkat sebelum laycan",IF(NOT(ISNUMBER(AE42)),"S belum ada","OK")))))) -> OK
A43: =IF(B43="","",ROW()-4) -> 39 | B43: KCL | C43: KCL 1 st | D43: 2023 | E43: Belarusia | F43: St Petersburg, Russia | G43: PKG Port , Gresik | H43: JSC BPC/Fertilife FZE | I43: MV Agia Ekaterini | K43: 27403 | N43: 45181 | O43: 45185 | Q43: 45186 | R43: 45228 | U43: Selesai | X43: 12-16 Sep 23 | Y43: 42 | Z43: LT History 2022–2024 | AA43: =IF(AND(ISNUMBER(L43),ISNUMBER(M43)),M43-L43,"") | AB43: =IF(AND(ISNUMBER(M43),ISNUMBER(P43)),P43-M43,"") | AC43: =IF(AND(ISNUMBER(L43),ISNUMBER(P43)),P43-L43,"") | AD43: =IF(AND(ISNUMBER(P43),ISNUMBER(Q43)),Q43-P43,"") | AE43: =IF(AND(ISNUMBER(Q43),ISNUMBER(R43)),R43-Q43,IF(ISNUMBER(Y43),Y43,"")) -> 42 | AF43: =IF(AND(ISNUMBER(R43),ISNUMBER(S43)),S43-R43,"") | AG43: =IF(AND(ISNUMBER(S43),ISNUMBER(T43)),T43-S43,"") | AH43: =IF(AND(ISNUMBER(L43),ISNUMBER(T43)),T43-L43,"") | AI43: =IF(AND(ISNUMBER(O43),ISNUMBER(Q43)),Q43-O43,"") -> 1 | AJ43: =IF(B43="","",COUNT(L43:M43,P43:T43)&"/7") -> 2/7 | AK43: =IF(B43="","",IF(OR(AND(ISNUMBER(L43),ISNUMBER(M43),M43<L43),AND(ISNUMBER(M43),ISNUMBER(P43),P43<M43),AND(ISNUMBER(P43),ISNUMBER(Q43),Q43<P43),AND(ISNUMBER(Q43),ISNUMBER(R43),R43<Q43),AND(ISNUMBER(R43),ISNUMBER(S43),S43<R43),AND(ISNUMBER(S43),ISNUMBER(T43),T43<S43),AND(ISNUMBER(N43),ISNUMBER(O43),O43<N43)),"Urutan tanggal salah",IF(AND(ISNUMBER(Q43),ISNUMBER(R43),ISNUMBER(Y43),ABS(R43-Q43-Y43)>2),"S tanggal ≠ Sailing tercatat",IF(AND(ISNUMBER(Q43),ISNUMBER(O43),ABS(Q43-O43)>60),"Cek tahun laycan",IF(AND(ISNUMBER(Q43),ISNUMBER(N43),Q43<N43),"Berangkat sebelum laycan",IF(NOT(ISNUMBER(AE43)),"S belum ada","OK")))))) -> OK
A44: =IF(B44="","",ROW()-4) -> 40 | B44: KCL | C44: KCL 2nd | D44: 2024 | E44: Belarusia | F44: St Petersburg, Russia | G44: PKG Port , Gresik | H44: JSC BPC/Fertilife FZE | I44: MV ALANYA-M | K44: 26000 | N44: 45247 | O44: 45250 | Q44: 45263 | R44: 45314 | U44: Selesai | X44: 17-20 Nov 23 | Y44: 51 | Z44: LT History 2022–2024 | AA44: =IF(AND(ISNUMBER(L44),ISNUMBER(M44)),M44-L44,"") | AB44: =IF(AND(ISNUMBER(M44),ISNUMBER(P44)),P44-M44,"") | AC44: =IF(AND(ISNUMBER(L44),ISNUMBER(P44)),P44-L44,"") | AD44: =IF(AND(ISNUMBER(P44),ISNUMBER(Q44)),Q44-P44,"") | AE44: =IF(AND(ISNUMBER(Q44),ISNUMBER(R44)),R44-Q44,IF(ISNUMBER(Y44),Y44,"")) -> 51 | AF44: =IF(AND(ISNUMBER(R44),ISNUMBER(S44)),S44-R44,"") | AG44: =IF(AND(ISNUMBER(S44),ISNUMBER(T44)),T44-S44,"") | AH44: =IF(AND(ISNUMBER(L44),ISNUMBER(T44)),T44-L44,"") | AI44: =IF(AND(ISNUMBER(O44),ISNUMBER(Q44)),Q44-O44,"") -> 13 | AJ44: =IF(B44="","",COUNT(L44:M44,P44:T44)&"/7") -> 2/7 | AK44: =IF(B44="","",IF(OR(AND(ISNUMBER(L44),ISNUMBER(M44),M44<L44),AND(ISNUMBER(M44),ISNUMBER(P44),P44<M44),AND(ISNUMBER(P44),ISNUMBER(Q44),Q44<P44),AND(ISNUMBER(Q44),ISNUMBER(R44),R44<Q44),AND(ISNUMBER(R44),ISNUMBER(S44),S44<R44),AND(ISNUMBER(S44),ISNUMBER(T44),T44<S44),AND(ISNUMBER(N44),ISNUMBER(O44),O44<N44)),"Urutan tanggal salah",IF(AND(ISNUMBER(Q44),ISNUMBER(R44),ISNUMBER(Y44),ABS(R44-Q44-Y44)>2),"S tanggal ≠ Sailing tercatat",IF(AND(ISNUMBER(Q44),ISNUMBER(O44),ABS(Q44-O44)>60),"Cek tahun laycan",IF(AND(ISNUMBER(Q44),ISNUMBER(N44),Q44<N44),"Berangkat sebelum laycan",IF(NOT(ISNUMBER(AE44)),"S belum ada","OK")))))) -> OK
A45: =IF(B45="","",ROW()-4) -> 41 | B45: KCL | C45: KCL Buyer Option 1st | D45: 2024 | E45: Belarusia | F45: St Petersburg, Russia | G45: PKG Port , Gresik | H45: JSC BPC/Fertilife FZE | I45: MV Eihwaz | K45: 26000 | N45: 45299 | O45: 45301 | Q45: 45302 | R45: 45360 | U45: Selesai | W45: PKG Ingin di 1H Mar 24 | X45: 8-10 Jan 24 | Y45: 58 | Z45: LT History 2022–2024 | AA45: =IF(AND(ISNUMBER(L45),ISNUMBER(M45)),M45-L45,"") | AB45: =IF(AND(ISNUMBER(M45),ISNUMBER(P45)),P45-M45,"") | AC45: =IF(AND(ISNUMBER(L45),ISNUMBER(P45)),P45-L45,"") | AD45: =IF(AND(ISNUMBER(P45),ISNUMBER(Q45)),Q45-P45,"") | AE45: =IF(AND(ISNUMBER(Q45),ISNUMBER(R45)),R45-Q45,IF(ISNUMBER(Y45),Y45,"")) -> 58 | AF45: =IF(AND(ISNUMBER(R45),ISNUMBER(S45)),S45-R45,"") | AG45: =IF(AND(ISNUMBER(S45),ISNUMBER(T45)),T45-S45,"") | AH45: =IF(AND(ISNUMBER(L45),ISNUMBER(T45)),T45-L45,"") | AI45: =IF(AND(ISNUMBER(O45),ISNUMBER(Q45)),Q45-O45,"") -> 1 | AJ45: =IF(B45="","",COUNT(L45:M45,P45:T45)&"/7") -> 2/7 | AK45: =IF(B45="","",IF(OR(AND(ISNUMBER(L45),ISNUMBER(M45),M45<L45),AND(ISNUMBER(M45),ISNUMBER(P45),P45<M45),AND(ISNUMBER(P45),ISNUMBER(Q45),Q45<P45),AND(ISNUMBER(Q45),ISNUMBER(R45),R45<Q45),AND(ISNUMBER(R45),ISNUMBER(S45),S45<R45),AND(ISNUMBER(S45),ISNUMBER(T45),T45<S45),AND(ISNUMBER(N45),ISNUMBER(O45),O45<N45)),"Urutan tanggal salah",IF(AND(ISNUMBER(Q45),ISNUMBER(R45),ISNUMBER(Y45),ABS(R45-Q45-Y45)>2),"S tanggal ≠ Sailing tercatat",IF(AND(ISNUMBER(Q45),ISNUMBER(O45),ABS(Q45-O45)>60),"Cek tahun laycan",IF(AND(ISNUMBER(Q45),ISNUMBER(N45),Q45<N45),"Berangkat sebelum laycan",IF(NOT(ISNUMBER(AE45)),"S belum ada","OK")))))) -> OK
A46: =IF(B46="","",ROW()-4) -> 42 | B46: KCL | C46: KCL Buyer Option 2nd | D46: 2024 | E46: Belarusia | F46: St Petersburg, Russia | G46: PKG Port , Gresik | H46: JSC BPC/Fertilife FZE | I46: MV Jaohar UK | K46: 26500 | N46: 45349 | O46: 45351 | Q46: 45352 | R46: 45418 | U46: Selesai | W46: Jalur rute memuteri Benua Africa | X46: 27-29 Feb 24 | Y46: 66 | Z46: LT History 2022–2024 | AA46: =IF(AND(ISNUMBER(L46),ISNUMBER(M46)),M46-L46,"") | AB46: =IF(AND(ISNUMBER(M46),ISNUMBER(P46)),P46-M46,"") | AC46: =IF(AND(ISNUMBER(L46),ISNUMBER(P46)),P46-L46,"") | AD46: =IF(AND(ISNUMBER(P46),ISNUMBER(Q46)),Q46-P46,"") | AE46: =IF(AND(ISNUMBER(Q46),ISNUMBER(R46)),R46-Q46,IF(ISNUMBER(Y46),Y46,"")) -> 66 | AF46: =IF(AND(ISNUMBER(R46),ISNUMBER(S46)),S46-R46,"") | AG46: =IF(AND(ISNUMBER(S46),ISNUMBER(T46)),T46-S46,"") | AH46: =IF(AND(ISNUMBER(L46),ISNUMBER(T46)),T46-L46,"") | AI46: =IF(AND(ISNUMBER(O46),ISNUMBER(Q46)),Q46-O46,"") -> 1 | AJ46: =IF(B46="","",COUNT(L46:M46,P46:T46)&"/7") -> 2/7 | AK46: =IF(B46="","",IF(OR(AND(ISNUMBER(L46),ISNUMBER(M46),M46<L46),AND(ISNUMBER(M46),ISNUMBER(P46),P46<M46),AND(ISNUMBER(P46),ISNUMBER(Q46),Q46<P46),AND(ISNUMBER(Q46),ISNUMBER(R46),R46<Q46),AND(ISNUMBER(R46),ISNUMBER(S46),S46<R46),AND(ISNUMBER(S46),ISNUMBER(T46),T46<S46),AND(ISNUMBER(N46),ISNUMBER(O46),O46<N46)),"Urutan tanggal salah",IF(AND(ISNUMBER(Q46),ISNUMBER(R46),ISNUMBER(Y46),ABS(R46-Q46-Y46)>2),"S tanggal ≠ Sailing tercatat",IF(AND(ISNUMBER(Q46),ISNUMBER(O46),ABS(Q46-O46)>60),"Cek tahun laycan",IF(AND(ISNUMBER(Q46),ISNUMBER(N46),Q46<N46),"Berangkat sebelum laycan",IF(NOT(ISNUMBER(AE46)),"S belum ada","OK")))))) -> OK
A47: =IF(B47="","",ROW()-4) -> 43 | B47: KCL | C47: KCL | D47: 2023 | E47: Jordan | F47: Aqaba,Jordan | G47: PKG Port , Gresik | H47: APC/ Clementcorp | I47: MV African Swan | K47: 27500 | N47: 45225 | O47: 45229 | Q47: 45230 | R47: 45252 | U47: Selesai | X47: 26-30 Oct 23 | Y47: 22 | Z47: LT History 2022–2024 | AA47: =IF(AND(ISNUMBER(L47),ISNUMBER(M47)),M47-L47,"") | AB47: =IF(AND(ISNUMBER(M47),ISNUMBER(P47)),P47-M47,"") | AC47: =IF(AND(ISNUMBER(L47),ISNUMBER(P47)),P47-L47,"") | AD47: =IF(AND(ISNUMBER(P47),ISNUMBER(Q47)),Q47-P47,"") | AE47: =IF(AND(ISNUMBER(Q47),ISNUMBER(R47)),R47-Q47,IF(ISNUMBER(Y47),Y47,"")) -> 22 | AF47: =IF(AND(ISNUMBER(R47),ISNUMBER(S47)),S47-R47,"") | AG47: =IF(AND(ISNUMBER(S47),ISNUMBER(T47)),T47-S47,"") | AH47: =IF(AND(ISNUMBER(L47),ISNUMBER(T47)),T47-L47,"") | AI47: =IF(AND(ISNUMBER(O47),ISNUMBER(Q47)),Q47-O47,"") -> 1 | AJ47: =IF(B47="","",COUNT(L47:M47,P47:T47)&"/7") -> 2/7 | AK47: =IF(B47="","",IF(OR(AND(ISNUMBER(L47),ISNUMBER(M47),M47<L47),AND(ISNUMBER(M47),ISNUMBER(P47),P47<M47),AND(ISNUMBER(P47),ISNUMBER(Q47),Q47<P47),AND(ISNUMBER(Q47),ISNUMBER(R47),R47<Q47),AND(ISNUMBER(R47),ISNUMBER(S47),S47<R47),AND(ISNUMBER(S47),ISNUMBER(T47),T47<S47),AND(ISNUMBER(N47),ISNUMBER(O47),O47<N47)),"Urutan tanggal salah",IF(AND(ISNUMBER(Q47),ISNUMBER(R47),ISNUMBER(Y47),ABS(R47-Q47-Y47)>2),"S tanggal ≠ Sailing tercatat",IF(AND(ISNUMBER(Q47),ISNUMBER(O47),ABS(Q47-O47)>60),"Cek tahun laycan",IF(AND(ISNUMBER(Q47),ISNUMBER(N47),Q47<N47),"Berangkat sebelum laycan",IF(NOT(ISNUMBER(AE47)),"S belum ada","OK")))))) -> OK
A48: =IF(B48="","",ROW()-4) -> 44 | B48: KCL | C48: KCL Buyer Option | D48: 2024 | E48: Jordan | F48: Aqaba,Jordan | G48: PKG Port , Gresik | H48: APC/ Clementcorp | I48: MV INCE EVRENYE | K48: 27500 | N48: 45317 | O48: 45322 | Q48: 45323 | R48: 45346 | U48: Selesai | W48: Buyer Option | X48: 26-31 Jan 24 | Y48: 23 | Z48: LT History 2022–2024 | AA48: =IF(AND(ISNUMBER(L48),ISNUMBER(M48)),M48-L48,"") | AB48: =IF(AND(ISNUMBER(M48),ISNUMBER(P48)),P48-M48,"") | AC48: =IF(AND(ISNUMBER(L48),ISNUMBER(P48)),P48-L48,"") | AD48: =IF(AND(ISNUMBER(P48),ISNUMBER(Q48)),Q48-P48,"") | AE48: =IF(AND(ISNUMBER(Q48),ISNUMBER(R48)),R48-Q48,IF(ISNUMBER(Y48),Y48,"")) -> 23 | AF48: =IF(AND(ISNUMBER(R48),ISNUMBER(S48)),S48-R48,"") | AG48: =IF(AND(ISNUMBER(S48),ISNUMBER(T48)),T48-S48,"") | AH48: =IF(AND(ISNUMBER(L48),ISNUMBER(T48)),T48-L48,"") | AI48: =IF(AND(ISNUMBER(O48),ISNUMBER(Q48)),Q48-O48,"") -> 1 | AJ48: =IF(B48="","",COUNT(L48:M48,P48:T48)&"/7") -> 2/7 | AK48: =IF(B48="","",IF(OR(AND(ISNUMBER(L48),ISNUMBER(M48),M48<L48),AND(ISNUMBER(M48),ISNUMBER(P48),P48<M48),AND(ISNUMBER(P48),ISNUMBER(Q48),Q48<P48),AND(ISNUMBER(Q48),ISNUMBER(R48),R48<Q48),AND(ISNUMBER(R48),ISNUMBER(S48),S48<R48),AND(ISNUMBER(S48),ISNUMBER(T48),T48<S48),AND(ISNUMBER(N48),ISNUMBER(O48),O48<N48)),"Urutan tanggal salah",IF(AND(ISNUMBER(Q48),ISNUMBER(R48),ISNUMBER(Y48),ABS(R48-Q48-Y48)>2),"S tanggal ≠ Sailing tercatat",IF(AND(ISNUMBER(Q48),ISNUMBER(O48),ABS(Q48-O48)>60),"Cek tahun laycan",IF(AND(ISNUMBER(Q48),ISNUMBER(N48),Q48<N48),"Berangkat sebelum laycan",IF(NOT(ISNUMBER(AE48)),"S belum ada","OK")))))) -> OK
A49: =IF(B49="","",ROW()-4) -> 45 | B49: KCL | C49: KCL | D49: 2023 | E49: Russia | F49: St Petersburg, Russia | G49: PKG Port , Gresik | H49: PJSC Uralkali/Food Security Solutions DMCC | I49: MV Pirrihios | K49: 26900 | N49: 45206 | O49: 45209 | Q49: 45210 | R49: 45255 | U49: Selesai | X49: 7 -10 Oct 23 | Y49: 45 | Z49: LT History 2022–2024 | AA49: =IF(AND(ISNUMBER(L49),ISNUMBER(M49)),M49-L49,"") | AB49: =IF(AND(ISNUMBER(M49),ISNUMBER(P49)),P49-M49,"") | AC49: =IF(AND(ISNUMBER(L49),ISNUMBER(P49)),P49-L49,"") | AD49: =IF(AND(ISNUMBER(P49),ISNUMBER(Q49)),Q49-P49,"") | AE49: =IF(AND(ISNUMBER(Q49),ISNUMBER(R49)),R49-Q49,IF(ISNUMBER(Y49),Y49,"")) -> 45 | AF49: =IF(AND(ISNUMBER(R49),ISNUMBER(S49)),S49-R49,"") | AG49: =IF(AND(ISNUMBER(S49),ISNUMBER(T49)),T49-S49,"") | AH49: =IF(AND(ISNUMBER(L49),ISNUMBER(T49)),T49-L49,"") | AI49: =IF(AND(ISNUMBER(O49),ISNUMBER(Q49)),Q49-O49,"") -> 1 | AJ49: =IF(B49="","",COUNT(L49:M49,P49:T49)&"/7") -> 2/7 | AK49: =IF(B49="","",IF(OR(AND(ISNUMBER(L49),ISNUMBER(M49),M49<L49),AND(ISNUMBER(M49),ISNUMBER(P49),P49<M49),AND(ISNUMBER(P49),ISNUMBER(Q49),Q49<P49),AND(ISNUMBER(Q49),ISNUMBER(R49),R49<Q49),AND(ISNUMBER(R49),ISNUMBER(S49),S49<R49),AND(ISNUMBER(S49),ISNUMBER(T49),T49<S49),AND(ISNUMBER(N49),ISNUMBER(O49),O49<N49)),"Urutan tanggal salah",IF(AND(ISNUMBER(Q49),ISNUMBER(R49),ISNUMBER(Y49),ABS(R49-Q49-Y49)>2),"S tanggal ≠ Sailing tercatat",IF(AND(ISNUMBER(Q49),ISNUMBER(O49),ABS(Q49-O49)>60),"Cek tahun laycan",IF(AND(ISNUMBER(Q49),ISNUMBER(N49),Q49<N49),"Berangkat sebelum laycan",IF(NOT(ISNUMBER(AE49)),"S belum ada","OK")))))) -> OK
A50: =IF(B50="","",ROW()-4) -> 46 | B50: KCL | C50: KCL Buyer Option | D50: 2024 | E50: Russia | F50: St Petersburg, Russia | G50: PKG Port , Gresik | H50: PJSC Uralkali/Food Security Solutions DMCC | I50: MV DSM Everton | K50: 27500 | N50: 45425 | O50: 45430 | Q50: 45431 | R50: 45494 | U50: Selesai | W50: Buyer Option/ Keterlambatan Unloading dikarenakan Case internal FOOD SECURITY SOLUTIONS | X50: 13-18 Mei 24 | Y50: 63 | Z50: LT History 2022–2024 | AA50: =IF(AND(ISNUMBER(L50),ISNUMBER(M50)),M50-L50,"") | AB50: =IF(AND(ISNUMBER(M50),ISNUMBER(P50)),P50-M50,"") | AC50: =IF(AND(ISNUMBER(L50),ISNUMBER(P50)),P50-L50,"") | AD50: =IF(AND(ISNUMBER(P50),ISNUMBER(Q50)),Q50-P50,"") | AE50: =IF(AND(ISNUMBER(Q50),ISNUMBER(R50)),R50-Q50,IF(ISNUMBER(Y50),Y50,"")) -> 63 | AF50: =IF(AND(ISNUMBER(R50),ISNUMBER(S50)),S50-R50,"") | AG50: =IF(AND(ISNUMBER(S50),ISNUMBER(T50)),T50-S50,"") | AH50: =IF(AND(ISNUMBER(L50),ISNUMBER(T50)),T50-L50,"") | AI50: =IF(AND(ISNUMBER(O50),ISNUMBER(Q50)),Q50-O50,"") -> 1 | AJ50: =IF(B50="","",COUNT(L50:M50,P50:T50)&"/7") -> 2/7 | AK50: =IF(B50="","",IF(OR(AND(ISNUMBER(L50),ISNUMBER(M50),M50<L50),AND(ISNUMBER(M50),ISNUMBER(P50),P50<M50),AND(ISNUMBER(P50),ISNUMBER(Q50),Q50<P50),AND(ISNUMBER(Q50),ISNUMBER(R50),R50<Q50),AND(ISNUMBER(R50),ISNUMBER(S50),S50<R50),AND(ISNUMBER(S50),ISNUMBER(T50),T50<S50),AND(ISNUMBER(N50),ISNUMBER(O50),O50<N50)),"Urutan tanggal salah",IF(AND(ISNUMBER(Q50),ISNUMBER(R50),ISNUMBER(Y50),ABS(R50-Q50-Y50)>2),"S tanggal ≠ Sailing tercatat",IF(AND(ISNUMBER(Q50),ISNUMBER(O50),ABS(Q50-O50)>60),"Cek tahun laycan",IF(AND(ISNUMBER(Q50),ISNUMBER(N50),Q50<N50),"Berangkat sebelum laycan",IF(NOT(ISNUMBER(AE50)),"S belum ada","OK")))))) -> OK
A51: =IF(B51="","",ROW()-4) -> 47 | B51: KCL | C51: KCL | D51: 2024 | E51: Russia | F51: Tuapse, Russia | G51: PKG Port , Gresik | H51: Eurochem Trading Middle East DMCC | I51: MV Elias | K51: 27092 | N51: 45322 | O51: 45324 | Q51: 45325 | R51: 45353 | U51: Selesai | W51: 1H Feb 2024 | X51: 31 Jan -02 Feb 24 | Y51: 28 | Z51: LT History 2022–2024 | AA51: =IF(AND(ISNUMBER(L51),ISNUMBER(M51)),M51-L51,"") | AB51: =IF(AND(ISNUMBER(M51),ISNUMBER(P51)),P51-M51,"") | AC51: =IF(AND(ISNUMBER(L51),ISNUMBER(P51)),P51-L51,"") | AD51: =IF(AND(ISNUMBER(P51),ISNUMBER(Q51)),Q51-P51,"") | AE51: =IF(AND(ISNUMBER(Q51),ISNUMBER(R51)),R51-Q51,IF(ISNUMBER(Y51),Y51,"")) -> 28 | AF51: =IF(AND(ISNUMBER(R51),ISNUMBER(S51)),S51-R51,"") | AG51: =IF(AND(ISNUMBER(S51),ISNUMBER(T51)),T51-S51,"") | AH51: =IF(AND(ISNUMBER(L51),ISNUMBER(T51)),T51-L51,"") | AI51: =IF(AND(ISNUMBER(O51),ISNUMBER(Q51)),Q51-O51,"") -> 1 | AJ51: =IF(B51="","",COUNT(L51:M51,P51:T51)&"/7") -> 2/7 | AK51: =IF(B51="","",IF(OR(AND(ISNUMBER(L51),ISNUMBER(M51),M51<L51),AND(ISNUMBER(M51),ISNUMBER(P51),P51<M51),AND(ISNUMBER(P51),ISNUMBER(Q51),Q51<P51),AND(ISNUMBER(Q51),ISNUMBER(R51),R51<Q51),AND(ISNUMBER(R51),ISNUMBER(S51),S51<R51),AND(ISNUMBER(S51),ISNUMBER(T51),T51<S51),AND(ISNUMBER(N51),ISNUMBER(O51),O51<N51)),"Urutan tanggal salah",IF(AND(ISNUMBER(Q51),ISNUMBER(R51),ISNUMBER(Y51),ABS(R51-Q51-Y51)>2),"S tanggal ≠ Sailing tercatat",IF(AND(ISNUMBER(Q51),ISNUMBER(O51),ABS(Q51-O51)>60),"Cek tahun laycan",IF(AND(ISNUMBER(Q51),ISNUMBER(N51),Q51<N51),"Berangkat sebelum laycan",IF(NOT(ISNUMBER(AE51)),"S belum ada","OK")))))) -> OK
A52: =IF(B52="","",ROW()-4) -> 48 | B52: KCL | C52: KCL 1 st | D52: 2024 | E52: Russia | F52: Ust Luga, Russia | G52: PKG Port , Gresik | H52: Eurochem Trading GmbH/Fertistream DMCC | I52: MV Turbo S | K52: 27500 | N52: 45373 | O52: 45376 | Q52: 45377 | R52: 45422 | U52: Selesai | W52: Apr-Jun 24 | X52: 22-25 Mar 24 | Y52: 45 | Z52: LT History 2022–2024 | AA52: =IF(AND(ISNUMBER(L52),ISNUMBER(M52)),M52-L52,"") | AB52: =IF(AND(ISNUMBER(M52),ISNUMBER(P52)),P52-M52,"") | AC52: =IF(AND(ISNUMBER(L52),ISNUMBER(P52)),P52-L52,"") | AD52: =IF(AND(ISNUMBER(P52),ISNUMBER(Q52)),Q52-P52,"") | AE52: =IF(AND(ISNUMBER(Q52),ISNUMBER(R52)),R52-Q52,IF(ISNUMBER(Y52),Y52,"")) -> 45 | AF52: =IF(AND(ISNUMBER(R52),ISNUMBER(S52)),S52-R52,"") | AG52: =IF(AND(ISNUMBER(S52),ISNUMBER(T52)),T52-S52,"") | AH52: =IF(AND(ISNUMBER(L52),ISNUMBER(T52)),T52-L52,"") | AI52: =IF(AND(ISNUMBER(O52),ISNUMBER(Q52)),Q52-O52,"") -> 1 | AJ52: =IF(B52="","",COUNT(L52:M52,P52:T52)&"/7") -> 2/7 | AK52: =IF(B52="","",IF(OR(AND(ISNUMBER(L52),ISNUMBER(M52),M52<L52),AND(ISNUMBER(M52),ISNUMBER(P52),P52<M52),AND(ISNUMBER(P52),ISNUMBER(Q52),Q52<P52),AND(ISNUMBER(Q52),ISNUMBER(R52),R52<Q52),AND(ISNUMBER(R52),ISNUMBER(S52),S52<R52),AND(ISNUMBER(S52),ISNUMBER(T52),T52<S52),AND(ISNUMBER(N52),ISNUMBER(O52),O52<N52)),"Urutan tanggal salah",IF(AND(ISNUMBER(Q52),ISNUMBER(R52),ISNUMBER(Y52),ABS(R52-Q52-Y52)>2),"S tanggal ≠ Sailing tercatat",IF(AND(ISNUMBER(Q52),ISNUMBER(O52),ABS(Q52-O52)>60),"Cek tahun laycan",IF(AND(ISNUMBER(Q52),ISNUMBER(N52),Q52<N52),"Berangkat sebelum laycan",IF(NOT(ISNUMBER(AE52)),"S belum ada","OK")))))) -> OK
A53: =IF(B53="","",ROW()-4) -> 49 | B53: KCL | C53: KCl 2nd | D53: 2024 | E53: Russia | F53: Ust Luga, Russia | G53: PKG Port , Gresik | H53: Eurochem Trading GmbH/Fertistream DMCC | I53: MV DSM London | K53: 25500 | N53: 45432 | O53: 45437 | Q53: 45438 | R53: 45480 | U53: Selesai | W53: Apr-Jun 24/ Jalur rute memuteri Benua Africa | X53: 20-25 Mei 24 | Y53: 42 | Z53: LT History 2022–2024 | AA53: =IF(AND(ISNUMBER(L53),ISNUMBER(M53)),M53-L53,"") | AB53: =IF(AND(ISNUMBER(M53),ISNUMBER(P53)),P53-M53,"") | AC53: =IF(AND(ISNUMBER(L53),ISNUMBER(P53)),P53-L53,"") | AD53: =IF(AND(ISNUMBER(P53),ISNUMBER(Q53)),Q53-P53,"") | AE53: =IF(AND(ISNUMBER(Q53),ISNUMBER(R53)),R53-Q53,IF(ISNUMBER(Y53),Y53,"")) -> 42 | AF53: =IF(AND(ISNUMBER(R53),ISNUMBER(S53)),S53-R53,"") | AG53: =IF(AND(ISNUMBER(S53),ISNUMBER(T53)),T53-S53,"") | AH53: =IF(AND(ISNUMBER(L53),ISNUMBER(T53)),T53-L53,"") | AI53: =IF(AND(ISNUMBER(O53),ISNUMBER(Q53)),Q53-O53,"") -> 1 | AJ53: =IF(B53="","",COUNT(L53:M53,P53:T53)&"/7") -> 2/7 | AK53: =IF(B53="","",IF(OR(AND(ISNUMBER(L53),ISNUMBER(M53),M53<L53),AND(ISNUMBER(M53),ISNUMBER(P53),P53<M53),AND(ISNUMBER(P53),ISNUMBER(Q53),Q53<P53),AND(ISNUMBER(Q53),ISNUMBER(R53),R53<Q53),AND(ISNUMBER(R53),ISNUMBER(S53),S53<R53),AND(ISNUMBER(S53),ISNUMBER(T53),T53<S53),AND(ISNUMBER(N53),ISNUMBER(O53),O53<N53)),"Urutan tanggal salah",IF(AND(ISNUMBER(Q53),ISNUMBER(R53),ISNUMBER(Y53),ABS(R53-Q53-Y53)>2),"S tanggal ≠ Sailing tercatat",IF(AND(ISNUMBER(Q53),ISNUMBER(O53),ABS(Q53-O53)>60),"Cek tahun laycan",IF(AND(ISNUMBER(Q53),ISNUMBER(N53),Q53<N53),"Berangkat sebelum laycan",IF(NOT(ISNUMBER(AE53)),"S belum ada","OK")))))) -> OK
A54: =IF(B54="","",ROW()-4) -> 50 | B54: KCL | C54: KCL | D54: 2024 | E54: Belarusia | F54: St Petersburg, Russia | G54: PKG Port , Gresik | H54: JSC BPC/Fertilife FZE | I54: MV MXD XIAMEN | K54: 27500 | N54: 45406 | O54: 45406 | Q54: 45407 | R54: 45448 | U54: Selesai | W54: Apr-Jun 24 | Y54: 41 | Z54: LT History 2022–2024 | AA54: =IF(AND(ISNUMBER(L54),ISNUMBER(M54)),M54-L54,"") | AB54: =IF(AND(ISNUMBER(M54),ISNUMBER(P54)),P54-M54,"") | AC54: =IF(AND(ISNUMBER(L54),ISNUMBER(P54)),P54-L54,"") | AD54: =IF(AND(ISNUMBER(P54),ISNUMBER(Q54)),Q54-P54,"") | AE54: =IF(AND(ISNUMBER(Q54),ISNUMBER(R54)),R54-Q54,IF(ISNUMBER(Y54),Y54,"")) -> 41 | AF54: =IF(AND(ISNUMBER(R54),ISNUMBER(S54)),S54-R54,"") | AG54: =IF(AND(ISNUMBER(S54),ISNUMBER(T54)),T54-S54,"") | AH54: =IF(AND(ISNUMBER(L54),ISNUMBER(T54)),T54-L54,"") | AI54: =IF(AND(ISNUMBER(O54),ISNUMBER(Q54)),Q54-O54,"") -> 1 | AJ54: =IF(B54="","",COUNT(L54:M54,P54:T54)&"/7") -> 2/7 | AK54: =IF(B54="","",IF(OR(AND(ISNUMBER(L54),ISNUMBER(M54),M54<L54),AND(ISNUMBER(M54),ISNUMBER(P54),P54<M54),AND(ISNUMBER(P54),ISNUMBER(Q54),Q54<P54),AND(ISNUMBER(Q54),ISNUMBER(R54),R54<Q54),AND(ISNUMBER(R54),ISNUMBER(S54),S54<R54),AND(ISNUMBER(S54),ISNUMBER(T54),T54<S54),AND(ISNUMBER(N54),ISNUMBER(O54),O54<N54)),"Urutan tanggal salah",IF(AND(ISNUMBER(Q54),ISNUMBER(R54),ISNUMBER(Y54),ABS(R54-Q54-Y54)>2),"S tanggal ≠ Sailing tercatat",IF(AND(ISNUMBER(Q54),ISNUMBER(O54),ABS(Q54-O54)>60),"Cek tahun laycan",IF(AND(ISNUMBER(Q54),ISNUMBER(N54),Q54<N54),"Berangkat sebelum laycan",IF(NOT(ISNUMBER(AE54)),"S belum ada","OK")))))) -> OK
A55: =IF(B55="","",ROW()-4) -> 51 | B55: KCL | C55: KCL 1 st | D55: 2024 | E55: Russia | F55: St Petersburg, Russia | G55: PKG Port , Gresik | H55: PJSC Uralkali/Food Security Solutions DMCC | I55: MV Lago Di Cancano | K55: 27500 | N55: 45458 | O55: 45461 | Q55: 45462 | R55: 45506 | U55: Selesai | W55: W1 JUL 24 | X55: 15-18 Jun 24 | Y55: 44 | Z55: LT History 2022–2024 | AA55: =IF(AND(ISNUMBER(L55),ISNUMBER(M55)),M55-L55,"") | AB55: =IF(AND(ISNUMBER(M55),ISNUMBER(P55)),P55-M55,"") | AC55: =IF(AND(ISNUMBER(L55),ISNUMBER(P55)),P55-L55,"") | AD55: =IF(AND(ISNUMBER(P55),ISNUMBER(Q55)),Q55-P55,"") | AE55: =IF(AND(ISNUMBER(Q55),ISNUMBER(R55)),R55-Q55,IF(ISNUMBER(Y55),Y55,"")) -> 44 | AF55: =IF(AND(ISNUMBER(R55),ISNUMBER(S55)),S55-R55,"") | AG55: =IF(AND(ISNUMBER(S55),ISNUMBER(T55)),T55-S55,"") | AH55: =IF(AND(ISNUMBER(L55),ISNUMBER(T55)),T55-L55,"") | AI55: =IF(AND(ISNUMBER(O55),ISNUMBER(Q55)),Q55-O55,"") -> 1 | AJ55: =IF(B55="","",COUNT(L55:M55,P55:T55)&"/7") -> 2/7 | AK55: =IF(B55="","",IF(OR(AND(ISNUMBER(L55),ISNUMBER(M55),M55<L55),AND(ISNUMBER(M55),ISNUMBER(P55),P55<M55),AND(ISNUMBER(P55),ISNUMBER(Q55),Q55<P55),AND(ISNUMBER(Q55),ISNUMBER(R55),R55<Q55),AND(ISNUMBER(R55),ISNUMBER(S55),S55<R55),AND(ISNUMBER(S55),ISNUMBER(T55),T55<S55),AND(ISNUMBER(N55),ISNUMBER(O55),O55<N55)),"Urutan tanggal salah",IF(AND(ISNUMBER(Q55),ISNUMBER(R55),ISNUMBER(Y55),ABS(R55-Q55-Y55)>2),"S tanggal ≠ Sailing tercatat",IF(AND(ISNUMBER(Q55),ISNUMBER(O55),ABS(Q55-O55)>60),"Cek tahun laycan",IF(AND(ISNUMBER(Q55),ISNUMBER(N55),Q55<N55),"Berangkat sebelum laycan",IF(NOT(ISNUMBER(AE55)),"S belum ada","OK")))))) -> OK
A56: =IF(B56="","",ROW()-4) -> 52 | B56: KCL | C56: KCL Fine Grade | D56: 2024 | E56: Russia | F56: St Petersburg, Russia | G56: PKG Port , Gresik | H56: PJSC Uralkali/Food Security Solutions DMCC | I56: MV Lago Di Cancano | K56: 5500 | N56: 45458 | O56: 45461 | Q56: 45462 | R56: 45506 | U56: Selesai | W56: W1 Aug 24 | X56: 15-18 Jun 24 | Y56: 44 | Z56: LT History 2022–2024 | AA56: =IF(AND(ISNUMBER(L56),ISNUMBER(M56)),M56-L56,"") | AB56: =IF(AND(ISNUMBER(M56),ISNUMBER(P56)),P56-M56,"") | AC56: =IF(AND(ISNUMBER(L56),ISNUMBER(P56)),P56-L56,"") | AD56: =IF(AND(ISNUMBER(P56),ISNUMBER(Q56)),Q56-P56,"") | AE56: =IF(AND(ISNUMBER(Q56),ISNUMBER(R56)),R56-Q56,IF(ISNUMBER(Y56),Y56,"")) -> 44 | AF56: =IF(AND(ISNUMBER(R56),ISNUMBER(S56)),S56-R56,"") | AG56: =IF(AND(ISNUMBER(S56),ISNUMBER(T56)),T56-S56,"") | AH56: =IF(AND(ISNUMBER(L56),ISNUMBER(T56)),T56-L56,"") | AI56: =IF(AND(ISNUMBER(O56),ISNUMBER(Q56)),Q56-O56,"") -> 1 | AJ56: =IF(B56="","",COUNT(L56:M56,P56:T56)&"/7") -> 2/7 | AK56: =IF(B56="","",IF(OR(AND(ISNUMBER(L56),ISNUMBER(M56),M56<L56),AND(ISNUMBER(M56),ISNUMBER(P56),P56<M56),AND(ISNUMBER(P56),ISNUMBER(Q56),Q56<P56),AND(ISNUMBER(Q56),ISNUMBER(R56),R56<Q56),AND(ISNUMBER(R56),ISNUMBER(S56),S56<R56),AND(ISNUMBER(S56),ISNUMBER(T56),T56<S56),AND(ISNUMBER(N56),ISNUMBER(O56),O56<N56)),"Urutan tanggal salah",IF(AND(ISNUMBER(Q56),ISNUMBER(R56),ISNUMBER(Y56),ABS(R56-Q56-Y56)>2),"S tanggal ≠ Sailing tercatat",IF(AND(ISNUMBER(Q56),ISNUMBER(O56),ABS(Q56-O56)>60),"Cek tahun laycan",IF(AND(ISNUMBER(Q56),ISNUMBER(N56),Q56<N56),"Berangkat sebelum laycan",IF(NOT(ISNUMBER(AE56)),"S belum ada","OK")))))) -> OK
A57: =IF(B57="","",ROW()-4) -> 53 | B57: KCL | C57: KCL 2 nd | D57: 2024 | E57: Russia | F57: Ust Luga, Russia | G57: PKG Port , Gresik | H57: PJSC Uralkali/Food Security Solutions DMCC | I57: MV Sunset | K57: 26000 | N57: 45499 | O57: 45504 | Q57: 45505 | R57: 45554 | U57: Selesai | W57: W1 Aug 24 | X57: 26-31 Jul 24 | Y57: 49 | Z57: LT History 2022–2024 | AA57: =IF(AND(ISNUMBER(L57),ISNUMBER(M57)),M57-L57,"") | AB57: =IF(AND(ISNUMBER(M57),ISNUMBER(P57)),P57-M57,"") | AC57: =IF(AND(ISNUMBER(L57),ISNUMBER(P57)),P57-L57,"") | AD57: =IF(AND(ISNUMBER(P57),ISNUMBER(Q57)),Q57-P57,"") | AE57: =IF(AND(ISNUMBER(Q57),ISNUMBER(R57)),R57-Q57,IF(ISNUMBER(Y57),Y57,"")) -> 49 | AF57: =IF(AND(ISNUMBER(R57),ISNUMBER(S57)),S57-R57,"") | AG57: =IF(AND(ISNUMBER(S57),ISNUMBER(T57)),T57-S57,"") | AH57: =IF(AND(ISNUMBER(L57),ISNUMBER(T57)),T57-L57,"") | AI57: =IF(AND(ISNUMBER(O57),ISNUMBER(Q57)),Q57-O57,"") -> 1 | AJ57: =IF(B57="","",COUNT(L57:M57,P57:T57)&"/7") -> 2/7 | AK57: =IF(B57="","",IF(OR(AND(ISNUMBER(L57),ISNUMBER(M57),M57<L57),AND(ISNUMBER(M57),ISNUMBER(P57),P57<M57),AND(ISNUMBER(P57),ISNUMBER(Q57),Q57<P57),AND(ISNUMBER(Q57),ISNUMBER(R57),R57<Q57),AND(ISNUMBER(R57),ISNUMBER(S57),S57<R57),AND(ISNUMBER(S57),ISNUMBER(T57),T57<S57),AND(ISNUMBER(N57),ISNUMBER(O57),O57<N57)),"Urutan tanggal salah",IF(AND(ISNUMBER(Q57),ISNUMBER(R57),ISNUMBER(Y57),ABS(R57-Q57-Y57)>2),"S tanggal ≠ Sailing tercatat",IF(AND(ISNUMBER(Q57),ISNUMBER(O57),ABS(Q57-O57)>60),"Cek tahun laycan",IF(AND(ISNUMBER(Q57),ISNUMBER(N57),Q57<N57),"Berangkat sebelum laycan",IF(NOT(ISNUMBER(AE57)),"S belum ada","OK")))))) -> OK
A58: =IF(B58="","",ROW()-4) -> 54 | B58: KCL | C58: KCL 3 rd | D58: 2024 | E58: Russia | F58: Ust Luga, Russia | G58: PKG Port , Gresik | H58: PJSC Uralkali/Food Security Solutions DMCC | I58: MV Ayana Star | K58: 27200 | N58: 45559 | O58: 45564 | Q58: 45565 | R58: 45607 | U58: Dalam pelayaran | W58: W3 Aug 24 | X58: 24-29 Sep 24 | Y58: 42 | Z58: LT History 2022–2024 | AA58: =IF(AND(ISNUMBER(L58),ISNUMBER(M58)),M58-L58,"") | AB58: =IF(AND(ISNUMBER(M58),ISNUMBER(P58)),P58-M58,"") | AC58: =IF(AND(ISNUMBER(L58),ISNUMBER(P58)),P58-L58,"") | AD58: =IF(AND(ISNUMBER(P58),ISNUMBER(Q58)),Q58-P58,"") | AE58: =IF(AND(ISNUMBER(Q58),ISNUMBER(R58)),R58-Q58,IF(ISNUMBER(Y58),Y58,"")) -> 42 | AF58: =IF(AND(ISNUMBER(R58),ISNUMBER(S58)),S58-R58,"") | AG58: =IF(AND(ISNUMBER(S58),ISNUMBER(T58)),T58-S58,"") | AH58: =IF(AND(ISNUMBER(L58),ISNUMBER(T58)),T58-L58,"") | AI58: =IF(AND(ISNUMBER(O58),ISNUMBER(Q58)),Q58-O58,"") -> 1 | AJ58: =IF(B58="","",COUNT(L58:M58,P58:T58)&"/7") -> 2/7 | AK58: =IF(B58="","",IF(OR(AND(ISNUMBER(L58),ISNUMBER(M58),M58<L58),AND(ISNUMBER(M58),ISNUMBER(P58),P58<M58),AND(ISNUMBER(P58),ISNUMBER(Q58),Q58<P58),AND(ISNUMBER(Q58),ISNUMBER(R58),R58<Q58),AND(ISNUMBER(R58),ISNUMBER(S58),S58<R58),AND(ISNUMBER(S58),ISNUMBER(T58),T58<S58),AND(ISNUMBER(N58),ISNUMBER(O58),O58<N58)),"Urutan tanggal salah",IF(AND(ISNUMBER(Q58),ISNUMBER(R58),ISNUMBER(Y58),ABS(R58-Q58-Y58)>2),"S tanggal ≠ Sailing tercatat",IF(AND(ISNUMBER(Q58),ISNUMBER(O58),ABS(Q58-O58)>60),"Cek tahun laycan",IF(AND(ISNUMBER(Q58),ISNUMBER(N58),Q58<N58),"Berangkat sebelum laycan",IF(NOT(ISNUMBER(AE58)),"S belum ada","OK")))))) -> OK
A59: =IF(B59="","",ROW()-4) -> 55 | B59: KCL | C59: Buyer Option | D59: 2024 | E59: Russia | F59: St Petersburg, Russia | G59: PKG Port , Gresik | H59: PJSC Uralkali/Food Security Solutions DMCC | I59: MV SSI CONQUEST | K59: 25000 | N59: 45581 | O59: 45585 | Q59: 45586 | R59: 45626 | U59: Nominasi kapal | W59: 2H NOV 24 | X59: 16-20 Okt 24 | Y59: 40 | Z59: LT History 2022–2024 | AA59: =IF(AND(ISNUMBER(L59),ISNUMBER(M59)),M59-L59,"") | AB59: =IF(AND(ISNUMBER(M59),ISNUMBER(P59)),P59-M59,"") | AC59: =IF(AND(ISNUMBER(L59),ISNUMBER(P59)),P59-L59,"") | AD59: =IF(AND(ISNUMBER(P59),ISNUMBER(Q59)),Q59-P59,"") | AE59: =IF(AND(ISNUMBER(Q59),ISNUMBER(R59)),R59-Q59,IF(ISNUMBER(Y59),Y59,"")) -> 40 | AF59: =IF(AND(ISNUMBER(R59),ISNUMBER(S59)),S59-R59,"") | AG59: =IF(AND(ISNUMBER(S59),ISNUMBER(T59)),T59-S59,"") | AH59: =IF(AND(ISNUMBER(L59),ISNUMBER(T59)),T59-L59,"") | AI59: =IF(AND(ISNUMBER(O59),ISNUMBER(Q59)),Q59-O59,"") -> 1 | AJ59: =IF(B59="","",COUNT(L59:M59,P59:T59)&"/7") -> 2/7 | AK59: =IF(B59="","",IF(OR(AND(ISNUMBER(L59),ISNUMBER(M59),M59<L59),AND(ISNUMBER(M59),ISNUMBER(P59),P59<M59),AND(ISNUMBER(P59),ISNUMBER(Q59),Q59<P59),AND(ISNUMBER(Q59),ISNUMBER(R59),R59<Q59),AND(ISNUMBER(R59),ISNUMBER(S59),S59<R59),AND(ISNUMBER(S59),ISNUMBER(T59),T59<S59),AND(ISNUMBER(N59),ISNUMBER(O59),O59<N59)),"Urutan tanggal salah",IF(AND(ISNUMBER(Q59),ISNUMBER(R59),ISNUMBER(Y59),ABS(R59-Q59-Y59)>2),"S tanggal ≠ Sailing tercatat",IF(AND(ISNUMBER(Q59),ISNUMBER(O59),ABS(Q59-O59)>60),"Cek tahun laycan",IF(AND(ISNUMBER(Q59),ISNUMBER(N59),Q59<N59),"Berangkat sebelum laycan",IF(NOT(ISNUMBER(AE59)),"S belum ada","OK")))))) -> OK
A60: =IF(B60="","",ROW()-4) -> 56 | B60: KCL | C60: KCL 1 st | D60: 2024 | E60: Belarusia | F60: St Petersburg, Russia | G60: PKG Port , Gresik | H60: JSC BPC/Pacific Rim International Fertilizer Limited | I60: MV AGIA IOANNA | K60: 27500 | N60: 45477 | O60: 45479 | Q60: 45480 | R60: 45542 | U60: Selesai | W60: W1 SEP 24 | X60: 4-6 juli | Y60: 62 | Z60: LT History 2022–2024 | AA60: =IF(AND(ISNUMBER(L60),ISNUMBER(M60)),M60-L60,"") | AB60: =IF(AND(ISNUMBER(M60),ISNUMBER(P60)),P60-M60,"") | AC60: =IF(AND(ISNUMBER(L60),ISNUMBER(P60)),P60-L60,"") | AD60: =IF(AND(ISNUMBER(P60),ISNUMBER(Q60)),Q60-P60,"") | AE60: =IF(AND(ISNUMBER(Q60),ISNUMBER(R60)),R60-Q60,IF(ISNUMBER(Y60),Y60,"")) -> 62 | AF60: =IF(AND(ISNUMBER(R60),ISNUMBER(S60)),S60-R60,"") | AG60: =IF(AND(ISNUMBER(S60),ISNUMBER(T60)),T60-S60,"") | AH60: =IF(AND(ISNUMBER(L60),ISNUMBER(T60)),T60-L60,"") | AI60: =IF(AND(ISNUMBER(O60),ISNUMBER(Q60)),Q60-O60,"") -> 1 | AJ60: =IF(B60="","",COUNT(L60:M60,P60:T60)&"/7") -> 2/7 | AK60: =IF(B60="","",IF(OR(AND(ISNUMBER(L60),ISNUMBER(M60),M60<L60),AND(ISNUMBER(M60),ISNUMBER(P60),P60<M60),AND(ISNUMBER(P60),ISNUMBER(Q60),Q60<P60),AND(ISNUMBER(Q60),ISNUMBER(R60),R60<Q60),AND(ISNUMBER(R60),ISNUMBER(S60),S60<R60),AND(ISNUMBER(S60),ISNUMBER(T60),T60<S60),AND(ISNUMBER(N60),ISNUMBER(O60),O60<N60)),"Urutan tanggal salah",IF(AND(ISNUMBER(Q60),ISNUMBER(R60),ISNUMBER(Y60),ABS(R60-Q60-Y60)>2),"S tanggal ≠ Sailing tercatat",IF(AND(ISNUMBER(Q60),ISNUMBER(O60),ABS(Q60-O60)>60),"Cek tahun laycan",IF(AND(ISNUMBER(Q60),ISNUMBER(N60),Q60<N60),"Berangkat sebelum laycan",IF(NOT(ISNUMBER(AE60)),"S belum ada","OK")))))) -> OK
A61: =IF(B61="","",ROW()-4) -> 57 | B61: KCL | C61: KCL 2 nd | D61: 2024 | E61: Belarusia | F61: St Petersburg, Russia | G61: PKG Port , Gresik | H61: JSC BPC/Pacific Rim International Fertilizer Limited | I61: MV Acacia | K61: 25000 | N61: 45522 | O61: 45526 | Q61: 45527 | R61: 45578 | U61: Bongkar | W61: W4 OKT 24 | X61: 18-22 Aug 24 | Y61: 51 | Z61: LT History 2022–2024 | AA61: =IF(AND(ISNUMBER(L61),ISNUMBER(M61)),M61-L61,"") | AB61: =IF(AND(ISNUMBER(M61),ISNUMBER(P61)),P61-M61,"") | AC61: =IF(AND(ISNUMBER(L61),ISNUMBER(P61)),P61-L61,"") | AD61: =IF(AND(ISNUMBER(P61),ISNUMBER(Q61)),Q61-P61,"") | AE61: =IF(AND(ISNUMBER(Q61),ISNUMBER(R61)),R61-Q61,IF(ISNUMBER(Y61),Y61,"")) -> 51 | AF61: =IF(AND(ISNUMBER(R61),ISNUMBER(S61)),S61-R61,"") | AG61: =IF(AND(ISNUMBER(S61),ISNUMBER(T61)),T61-S61,"") | AH61: =IF(AND(ISNUMBER(L61),ISNUMBER(T61)),T61-L61,"") | AI61: =IF(AND(ISNUMBER(O61),ISNUMBER(Q61)),Q61-O61,"") -> 1 | AJ61: =IF(B61="","",COUNT(L61:M61,P61:T61)&"/7") -> 2/7 | AK61: =IF(B61="","",IF(OR(AND(ISNUMBER(L61),ISNUMBER(M61),M61<L61),AND(ISNUMBER(M61),ISNUMBER(P61),P61<M61),AND(ISNUMBER(P61),ISNUMBER(Q61),Q61<P61),AND(ISNUMBER(Q61),ISNUMBER(R61),R61<Q61),AND(ISNUMBER(R61),ISNUMBER(S61),S61<R61),AND(ISNUMBER(S61),ISNUMBER(T61),T61<S61),AND(ISNUMBER(N61),ISNUMBER(O61),O61<N61)),"Urutan tanggal salah",IF(AND(ISNUMBER(Q61),ISNUMBER(R61),ISNUMBER(Y61),ABS(R61-Q61-Y61)>2),"S tanggal ≠ Sailing tercatat",IF(AND(ISNUMBER(Q61),ISNUMBER(O61),ABS(Q61-O61)>60),"Cek tahun laycan",IF(AND(ISNUMBER(Q61),ISNUMBER(N61),Q61<N61),"Berangkat sebelum laycan",IF(NOT(ISNUMBER(AE61)),"S belum ada","OK")))))) -> OK
A62: =IF(B62="","",ROW()-4) -> 58 | B62: KCL | C62: KCL 2 nd | D62: 2024 | E62: Belarusia | G62: PKG Port , Gresik | H62: JSC BPC/Pacific Rim International Fertilizer Limited | K62: 25000 | W62: W1 NOV 24 | Z62: LT History 2022–2024 | AA62: =IF(AND(ISNUMBER(L62),ISNUMBER(M62)),M62-L62,"") | AB62: =IF(AND(ISNUMBER(M62),ISNUMBER(P62)),P62-M62,"") | AC62: =IF(AND(ISNUMBER(L62),ISNUMBER(P62)),P62-L62,"") | AD62: =IF(AND(ISNUMBER(P62),ISNUMBER(Q62)),Q62-P62,"") | AE62: =IF(AND(ISNUMBER(Q62),ISNUMBER(R62)),R62-Q62,IF(ISNUMBER(Y62),Y62,"")) | AF62: =IF(AND(ISNUMBER(R62),ISNUMBER(S62)),S62-R62,"") | AG62: =IF(AND(ISNUMBER(S62),ISNUMBER(T62)),T62-S62,"") | AH62: =IF(AND(ISNUMBER(L62),ISNUMBER(T62)),T62-L62,"") | AI62: =IF(AND(ISNUMBER(O62),ISNUMBER(Q62)),Q62-O62,"") | AJ62: =IF(B62="","",COUNT(L62:M62,P62:T62)&"/7") -> 0/7 | AK62: =IF(B62="","",IF(OR(AND(ISNUMBER(L62),ISNUMBER(M62),M62<L62),AND(ISNUMBER(M62),ISNUMBER(P62),P62<M62),AND(ISNUMBER(P62),ISNUMBER(Q62),Q62<P62),AND(ISNUMBER(Q62),ISNUMBER(R62),R62<Q62),AND(ISNUMBER(R62),ISNUMBER(S62),S62<R62),AND(ISNUMBER(S62),ISNUMBER(T62),T62<S62),AND(ISNUMBER(N62),ISNUMBER(O62),O62<N62)),"Urutan tanggal salah",IF(AND(ISNUMBER(Q62),ISNUMBER(R62),ISNUMBER(Y62),ABS(R62-Q62-Y62)>2),"S tanggal ≠ Sailing tercatat",IF(AND(ISNUMBER(Q62),ISNUMBER(O62),ABS(Q62-O62)>60),"Cek tahun laycan",IF(AND(ISNUMBER(Q62),ISNUMBER(N62),Q62<N62),"Berangkat sebelum laycan",IF(NOT(ISNUMBER(AE62)),"S belum ada","OK")))))) -> S belum ada
A63: =IF(B63="","",ROW()-4) -> 59 | B63: KCL | C63: Buyer Option | D63: 2024 | E63: Belarusia | H63: JSC BPC/Pacific Rim International Fertilizer Limited | K63: 25000 | W63: 1H NOV 24 | Z63: LT History 2022–2024 | AA63: =IF(AND(ISNUMBER(L63),ISNUMBER(M63)),M63-L63,"") | AB63: =IF(AND(ISNUMBER(M63),ISNUMBER(P63)),P63-M63,"") | AC63: =IF(AND(ISNUMBER(L63),ISNUMBER(P63)),P63-L63,"") | AD63: =IF(AND(ISNUMBER(P63),ISNUMBER(Q63)),Q63-P63,"") | AE63: =IF(AND(ISNUMBER(Q63),ISNUMBER(R63)),R63-Q63,IF(ISNUMBER(Y63),Y63,"")) | AF63: =IF(AND(ISNUMBER(R63),ISNUMBER(S63)),S63-R63,"") | AG63: =IF(AND(ISNUMBER(S63),ISNUMBER(T63)),T63-S63,"") | AH63: =IF(AND(ISNUMBER(L63),ISNUMBER(T63)),T63-L63,"") | AI63: =IF(AND(ISNUMBER(O63),ISNUMBER(Q63)),Q63-O63,"") | AJ63: =IF(B63="","",COUNT(L63:M63,P63:T63)&"/7") -> 0/7 | AK63: =IF(B63="","",IF(OR(AND(ISNUMBER(L63),ISNUMBER(M63),M63<L63),AND(ISNUMBER(M63),ISNUMBER(P63),P63<M63),AND(ISNUMBER(P63),ISNUMBER(Q63),Q63<P63),AND(ISNUMBER(Q63),ISNUMBER(R63),R63<Q63),AND(ISNUMBER(R63),ISNUMBER(S63),S63<R63),AND(ISNUMBER(S63),ISNUMBER(T63),T63<S63),AND(ISNUMBER(N63),ISNUMBER(O63),O63<N63)),"Urutan tanggal salah",IF(AND(ISNUMBER(Q63),ISNUMBER(R63),ISNUMBER(Y63),ABS(R63-Q63-Y63)>2),"S tanggal ≠ Sailing tercatat",IF(AND(ISNUMBER(Q63),ISNUMBER(O63),ABS(Q63-O63)>60),"Cek tahun laycan",IF(AND(ISNUMBER(Q63),ISNUMBER(N63),Q63<N63),"Berangkat sebelum laycan",IF(NOT(ISNUMBER(AE63)),"S belum ada","OK")))))) -> S belum ada
A64: =IF(B64="","",ROW()-4) -> 60 | B64: KCL | C64: KCL 1 st | D64: 2024 | E64: Russia | F64: Ust Luga, Russia | G64: PKG Port , Gresik | H64: Eurochem/Fertistream DMCC | I64: MV EMMANUEL C | K64: 27500 | N64: 45516 | O64: 45520 | Q64: 45521 | R64: 45576 | U64: Bongkar | W64: W2 OKT 24 | X64: 12-16 Agustus 24 | Y64: 55 | Z64: LT History 2022–2024 | AA64: =IF(AND(ISNUMBER(L64),ISNUMBER(M64)),M64-L64,"") | AB64: =IF(AND(ISNUMBER(M64),ISNUMBER(P64)),P64-M64,"") | AC64: =IF(AND(ISNUMBER(L64),ISNUMBER(P64)),P64-L64,"") | AD64: =IF(AND(ISNUMBER(P64),ISNUMBER(Q64)),Q64-P64,"") | AE64: =IF(AND(ISNUMBER(Q64),ISNUMBER(R64)),R64-Q64,IF(ISNUMBER(Y64),Y64,"")) -> 55 | AF64: =IF(AND(ISNUMBER(R64),ISNUMBER(S64)),S64-R64,"") | AG64: =IF(AND(ISNUMBER(S64),ISNUMBER(T64)),T64-S64,"") | AH64: =IF(AND(ISNUMBER(L64),ISNUMBER(T64)),T64-L64,"") | AI64: =IF(AND(ISNUMBER(O64),ISNUMBER(Q64)),Q64-O64,"") -> 1 | AJ64: =IF(B64="","",COUNT(L64:M64,P64:T64)&"/7") -> 2/7 | AK64: =IF(B64="","",IF(OR(AND(ISNUMBER(L64),ISNUMBER(M64),M64<L64),AND(ISNUMBER(M64),ISNUMBER(P64),P64<M64),AND(ISNUMBER(P64),ISNUMBER(Q64),Q64<P64),AND(ISNUMBER(Q64),ISNUMBER(R64),R64<Q64),AND(ISNUMBER(R64),ISNUMBER(S64),S64<R64),AND(ISNUMBER(S64),ISNUMBER(T64),T64<S64),AND(ISNUMBER(N64),ISNUMBER(O64),O64<N64)),"Urutan tanggal salah",IF(AND(ISNUMBER(Q64),ISNUMBER(R64),ISNUMBER(Y64),ABS(R64-Q64-Y64)>2),"S tanggal ≠ Sailing tercatat",IF(AND(ISNUMBER(Q64),ISNUMBER(O64),ABS(Q64-O64)>60),"Cek tahun laycan",IF(AND(ISNUMBER(Q64),ISNUMBER(N64),Q64<N64),"Berangkat sebelum laycan",IF(NOT(ISNUMBER(AE64)),"S belum ada","OK")))))) -> OK
A65: =IF(B65="","",ROW()-4) -> 61 | B65: KCL | C65: Buyer Option | D65: 2024 | E65: Russia | F65: Ust Luga, Russia | G65: PKG Port , Gresik | H65: Eurochem/Fertistream DMCC | I65: MV LILA | K65: 27500 | N65: 45576 | O65: 45580 | Q65: 45581 | R65: 45629 | U65: Nominasi kapal | W65: Within Nov 24 | X65: 11-15 Okt 24 | Y65: 48 | Z65: LT History 2022–2024 | AA65: =IF(AND(ISNUMBER(L65),ISNUMBER(M65)),M65-L65,"") | AB65: =IF(AND(ISNUMBER(M65),ISNUMBER(P65)),P65-M65,"") | AC65: =IF(AND(ISNUMBER(L65),ISNUMBER(P65)),P65-L65,"") | AD65: =IF(AND(ISNUMBER(P65),ISNUMBER(Q65)),Q65-P65,"") | AE65: =IF(AND(ISNUMBER(Q65),ISNUMBER(R65)),R65-Q65,IF(ISNUMBER(Y65),Y65,"")) -> 48 | AF65: =IF(AND(ISNUMBER(R65),ISNUMBER(S65)),S65-R65,"") | AG65: =IF(AND(ISNUMBER(S65),ISNUMBER(T65)),T65-S65,"") | AH65: =IF(AND(ISNUMBER(L65),ISNUMBER(T65)),T65-L65,"") | AI65: =IF(AND(ISNUMBER(O65),ISNUMBER(Q65)),Q65-O65,"") -> 1 | AJ65: =IF(B65="","",COUNT(L65:M65,P65:T65)&"/7") -> 2/7 | AK65: =IF(B65="","",IF(OR(AND(ISNUMBER(L65),ISNUMBER(M65),M65<L65),AND(ISNUMBER(M65),ISNUMBER(P65),P65<M65),AND(ISNUMBER(P65),ISNUMBER(Q65),Q65<P65),AND(ISNUMBER(Q65),ISNUMBER(R65),R65<Q65),AND(ISNUMBER(R65),ISNUMBER(S65),S65<R65),AND(ISNUMBER(S65),ISNUMBER(T65),T65<S65),AND(ISNUMBER(N65),ISNUMBER(O65),O65<N65)),"Urutan tanggal salah",IF(AND(ISNUMBER(Q65),ISNUMBER(R65),ISNUMBER(Y65),ABS(R65-Q65-Y65)>2),"S tanggal ≠ Sailing tercatat",IF(AND(ISNUMBER(Q65),ISNUMBER(O65),ABS(Q65-O65)>60),"Cek tahun laycan",IF(AND(ISNUMBER(Q65),ISNUMBER(N65),Q65<N65),"Berangkat sebelum laycan",IF(NOT(ISNUMBER(AE65)),"S belum ada","OK")))))) -> OK
A66: =IF(B66="","",ROW()-4) -> 62 | B66: KCL | C66: KCL 1 st | D66: 2024 | E66: Jordan | F66: Aqaba,Jordan | G66: PKG Port , Gresik | H66: APC/Clementcorp Trading Pte Ltd | I66: MV BELUGA A | K66: 27500 | N66: 45496 | O66: 45504 | Q66: 45505 | R66: 45531 | U66: Selesai | W66: W2 DEC 24 | X66: 23-31 Juli 24 | Y66: 26 | Z66: LT History 2022–2024 | AA66: =IF(AND(ISNUMBER(L66),ISNUMBER(M66)),M66-L66,"") | AB66: =IF(AND(ISNUMBER(M66),ISNUMBER(P66)),P66-M66,"") | AC66: =IF(AND(ISNUMBER(L66),ISNUMBER(P66)),P66-L66,"") | AD66: =IF(AND(ISNUMBER(P66),ISNUMBER(Q66)),Q66-P66,"") | AE66: =IF(AND(ISNUMBER(Q66),ISNUMBER(R66)),R66-Q66,IF(ISNUMBER(Y66),Y66,"")) -> 26 | AF66: =IF(AND(ISNUMBER(R66),ISNUMBER(S66)),S66-R66,"") | AG66: =IF(AND(ISNUMBER(S66),ISNUMBER(T66)),T66-S66,"") | AH66: =IF(AND(ISNUMBER(L66),ISNUMBER(T66)),T66-L66,"") | AI66: =IF(AND(ISNUMBER(O66),ISNUMBER(Q66)),Q66-O66,"") -> 1 | AJ66: =IF(B66="","",COUNT(L66:M66,P66:T66)&"/7") -> 2/7 | AK66: =IF(B66="","",IF(OR(AND(ISNUMBER(L66),ISNUMBER(M66),M66<L66),AND(ISNUMBER(M66),ISNUMBER(P66),P66<M66),AND(ISNUMBER(P66),ISNUMBER(Q66),Q66<P66),AND(ISNUMBER(Q66),ISNUMBER(R66),R66<Q66),AND(ISNUMBER(R66),ISNUMBER(S66),S66<R66),AND(ISNUMBER(S66),ISNUMBER(T66),T66<S66),AND(ISNUMBER(N66),ISNUMBER(O66),O66<N66)),"Urutan tanggal salah",IF(AND(ISNUMBER(Q66),ISNUMBER(R66),ISNUMBER(Y66),ABS(R66-Q66-Y66)>2),"S tanggal ≠ Sailing tercatat",IF(AND(ISNUMBER(Q66),ISNUMBER(O66),ABS(Q66-O66)>60),"Cek tahun laycan",IF(AND(ISNUMBER(Q66),ISNUMBER(N66),Q66<N66),"Berangkat sebelum laycan",IF(NOT(ISNUMBER(AE66)),"S belum ada","OK")))))) -> OK
A67: =IF(B67="","",ROW()-4) -> 63 | B67: KCL | C67: Buyer Option | D67: 2024 | E67: Jordan | F67: Aqaba,Jordan | G67: PKG Port , Gresik | H67: APC/Clementcorp Trading Pte Ltd | I67: MV Manta Hacer | K67: 27500 | N67: 45547 | O67: 45551 | Q67: 45552 | R67: 45577 | U67: Bongkar | X67: 12-16 Sep 24 | Y67: 25 | Z67: LT History 2022–2024 | AA67: =IF(AND(ISNUMBER(L67),ISNUMBER(M67)),M67-L67,"") | AB67: =IF(AND(ISNUMBER(M67),ISNUMBER(P67)),P67-M67,"") | AC67: =IF(AND(ISNUMBER(L67),ISNUMBER(P67)),P67-L67,"") | AD67: =IF(AND(ISNUMBER(P67),ISNUMBER(Q67)),Q67-P67,"") | AE67: =IF(AND(ISNUMBER(Q67),ISNUMBER(R67)),R67-Q67,IF(ISNUMBER(Y67),Y67,"")) -> 25 | AF67: =IF(AND(ISNUMBER(R67),ISNUMBER(S67)),S67-R67,"") | AG67: =IF(AND(ISNUMBER(S67),ISNUMBER(T67)),T67-S67,"") | AH67: =IF(AND(ISNUMBER(L67),ISNUMBER(T67)),T67-L67,"") | AI67: =IF(AND(ISNUMBER(O67),ISNUMBER(Q67)),Q67-O67,"") -> 1 | AJ67: =IF(B67="","",COUNT(L67:M67,P67:T67)&"/7") -> 2/7 | AK67: =IF(B67="","",IF(OR(AND(ISNUMBER(L67),ISNUMBER(M67),M67<L67),AND(ISNUMBER(M67),ISNUMBER(P67),P67<M67),AND(ISNUMBER(P67),ISNUMBER(Q67),Q67<P67),AND(ISNUMBER(Q67),ISNUMBER(R67),R67<Q67),AND(ISNUMBER(R67),ISNUMBER(S67),S67<R67),AND(ISNUMBER(S67),ISNUMBER(T67),T67<S67),AND(ISNUMBER(N67),ISNUMBER(O67),O67<N67)),"Urutan tanggal salah",IF(AND(ISNUMBER(Q67),ISNUMBER(R67),ISNUMBER(Y67),ABS(R67-Q67-Y67)>2),"S tanggal ≠ Sailing tercatat",IF(AND(ISNUMBER(Q67),ISNUMBER(O67),ABS(Q67-O67)>60),"Cek tahun laycan",IF(AND(ISNUMBER(Q67),ISNUMBER(N67),Q67<N67),"Berangkat sebelum laycan",IF(NOT(ISNUMBER(AE67)),"S belum ada","OK")))))) -> OK
A68: =IF(B68="","",ROW()-4) -> 64 | B68: DAP | C68: DAP 64 | D68: 2022 | E68: Russia | F68: UST-Luga,Russia | G68: PKG Port, Gresik | H68: Phosagro | I68: MV Sidra | K68: 19941 | N68: 44579 | O68: 44579 | Q68: 44587 | R68: 44620 | U68: Selesai | Y68: 41 | Z68: LT History 2022–2024 | AA68: =IF(AND(ISNUMBER(L68),ISNUMBER(M68)),M68-L68,"") | AB68: =IF(AND(ISNUMBER(M68),ISNUMBER(P68)),P68-M68,"") | AC68: =IF(AND(ISNUMBER(L68),ISNUMBER(P68)),P68-L68,"") | AD68: =IF(AND(ISNUMBER(P68),ISNUMBER(Q68)),Q68-P68,"") | AE68: =IF(AND(ISNUMBER(Q68),ISNUMBER(R68)),R68-Q68,IF(ISNUMBER(Y68),Y68,"")) -> 33 | AF68: =IF(AND(ISNUMBER(R68),ISNUMBER(S68)),S68-R68,"") | AG68: =IF(AND(ISNUMBER(S68),ISNUMBER(T68)),T68-S68,"") | AH68: =IF(AND(ISNUMBER(L68),ISNUMBER(T68)),T68-L68,"") | AI68: =IF(AND(ISNUMBER(O68),ISNUMBER(Q68)),Q68-O68,"") -> 8 | AJ68: =IF(B68="","",COUNT(L68:M68,P68:T68)&"/7") -> 2/7 | AK68: =IF(B68="","",IF(OR(AND(ISNUMBER(L68),ISNUMBER(M68),M68<L68),AND(ISNUMBER(M68),ISNUMBER(P68),P68<M68),AND(ISNUMBER(P68),ISNUMBER(Q68),Q68<P68),AND(ISNUMBER(Q68),ISNUMBER(R68),R68<Q68),AND(ISNUMBER(R68),ISNUMBER(S68),S68<R68),AND(ISNUMBER(S68),ISNUMBER(T68),T68<S68),AND(ISNUMBER(N68),ISNUMBER(O68),O68<N68)),"Urutan tanggal salah",IF(AND(ISNUMBER(Q68),ISNUMBER(R68),ISNUMBER(Y68),ABS(R68-Q68-Y68)>2),"S tanggal ≠ Sailing tercatat",IF(AND(ISNUMBER(Q68),ISNUMBER(O68),ABS(Q68-O68)>60),"Cek tahun laycan",IF(AND(ISNUMBER(Q68),ISNUMBER(N68),Q68<N68),"Berangkat sebelum laycan",IF(NOT(ISNUMBER(AE68)),"S belum ada","OK")))))) -> S tanggal ≠ Sailing tercatat
A69: =IF(B69="","",ROW()-4) -> 65 | B69: DAP | C69: DAP 61 | D69: 2022 | E69: Laos | F69: haipong,Vietnam | G69: PKG Port, Gresik | H69: Aries | I69: MV Hoang Phuong Lucky | K69: 6300.85 | N69: 44686 | O69: 44686 | Q69: 44687 | R69: 44693 | U69: Selesai | X69: 5-Mei-2022 | Y69: 7 | Z69: LT History 2022–2024 | AA69: =IF(AND(ISNUMBER(L69),ISNUMBER(M69)),M69-L69,"") | AB69: =IF(AND(ISNUMBER(M69),ISNUMBER(P69)),P69-M69,"") | AC69: =IF(AND(ISNUMBER(L69),ISNUMBER(P69)),P69-L69,"") | AD69: =IF(AND(ISNUMBER(P69),ISNUMBER(Q69)),Q69-P69,"") | AE69: =IF(AND(ISNUMBER(Q69),ISNUMBER(R69)),R69-Q69,IF(ISNUMBER(Y69),Y69,"")) -> 6 | AF69: =IF(AND(ISNUMBER(R69),ISNUMBER(S69)),S69-R69,"") | AG69: =IF(AND(ISNUMBER(S69),ISNUMBER(T69)),T69-S69,"") | AH69: =IF(AND(ISNUMBER(L69),ISNUMBER(T69)),T69-L69,"") | AI69: =IF(AND(ISNUMBER(O69),ISNUMBER(Q69)),Q69-O69,"") -> 1 | AJ69: =IF(B69="","",COUNT(L69:M69,P69:T69)&"/7") -> 2/7 | AK69: =IF(B69="","",IF(OR(AND(ISNUMBER(L69),ISNUMBER(M69),M69<L69),AND(ISNUMBER(M69),ISNUMBER(P69),P69<M69),AND(ISNUMBER(P69),ISNUMBER(Q69),Q69<P69),AND(ISNUMBER(Q69),ISNUMBER(R69),R69<Q69),AND(ISNUMBER(R69),ISNUMBER(S69),S69<R69),AND(ISNUMBER(S69),ISNUMBER(T69),T69<S69),AND(ISNUMBER(N69),ISNUMBER(O69),O69<N69)),"Urutan tanggal salah",IF(AND(ISNUMBER(Q69),ISNUMBER(R69),ISNUMBER(Y69),ABS(R69-Q69-Y69)>2),"S tanggal ≠ Sailing tercatat",IF(AND(ISNUMBER(Q69),ISNUMBER(O69),ABS(Q69-O69)>60),"Cek tahun laycan",IF(AND(ISNUMBER(Q69),ISNUMBER(N69),Q69<N69),"Berangkat sebelum laycan",IF(NOT(ISNUMBER(AE69)),"S belum ada","OK")))))) -> OK
A70: =IF(B70="","",ROW()-4) -> 66 | B70: DAP | C70: DAP 64 | D70: 2022 | E70: China | F70: Any port China | G70: PKG Port, Gresik | H70: Heartychem | I70: MV Phu Dat 168 | K70: 3674.66 | N70: 44696 | O70: 44696 | Q70: 44697 | R70: 44708 | U70: Selesai | X70: 15-Mei-2022 | Y70: 12 | Z70: LT History 2022–2024 | AA70: =IF(AND(ISNUMBER(L70),ISNUMBER(M70)),M70-L70,"") | AB70: =IF(AND(ISNUMBER(M70),ISNUMBER(P70)),P70-M70,"") | AC70: =IF(AND(ISNUMBER(L70),ISNUMBER(P70)),P70-L70,"") | AD70: =IF(AND(ISNUMBER(P70),ISNUMBER(Q70)),Q70-P70,"") | AE70: =IF(AND(ISNUMBER(Q70),ISNUMBER(R70)),R70-Q70,IF(ISNUMBER(Y70),Y70,"")) -> 11 | AF70: =IF(AND(ISNUMBER(R70),ISNUMBER(S70)),S70-R70,"") | AG70: =IF(AND(ISNUMBER(S70),ISNUMBER(T70)),T70-S70,"") | AH70: =IF(AND(ISNUMBER(L70),ISNUMBER(T70)),T70-L70,"") | AI70: =IF(AND(ISNUMBER(O70),ISNUMBER(Q70)),Q70-O70,"") -> 1 | AJ70: =IF(B70="","",COUNT(L70:M70,P70:T70)&"/7") -> 2/7 | AK70: =IF(B70="","",IF(OR(AND(ISNUMBER(L70),ISNUMBER(M70),M70<L70),AND(ISNUMBER(M70),ISNUMBER(P70),P70<M70),AND(ISNUMBER(P70),ISNUMBER(Q70),Q70<P70),AND(ISNUMBER(Q70),ISNUMBER(R70),R70<Q70),AND(ISNUMBER(R70),ISNUMBER(S70),S70<R70),AND(ISNUMBER(S70),ISNUMBER(T70),T70<S70),AND(ISNUMBER(N70),ISNUMBER(O70),O70<N70)),"Urutan tanggal salah",IF(AND(ISNUMBER(Q70),ISNUMBER(R70),ISNUMBER(Y70),ABS(R70-Q70-Y70)>2),"S tanggal ≠ Sailing tercatat",IF(AND(ISNUMBER(Q70),ISNUMBER(O70),ABS(Q70-O70)>60),"Cek tahun laycan",IF(AND(ISNUMBER(Q70),ISNUMBER(N70),Q70<N70),"Berangkat sebelum laycan",IF(NOT(ISNUMBER(AE70)),"S belum ada","OK")))))) -> OK
A71: =IF(B71="","",ROW()-4) -> 67 | B71: DAP | C71: DAP 64 | D71: 2022 | E71: Jordan | F71: Aqaba,Jordan | G71: PKG Port, Gresik | H71: Swiss Singapore | I71: MV African Halcyon | K71: 31450.66 | N71: 44667 | O71: 44667 | Q71: 44668 | R71: 44697 | U71: Selesai | Y71: 30 | Z71: LT History 2022–2024 | AA71: =IF(AND(ISNUMBER(L71),ISNUMBER(M71)),M71-L71,"") | AB71: =IF(AND(ISNUMBER(M71),ISNUMBER(P71)),P71-M71,"") | AC71: =IF(AND(ISNUMBER(L71),ISNUMBER(P71)),P71-L71,"") | AD71: =IF(AND(ISNUMBER(P71),ISNUMBER(Q71)),Q71-P71,"") | AE71: =IF(AND(ISNUMBER(Q71),ISNUMBER(R71)),R71-Q71,IF(ISNUMBER(Y71),Y71,"")) -> 29 | AF71: =IF(AND(ISNUMBER(R71),ISNUMBER(S71)),S71-R71,"") | AG71: =IF(AND(ISNUMBER(S71),ISNUMBER(T71)),T71-S71,"") | AH71: =IF(AND(ISNUMBER(L71),ISNUMBER(T71)),T71-L71,"") | AI71: =IF(AND(ISNUMBER(O71),ISNUMBER(Q71)),Q71-O71,"") -> 1 | AJ71: =IF(B71="","",COUNT(L71:M71,P71:T71)&"/7") -> 2/7 | AK71: =IF(B71="","",IF(OR(AND(ISNUMBER(L71),ISNUMBER(M71),M71<L71),AND(ISNUMBER(M71),ISNUMBER(P71),P71<M71),AND(ISNUMBER(P71),ISNUMBER(Q71),Q71<P71),AND(ISNUMBER(Q71),ISNUMBER(R71),R71<Q71),AND(ISNUMBER(R71),ISNUMBER(S71),S71<R71),AND(ISNUMBER(S71),ISNUMBER(T71),T71<S71),AND(ISNUMBER(N71),ISNUMBER(O71),O71<N71)),"Urutan tanggal salah",IF(AND(ISNUMBER(Q71),ISNUMBER(R71),ISNUMBER(Y71),ABS(R71-Q71-Y71)>2),"S tanggal ≠ Sailing tercatat",IF(AND(ISNUMBER(Q71),ISNUMBER(O71),ABS(Q71-O71)>60),"Cek tahun laycan",IF(AND(ISNUMBER(Q71),ISNUMBER(N71),Q71<N71),"Berangkat sebelum laycan",IF(NOT(ISNUMBER(AE71)),"S belum ada","OK")))))) -> OK
A72: =IF(B72="","",ROW()-4) -> 68 | B72: DAP | C72: DAP 61 1st | D72: 2022 | E72: Vietnam | F72: haipong,Vietnam | G72: PKG Port, Gresik | H72: Aries | I72: MV Hai Au Sky | K72: 4942 | N72: 44750 | O72: 44750 | Q72: 44751 | R72: 44757 | U72: Selesai | Y72: 7 | Z72: LT History 2022–2024 | AA72: =IF(AND(ISNUMBER(L72),ISNUMBER(M72)),M72-L72,"") | AB72: =IF(AND(ISNUMBER(M72),ISNUMBER(P72)),P72-M72,"") | AC72: =IF(AND(ISNUMBER(L72),ISNUMBER(P72)),P72-L72,"") | AD72: =IF(AND(ISNUMBER(P72),ISNUMBER(Q72)),Q72-P72,"") | AE72: =IF(AND(ISNUMBER(Q72),ISNUMBER(R72)),R72-Q72,IF(ISNUMBER(Y72),Y72,"")) -> 6 | AF72: =IF(AND(ISNUMBER(R72),ISNUMBER(S72)),S72-R72,"") | AG72: =IF(AND(ISNUMBER(S72),ISNUMBER(T72)),T72-S72,"") | AH72: =IF(AND(ISNUMBER(L72),ISNUMBER(T72)),T72-L72,"") | AI72: =IF(AND(ISNUMBER(O72),ISNUMBER(Q72)),Q72-O72,"") -> 1 | AJ72: =IF(B72="","",COUNT(L72:M72,P72:T72)&"/7") -> 2/7 | AK72: =IF(B72="","",IF(OR(AND(ISNUMBER(L72),ISNUMBER(M72),M72<L72),AND(ISNUMBER(M72),ISNUMBER(P72),P72<M72),AND(ISNUMBER(P72),ISNUMBER(Q72),Q72<P72),AND(ISNUMBER(Q72),ISNUMBER(R72),R72<Q72),AND(ISNUMBER(R72),ISNUMBER(S72),S72<R72),AND(ISNUMBER(S72),ISNUMBER(T72),T72<S72),AND(ISNUMBER(N72),ISNUMBER(O72),O72<N72)),"Urutan tanggal salah",IF(AND(ISNUMBER(Q72),ISNUMBER(R72),ISNUMBER(Y72),ABS(R72-Q72-Y72)>2),"S tanggal ≠ Sailing tercatat",IF(AND(ISNUMBER(Q72),ISNUMBER(O72),ABS(Q72-O72)>60),"Cek tahun laycan",IF(AND(ISNUMBER(Q72),ISNUMBER(N72),Q72<N72),"Berangkat sebelum laycan",IF(NOT(ISNUMBER(AE72)),"S belum ada","OK")))))) -> OK
A73: =IF(B73="","",ROW()-4) -> 69 | B73: DAP | C73: DAP 64 2nd | D73: 2022 | E73: China | F73: Nanjing, China | G73: PKG Port, Gresik | H73: Aries | I73: MV Festival | K73: 17000 | N73: 44770 | O73: 44770 | Q73: 44769 | R73: 44785 | U73: Selesai | Y73: 15 | Z73: LT History 2022–2024 | AA73: =IF(AND(ISNUMBER(L73),ISNUMBER(M73)),M73-L73,"") | AB73: =IF(AND(ISNUMBER(M73),ISNUMBER(P73)),P73-M73,"") | AC73: =IF(AND(ISNUMBER(L73),ISNUMBER(P73)),P73-L73,"") | AD73: =IF(AND(ISNUMBER(P73),ISNUMBER(Q73)),Q73-P73,"") | AE73: =IF(AND(ISNUMBER(Q73),ISNUMBER(R73)),R73-Q73,IF(ISNUMBER(Y73),Y73,"")) -> 16 | AF73: =IF(AND(ISNUMBER(R73),ISNUMBER(S73)),S73-R73,"") | AG73: =IF(AND(ISNUMBER(S73),ISNUMBER(T73)),T73-S73,"") | AH73: =IF(AND(ISNUMBER(L73),ISNUMBER(T73)),T73-L73,"") | AI73: =IF(AND(ISNUMBER(O73),ISNUMBER(Q73)),Q73-O73,"") -> -1 | AJ73: =IF(B73="","",COUNT(L73:M73,P73:T73)&"/7") -> 2/7 | AK73: =IF(B73="","",IF(OR(AND(ISNUMBER(L73),ISNUMBER(M73),M73<L73),AND(ISNUMBER(M73),ISNUMBER(P73),P73<M73),AND(ISNUMBER(P73),ISNUMBER(Q73),Q73<P73),AND(ISNUMBER(Q73),ISNUMBER(R73),R73<Q73),AND(ISNUMBER(R73),ISNUMBER(S73),S73<R73),AND(ISNUMBER(S73),ISNUMBER(T73),T73<S73),AND(ISNUMBER(N73),ISNUMBER(O73),O73<N73)),"Urutan tanggal salah",IF(AND(ISNUMBER(Q73),ISNUMBER(R73),ISNUMBER(Y73),ABS(R73-Q73-Y73)>2),"S tanggal ≠ Sailing tercatat",IF(AND(ISNUMBER(Q73),ISNUMBER(O73),ABS(Q73-O73)>60),"Cek tahun laycan",IF(AND(ISNUMBER(Q73),ISNUMBER(N73),Q73<N73),"Berangkat sebelum laycan",IF(NOT(ISNUMBER(AE73)),"S belum ada","OK")))))) -> Berangkat sebelum laycan
A74: =IF(B74="","",ROW()-4) -> 70 | B74: DAP | C74: DAP 64 | D74: 2022 | E74: China | F74: Nanthong, China | G74: PKG Port, Gresik | H74: Merrycorn | I74: MV TOMINI GHIBLI | K74: 33000 | N74: 44855 | O74: 44855 | Q74: 44858 | R74: 44868 | U74: Selesai | X74: 21-Okt-2022 | Y74: 15 | Z74: LT History 2022–2024 | AA74: =IF(AND(ISNUMBER(L74),ISNUMBER(M74)),M74-L74,"") | AB74: =IF(AND(ISNUMBER(M74),ISNUMBER(P74)),P74-M74,"") | AC74: =IF(AND(ISNUMBER(L74),ISNUMBER(P74)),P74-L74,"") | AD74: =IF(AND(ISNUMBER(P74),ISNUMBER(Q74)),Q74-P74,"") | AE74: =IF(AND(ISNUMBER(Q74),ISNUMBER(R74)),R74-Q74,IF(ISNUMBER(Y74),Y74,"")) -> 10 | AF74: =IF(AND(ISNUMBER(R74),ISNUMBER(S74)),S74-R74,"") | AG74: =IF(AND(ISNUMBER(S74),ISNUMBER(T74)),T74-S74,"") | AH74: =IF(AND(ISNUMBER(L74),ISNUMBER(T74)),T74-L74,"") | AI74: =IF(AND(ISNUMBER(O74),ISNUMBER(Q74)),Q74-O74,"") -> 3 | AJ74: =IF(B74="","",COUNT(L74:M74,P74:T74)&"/7") -> 2/7 | AK74: =IF(B74="","",IF(OR(AND(ISNUMBER(L74),ISNUMBER(M74),M74<L74),AND(ISNUMBER(M74),ISNUMBER(P74),P74<M74),AND(ISNUMBER(P74),ISNUMBER(Q74),Q74<P74),AND(ISNUMBER(Q74),ISNUMBER(R74),R74<Q74),AND(ISNUMBER(R74),ISNUMBER(S74),S74<R74),AND(ISNUMBER(S74),ISNUMBER(T74),T74<S74),AND(ISNUMBER(N74),ISNUMBER(O74),O74<N74)),"Urutan tanggal salah",IF(AND(ISNUMBER(Q74),ISNUMBER(R74),ISNUMBER(Y74),ABS(R74-Q74-Y74)>2),"S tanggal ≠ Sailing tercatat",IF(AND(ISNUMBER(Q74),ISNUMBER(O74),ABS(Q74-O74)>60),"Cek tahun laycan",IF(AND(ISNUMBER(Q74),ISNUMBER(N74),Q74<N74),"Berangkat sebelum laycan",IF(NOT(ISNUMBER(AE74)),"S belum ada","OK")))))) -> S tanggal ≠ Sailing tercatat
A75: =IF(B75="","",ROW()-4) -> 71 | B75: DAP | C75: DAP 64 | D75: 2022 | E75: China | F75: Qinhuangdao Port, China | G75: PKG Port, Gresik | H75: Aries | I75: MV HAO QIANG 57 | K75: 20200 | N75: 44896 | O75: 44896 | Q75: 44900 | R75: 44914 | U75: Selesai | X75: 1-Des-2022 | Y75: 14 | Z75: LT History 2022–2024 | AA75: =IF(AND(ISNUMBER(L75),ISNUMBER(M75)),M75-L75,"") | AB75: =IF(AND(ISNUMBER(M75),ISNUMBER(P75)),P75-M75,"") | AC75: =IF(AND(ISNUMBER(L75),ISNUMBER(P75)),P75-L75,"") | AD75: =IF(AND(ISNUMBER(P75),ISNUMBER(Q75)),Q75-P75,"") | AE75: =IF(AND(ISNUMBER(Q75),ISNUMBER(R75)),R75-Q75,IF(ISNUMBER(Y75),Y75,"")) -> 14 | AF75: =IF(AND(ISNUMBER(R75),ISNUMBER(S75)),S75-R75,"") | AG75: =IF(AND(ISNUMBER(S75),ISNUMBER(T75)),T75-S75,"") | AH75: =IF(AND(ISNUMBER(L75),ISNUMBER(T75)),T75-L75,"") | AI75: =IF(AND(ISNUMBER(O75),ISNUMBER(Q75)),Q75-O75,"") -> 4 | AJ75: =IF(B75="","",COUNT(L75:M75,P75:T75)&"/7") -> 2/7 | AK75: =IF(B75="","",IF(OR(AND(ISNUMBER(L75),ISNUMBER(M75),M75<L75),AND(ISNUMBER(M75),ISNUMBER(P75),P75<M75),AND(ISNUMBER(P75),ISNUMBER(Q75),Q75<P75),AND(ISNUMBER(Q75),ISNUMBER(R75),R75<Q75),AND(ISNUMBER(R75),ISNUMBER(S75),S75<R75),AND(ISNUMBER(S75),ISNUMBER(T75),T75<S75),AND(ISNUMBER(N75),ISNUMBER(O75),O75<N75)),"Urutan tanggal salah",IF(AND(ISNUMBER(Q75),ISNUMBER(R75),ISNUMBER(Y75),ABS(R75-Q75-Y75)>2),"S tanggal ≠ Sailing tercatat",IF(AND(ISNUMBER(Q75),ISNUMBER(O75),ABS(Q75-O75)>60),"Cek tahun laycan",IF(AND(ISNUMBER(Q75),ISNUMBER(N75),Q75<N75),"Berangkat sebelum laycan",IF(NOT(ISNUMBER(AE75)),"S belum ada","OK")))))) -> OK
A76: =IF(B76="","",ROW()-4) -> 72 | B76: DAP | C76: DAP 64 | D76: 2023 | E76: China | F76: Zhanjian,China | G76: PKG Port, Gresik | H76: Aries | I76: MV Harmony Ocean | K76: 22000 | N76: 45004 | O76: 45013 | Q76: 45014 | R76: 45024 | U76: Selesai | X76: 19-28 Mar 23 | Y76: 10 | Z76: LT History 2022–2024 | AA76: =IF(AND(ISNUMBER(L76),ISNUMBER(M76)),M76-L76,"") | AB76: =IF(AND(ISNUMBER(M76),ISNUMBER(P76)),P76-M76,"") | AC76: =IF(AND(ISNUMBER(L76),ISNUMBER(P76)),P76-L76,"") | AD76: =IF(AND(ISNUMBER(P76),ISNUMBER(Q76)),Q76-P76,"") | AE76: =IF(AND(ISNUMBER(Q76),ISNUMBER(R76)),R76-Q76,IF(ISNUMBER(Y76),Y76,"")) -> 10 | AF76: =IF(AND(ISNUMBER(R76),ISNUMBER(S76)),S76-R76,"") | AG76: =IF(AND(ISNUMBER(S76),ISNUMBER(T76)),T76-S76,"") | AH76: =IF(AND(ISNUMBER(L76),ISNUMBER(T76)),T76-L76,"") | AI76: =IF(AND(ISNUMBER(O76),ISNUMBER(Q76)),Q76-O76,"") -> 1 | AJ76: =IF(B76="","",COUNT(L76:M76,P76:T76)&"/7") -> 2/7 | AK76: =IF(B76="","",IF(OR(AND(ISNUMBER(L76),ISNUMBER(M76),M76<L76),AND(ISNUMBER(M76),ISNUMBER(P76),P76<M76),AND(ISNUMBER(P76),ISNUMBER(Q76),Q76<P76),AND(ISNUMBER(Q76),ISNUMBER(R76),R76<Q76),AND(ISNUMBER(R76),ISNUMBER(S76),S76<R76),AND(ISNUMBER(S76),ISNUMBER(T76),T76<S76),AND(ISNUMBER(N76),ISNUMBER(O76),O76<N76)),"Urutan tanggal salah",IF(AND(ISNUMBER(Q76),ISNUMBER(R76),ISNUMBER(Y76),ABS(R76-Q76-Y76)>2),"S tanggal ≠ Sailing tercatat",IF(AND(ISNUMBER(Q76),ISNUMBER(O76),ABS(Q76-O76)>60),"Cek tahun laycan",IF(AND(ISNUMBER(Q76),ISNUMBER(N76),Q76<N76),"Berangkat sebelum laycan",IF(NOT(ISNUMBER(AE76)),"S belum ada","OK")))))) -> OK
A77: =IF(B77="","",ROW()-4) -> 73 | B77: DAP | C77: DAP 61 1st | D77: 2023 | E77: Vietnam | F77: haipong,Vietnam | G77: PKG Port, Gresik | H77: Liven Nutrient | I77: MV THAI BINH 02 | K77: 11090.68 | N77: 45071 | O77: 45076 | Q77: 45078 | R77: 45085 | U77: Selesai | X77: 25-30 May 23 | Y77: 7 | Z77: LT History 2022–2024 | AA77: =IF(AND(ISNUMBER(L77),ISNUMBER(M77)),M77-L77,"") | AB77: =IF(AND(ISNUMBER(M77),ISNUMBER(P77)),P77-M77,"") | AC77: =IF(AND(ISNUMBER(L77),ISNUMBER(P77)),P77-L77,"") | AD77: =IF(AND(ISNUMBER(P77),ISNUMBER(Q77)),Q77-P77,"") | AE77: =IF(AND(ISNUMBER(Q77),ISNUMBER(R77)),R77-Q77,IF(ISNUMBER(Y77),Y77,"")) -> 7 | AF77: =IF(AND(ISNUMBER(R77),ISNUMBER(S77)),S77-R77,"") | AG77: =IF(AND(ISNUMBER(S77),ISNUMBER(T77)),T77-S77,"") | AH77: =IF(AND(ISNUMBER(L77),ISNUMBER(T77)),T77-L77,"") | AI77: =IF(AND(ISNUMBER(O77),ISNUMBER(Q77)),Q77-O77,"") -> 2 | AJ77: =IF(B77="","",COUNT(L77:M77,P77:T77)&"/7") -> 2/7 | AK77: =IF(B77="","",IF(OR(AND(ISNUMBER(L77),ISNUMBER(M77),M77<L77),AND(ISNUMBER(M77),ISNUMBER(P77),P77<M77),AND(ISNUMBER(P77),ISNUMBER(Q77),Q77<P77),AND(ISNUMBER(Q77),ISNUMBER(R77),R77<Q77),AND(ISNUMBER(R77),ISNUMBER(S77),S77<R77),AND(ISNUMBER(S77),ISNUMBER(T77),T77<S77),AND(ISNUMBER(N77),ISNUMBER(O77),O77<N77)),"Urutan tanggal salah",IF(AND(ISNUMBER(Q77),ISNUMBER(R77),ISNUMBER(Y77),ABS(R77-Q77-Y77)>2),"S tanggal ≠ Sailing tercatat",IF(AND(ISNUMBER(Q77),ISNUMBER(O77),ABS(Q77-O77)>60),"Cek tahun laycan",IF(AND(ISNUMBER(Q77),ISNUMBER(N77),Q77<N77),"Berangkat sebelum laycan",IF(NOT(ISNUMBER(AE77)),"S belum ada","OK")))))) -> OK
A78: =IF(B78="","",ROW()-4) -> 74 | B78: DAP | C78: DAP 61 2nd | D78: 2023 | E78: Vietnam | F78: haipong,Vietnam | G78: PKG Port, Gresik | H78: Liven Nutrient | I78: MV THAI BINH 02 | K78: 10900 | N78: 45097 | O78: 45102 | Q78: 45103 | R78: 45110 | U78: Selesai | X78: 20-25 June 23 | Y78: 7 | Z78: LT History 2022–2024 | AA78: =IF(AND(ISNUMBER(L78),ISNUMBER(M78)),M78-L78,"") | AB78: =IF(AND(ISNUMBER(M78),ISNUMBER(P78)),P78-M78,"") | AC78: =IF(AND(ISNUMBER(L78),ISNUMBER(P78)),P78-L78,"") | AD78: =IF(AND(ISNUMBER(P78),ISNUMBER(Q78)),Q78-P78,"") | AE78: =IF(AND(ISNUMBER(Q78),ISNUMBER(R78)),R78-Q78,IF(ISNUMBER(Y78),Y78,"")) -> 7 | AF78: =IF(AND(ISNUMBER(R78),ISNUMBER(S78)),S78-R78,"") | AG78: =IF(AND(ISNUMBER(S78),ISNUMBER(T78)),T78-S78,"") | AH78: =IF(AND(ISNUMBER(L78),ISNUMBER(T78)),T78-L78,"") | AI78: =IF(AND(ISNUMBER(O78),ISNUMBER(Q78)),Q78-O78,"") -> 1 | AJ78: =IF(B78="","",COUNT(L78:M78,P78:T78)&"/7") -> 2/7 | AK78: =IF(B78="","",IF(OR(AND(ISNUMBER(L78),ISNUMBER(M78),M78<L78),AND(ISNUMBER(M78),ISNUMBER(P78),P78<M78),AND(ISNUMBER(P78),ISNUMBER(Q78),Q78<P78),AND(ISNUMBER(Q78),ISNUMBER(R78),R78<Q78),AND(ISNUMBER(R78),ISNUMBER(S78),S78<R78),AND(ISNUMBER(S78),ISNUMBER(T78),T78<S78),AND(ISNUMBER(N78),ISNUMBER(O78),O78<N78)),"Urutan tanggal salah",IF(AND(ISNUMBER(Q78),ISNUMBER(R78),ISNUMBER(Y78),ABS(R78-Q78-Y78)>2),"S tanggal ≠ Sailing tercatat",IF(AND(ISNUMBER(Q78),ISNUMBER(O78),ABS(Q78-O78)>60),"Cek tahun laycan",IF(AND(ISNUMBER(Q78),ISNUMBER(N78),Q78<N78),"Berangkat sebelum laycan",IF(NOT(ISNUMBER(AE78)),"S belum ada","OK")))))) -> OK
A79: =IF(B79="","",ROW()-4) -> 75 | B79: DAP | C79: DAP 64 1st | D79: 2023 | E79: China | F79: Fangcheng Port, China | G79: PKG Port, Gresik | H79: Fertino | I79: MV.HAO QIANG 57 | K79: 22000 | N79: 45078 | O79: 45087 | Q79: 45089 | R79: 45103 | U79: Selesai | X79: 1-10 June 23 | Y79: 14 | Z79: LT History 2022–2024 | AA79: =IF(AND(ISNUMBER(L79),ISNUMBER(M79)),M79-L79,"") | AB79: =IF(AND(ISNUMBER(M79),ISNUMBER(P79)),P79-M79,"") | AC79: =IF(AND(ISNUMBER(L79),ISNUMBER(P79)),P79-L79,"") | AD79: =IF(AND(ISNUMBER(P79),ISNUMBER(Q79)),Q79-P79,"") | AE79: =IF(AND(ISNUMBER(Q79),ISNUMBER(R79)),R79-Q79,IF(ISNUMBER(Y79),Y79,"")) -> 14 | AF79: =IF(AND(ISNUMBER(R79),ISNUMBER(S79)),S79-R79,"") | AG79: =IF(AND(ISNUMBER(S79),ISNUMBER(T79)),T79-S79,"") | AH79: =IF(AND(ISNUMBER(L79),ISNUMBER(T79)),T79-L79,"") | AI79: =IF(AND(ISNUMBER(O79),ISNUMBER(Q79)),Q79-O79,"") -> 2 | AJ79: =IF(B79="","",COUNT(L79:M79,P79:T79)&"/7") -> 2/7 | AK79: =IF(B79="","",IF(OR(AND(ISNUMBER(L79),ISNUMBER(M79),M79<L79),AND(ISNUMBER(M79),ISNUMBER(P79),P79<M79),AND(ISNUMBER(P79),ISNUMBER(Q79),Q79<P79),AND(ISNUMBER(Q79),ISNUMBER(R79),R79<Q79),AND(ISNUMBER(R79),ISNUMBER(S79),S79<R79),AND(ISNUMBER(S79),ISNUMBER(T79),T79<S79),AND(ISNUMBER(N79),ISNUMBER(O79),O79<N79)),"Urutan tanggal salah",IF(AND(ISNUMBER(Q79),ISNUMBER(R79),ISNUMBER(Y79),ABS(R79-Q79-Y79)>2),"S tanggal ≠ Sailing tercatat",IF(AND(ISNUMBER(Q79),ISNUMBER(O79),ABS(Q79-O79)>60),"Cek tahun laycan",IF(AND(ISNUMBER(Q79),ISNUMBER(N79),Q79<N79),"Berangkat sebelum laycan",IF(NOT(ISNUMBER(AE79)),"S belum ada","OK")))))) -> OK
A80: =IF(B80="","",ROW()-4) -> 76 | B80: DAP | C80: DAP 64 2nd | D80: 2024 | E80: China | F80: Fangcheng Port, China | G80: PKG Port, Gresik | H80: Fertino | K80: 0 | W80: Sesuai Surat dari PKG no 08537/B/LG.00.02/09/DR/2023 Kontrak dibatalkan dan pengiriman tidak dilanjutkan | Z80: LT History 2022–2024 | AA80: =IF(AND(ISNUMBER(L80),ISNUMBER(M80)),M80-L80,"") | AB80: =IF(AND(ISNUMBER(M80),ISNUMBER(P80)),P80-M80,"") | AC80: =IF(AND(ISNUMBER(L80),ISNUMBER(P80)),P80-L80,"") | AD80: =IF(AND(ISNUMBER(P80),ISNUMBER(Q80)),Q80-P80,"") | AE80: =IF(AND(ISNUMBER(Q80),ISNUMBER(R80)),R80-Q80,IF(ISNUMBER(Y80),Y80,"")) | AF80: =IF(AND(ISNUMBER(R80),ISNUMBER(S80)),S80-R80,"") | AG80: =IF(AND(ISNUMBER(S80),ISNUMBER(T80)),T80-S80,"") | AH80: =IF(AND(ISNUMBER(L80),ISNUMBER(T80)),T80-L80,"") | AI80: =IF(AND(ISNUMBER(O80),ISNUMBER(Q80)),Q80-O80,"") | AJ80: =IF(B80="","",COUNT(L80:M80,P80:T80)&"/7") -> 0/7 | AK80: =IF(B80="","",IF(OR(AND(ISNUMBER(L80),ISNUMBER(M80),M80<L80),AND(ISNUMBER(M80),ISNUMBER(P80),P80<M80),AND(ISNUMBER(P80),ISNUMBER(Q80),Q80<P80),AND(ISNUMBER(Q80),ISNUMBER(R80),R80<Q80),AND(ISNUMBER(R80),ISNUMBER(S80),S80<R80),AND(ISNUMBER(S80),ISNUMBER(T80),T80<S80),AND(ISNUMBER(N80),ISNUMBER(O80),O80<N80)),"Urutan tanggal salah",IF(AND(ISNUMBER(Q80),ISNUMBER(R80),ISNUMBER(Y80),ABS(R80-Q80-Y80)>2),"S tanggal ≠ Sailing tercatat",IF(AND(ISNUMBER(Q80),ISNUMBER(O80),ABS(Q80-O80)>60),"Cek tahun laycan",IF(AND(ISNUMBER(Q80),ISNUMBER(N80),Q80<N80),"Berangkat sebelum laycan",IF(NOT(ISNUMBER(AE80)),"S belum ada","OK")))))) -> S belum ada
A81: =IF(B81="","",ROW()-4) -> 77 | B81: DAP | C81: DAP 64 | D81: 2024 | E81: China | F81: Zhanjian,China | G81: PKG Port, Gresik | H81: Hexagon Fertilizers Asia Pte Ltd | I81: MV Cresty | K81: 33000 | N81: 45468 | O81: 45474 | Q81: 45475 | R81: 45484 | U81: Selesai | X81: 25 JUNI - 01 JULI 24 | Y81: 9 | Z81: LT History 2022–2024 | AA81: =IF(AND(ISNUMBER(L81),ISNUMBER(M81)),M81-L81,"") | AB81: =IF(AND(ISNUMBER(M81),ISNUMBER(P81)),P81-M81,"") | AC81: =IF(AND(ISNUMBER(L81),ISNUMBER(P81)),P81-L81,"") | AD81: =IF(AND(ISNUMBER(P81),ISNUMBER(Q81)),Q81-P81,"") | AE81: =IF(AND(ISNUMBER(Q81),ISNUMBER(R81)),R81-Q81,IF(ISNUMBER(Y81),Y81,"")) -> 9 | AF81: =IF(AND(ISNUMBER(R81),ISNUMBER(S81)),S81-R81,"") | AG81: =IF(AND(ISNUMBER(S81),ISNUMBER(T81)),T81-S81,"") | AH81: =IF(AND(ISNUMBER(L81),ISNUMBER(T81)),T81-L81,"") | AI81: =IF(AND(ISNUMBER(O81),ISNUMBER(Q81)),Q81-O81,"") -> 1 | AJ81: =IF(B81="","",COUNT(L81:M81,P81:T81)&"/7") -> 2/7 | AK81: =IF(B81="","",IF(OR(AND(ISNUMBER(L81),ISNUMBER(M81),M81<L81),AND(ISNUMBER(M81),ISNUMBER(P81),P81<M81),AND(ISNUMBER(P81),ISNUMBER(Q81),Q81<P81),AND(ISNUMBER(Q81),ISNUMBER(R81),R81<Q81),AND(ISNUMBER(R81),ISNUMBER(S81),S81<R81),AND(ISNUMBER(S81),ISNUMBER(T81),T81<S81),AND(ISNUMBER(N81),ISNUMBER(O81),O81<N81)),"Urutan tanggal salah",IF(AND(ISNUMBER(Q81),ISNUMBER(R81),ISNUMBER(Y81),ABS(R81-Q81-Y81)>2),"S tanggal ≠ Sailing tercatat",IF(AND(ISNUMBER(Q81),ISNUMBER(O81),ABS(Q81-O81)>60),"Cek tahun laycan",IF(AND(ISNUMBER(Q81),ISNUMBER(N81),Q81<N81),"Berangkat sebelum laycan",IF(NOT(ISNUMBER(AE81)),"S belum ada","OK")))))) -> OK
A82: =IF(B82="","",ROW()-4) -> 78 | B82: DAP | C82: DAP 61 | D82: 2024 | E82: Vietnam | F82: haipong,Vietnam | G82: PKG Port, Gresik | H82: Liven Nutrients Pte Ltd | I82: MV PRINCE HENRY | K82: 10986.69 | N82: 45430 | O82: 45433 | Q82: 45434 | R82: 45448 | U82: Selesai | X82: 18-21 Mei 24 | Y82: 14 | Z82: LT History 2022–2024 | AA82: =IF(AND(ISNUMBER(L82),ISNUMBER(M82)),M82-L82,"") | AB82: =IF(AND(ISNUMBER(M82),ISNUMBER(P82)),P82-M82,"") | AC82: =IF(AND(ISNUMBER(L82),ISNUMBER(P82)),P82-L82,"") | AD82: =IF(AND(ISNUMBER(P82),ISNUMBER(Q82)),Q82-P82,"") | AE82: =IF(AND(ISNUMBER(Q82),ISNUMBER(R82)),R82-Q82,IF(ISNUMBER(Y82),Y82,"")) -> 14 | AF82: =IF(AND(ISNUMBER(R82),ISNUMBER(S82)),S82-R82,"") | AG82: =IF(AND(ISNUMBER(S82),ISNUMBER(T82)),T82-S82,"") | AH82: =IF(AND(ISNUMBER(L82),ISNUMBER(T82)),T82-L82,"") | AI82: =IF(AND(ISNUMBER(O82),ISNUMBER(Q82)),Q82-O82,"") -> 1 | AJ82: =IF(B82="","",COUNT(L82:M82,P82:T82)&"/7") -> 2/7 | AK82: =IF(B82="","",IF(OR(AND(ISNUMBER(L82),ISNUMBER(M82),M82<L82),AND(ISNUMBER(M82),ISNUMBER(P82),P82<M82),AND(ISNUMBER(P82),ISNUMBER(Q82),Q82<P82),AND(ISNUMBER(Q82),ISNUMBER(R82),R82<Q82),AND(ISNUMBER(R82),ISNUMBER(S82),S82<R82),AND(ISNUMBER(S82),ISNUMBER(T82),T82<S82),AND(ISNUMBER(N82),ISNUMBER(O82),O82<N82)),"Urutan tanggal salah",IF(AND(ISNUMBER(Q82),ISNUMBER(R82),ISNUMBER(Y82),ABS(R82-Q82-Y82)>2),"S tanggal ≠ Sailing tercatat",IF(AND(ISNUMBER(Q82),ISNUMBER(O82),ABS(Q82-O82)>60),"Cek tahun laycan",IF(AND(ISNUMBER(Q82),ISNUMBER(N82),Q82<N82),"Berangkat sebelum laycan",IF(NOT(ISNUMBER(AE82)),"S belum ada","OK")))))) -> OK
A83: =IF(B83="","",ROW()-4) -> 79 | B83: DAP | C83: DAP | D83: 2024 | G83: PKG Port, Gresik | H83: Liven Nutrients Pte Ltd | K83: 20000 | W83: W3 NOV 24 | Z83: LT History 2022–2024 | AA83: =IF(AND(ISNUMBER(L83),ISNUMBER(M83)),M83-L83,"") | AB83: =IF(AND(ISNUMBER(M83),ISNUMBER(P83)),P83-M83,"") | AC83: =IF(AND(ISNUMBER(L83),ISNUMBER(P83)),P83-L83,"") | AD83: =IF(AND(ISNUMBER(P83),ISNUMBER(Q83)),Q83-P83,"") | AE83: =IF(AND(ISNUMBER(Q83),ISNUMBER(R83)),R83-Q83,IF(ISNUMBER(Y83),Y83,"")) | AF83: =IF(AND(ISNUMBER(R83),ISNUMBER(S83)),S83-R83,"") | AG83: =IF(AND(ISNUMBER(S83),ISNUMBER(T83)),T83-S83,"") | AH83: =IF(AND(ISNUMBER(L83),ISNUMBER(T83)),T83-L83,"") | AI83: =IF(AND(ISNUMBER(O83),ISNUMBER(Q83)),Q83-O83,"") | AJ83: =IF(B83="","",COUNT(L83:M83,P83:T83)&"/7") -> 0/7 | AK83: =IF(B83="","",IF(OR(AND(ISNUMBER(L83),ISNUMBER(M83),M83<L83),AND(ISNUMBER(M83),ISNUMBER(P83),P83<M83),AND(ISNUMBER(P83),ISNUMBER(Q83),Q83<P83),AND(ISNUMBER(Q83),ISNUMBER(R83),R83<Q83),AND(ISNUMBER(R83),ISNUMBER(S83),S83<R83),AND(ISNUMBER(S83),ISNUMBER(T83),T83<S83),AND(ISNUMBER(N83),ISNUMBER(O83),O83<N83)),"Urutan tanggal salah",IF(AND(ISNUMBER(Q83),ISNUMBER(R83),ISNUMBER(Y83),ABS(R83-Q83-Y83)>2),"S tanggal ≠ Sailing tercatat",IF(AND(ISNUMBER(Q83),ISNUMBER(O83),ABS(Q83-O83)>60),"Cek tahun laycan",IF(AND(ISNUMBER(Q83),ISNUMBER(N83),Q83<N83),"Berangkat sebelum laycan",IF(NOT(ISNUMBER(AE83)),"S belum ada","OK")))))) -> S belum ada
A84: =IF(B84="","",ROW()-4) -> 80 | B84: DAP | C84: DAP 61 | D84: 2024 | E84: China | F84: Nanjing Port, China | G84: PKG Port, Gresik | H84: Hexagon Fertilizers Asia Pte Ltd | I84: MV ZHONG ZHE 7 | K84: 22000 | N84: 45553 | O84: 45555 | Q84: 45556 | R84: 45566 | U84: Selesai | W84: W4 Sep 24 | X84: 18-20 Sep 24 | Y84: 10 | Z84: LT History 2022–2024 | AA84: =IF(AND(ISNUMBER(L84),ISNUMBER(M84)),M84-L84,"") | AB84: =IF(AND(ISNUMBER(M84),ISNUMBER(P84)),P84-M84,"") | AC84: =IF(AND(ISNUMBER(L84),ISNUMBER(P84)),P84-L84,"") | AD84: =IF(AND(ISNUMBER(P84),ISNUMBER(Q84)),Q84-P84,"") | AE84: =IF(AND(ISNUMBER(Q84),ISNUMBER(R84)),R84-Q84,IF(ISNUMBER(Y84),Y84,"")) -> 10 | AF84: =IF(AND(ISNUMBER(R84),ISNUMBER(S84)),S84-R84,"") | AG84: =IF(AND(ISNUMBER(S84),ISNUMBER(T84)),T84-S84,"") | AH84: =IF(AND(ISNUMBER(L84),ISNUMBER(T84)),T84-L84,"") | AI84: =IF(AND(ISNUMBER(O84),ISNUMBER(Q84)),Q84-O84,"") -> 1 | AJ84: =IF(B84="","",COUNT(L84:M84,P84:T84)&"/7") -> 2/7 | AK84: =IF(B84="","",IF(OR(AND(ISNUMBER(L84),ISNUMBER(M84),M84<L84),AND(ISNUMBER(M84),ISNUMBER(P84),P84<M84),AND(ISNUMBER(P84),ISNUMBER(Q84),Q84<P84),AND(ISNUMBER(Q84),ISNUMBER(R84),R84<Q84),AND(ISNUMBER(R84),ISNUMBER(S84),S84<R84),AND(ISNUMBER(S84),ISNUMBER(T84),T84<S84),AND(ISNUMBER(N84),ISNUMBER(O84),O84<N84)),"Urutan tanggal salah",IF(AND(ISNUMBER(Q84),ISNUMBER(R84),ISNUMBER(Y84),ABS(R84-Q84-Y84)>2),"S tanggal ≠ Sailing tercatat",IF(AND(ISNUMBER(Q84),ISNUMBER(O84),ABS(Q84-O84)>60),"Cek tahun laycan",IF(AND(ISNUMBER(Q84),ISNUMBER(N84),Q84<N84),"Berangkat sebelum laycan",IF(NOT(ISNUMBER(AE84)),"S belum ada","OK")))))) -> OK
A85: =IF(B85="","",ROW()-4) -> 81 | B85: ZA | C85: ZA | D85: 2022 | E85: China | F85: Zhangjiagang port, China | G85: PKG Port , Gresik | H85: Golden Barley International | I85: MV ZJ Rainbow | K85: 22000 | N85: 44550 | O85: 44550 | Q85: 44551 | R85: 44569 | U85: Selesai | X85: 20-Des-2021 | Y85: 18 | Z85: LT History 2022–2024 | AA85: =IF(AND(ISNUMBER(L85),ISNUMBER(M85)),M85-L85,"") | AB85: =IF(AND(ISNUMBER(M85),ISNUMBER(P85)),P85-M85,"") | AC85: =IF(AND(ISNUMBER(L85),ISNUMBER(P85)),P85-L85,"") | AD85: =IF(AND(ISNUMBER(P85),ISNUMBER(Q85)),Q85-P85,"") | AE85: =IF(AND(ISNUMBER(Q85),ISNUMBER(R85)),R85-Q85,IF(ISNUMBER(Y85),Y85,"")) -> 18 | AF85: =IF(AND(ISNUMBER(R85),ISNUMBER(S85)),S85-R85,"") | AG85: =IF(AND(ISNUMBER(S85),ISNUMBER(T85)),T85-S85,"") | AH85: =IF(AND(ISNUMBER(L85),ISNUMBER(T85)),T85-L85,"") | AI85: =IF(AND(ISNUMBER(O85),ISNUMBER(Q85)),Q85-O85,"") -> 1 | AJ85: =IF(B85="","",COUNT(L85:M85,P85:T85)&"/7") -> 2/7 | AK85: =IF(B85="","",IF(OR(AND(ISNUMBER(L85),ISNUMBER(M85),M85<L85),AND(ISNUMBER(M85),ISNUMBER(P85),P85<M85),AND(ISNUMBER(P85),ISNUMBER(Q85),Q85<P85),AND(ISNUMBER(Q85),ISNUMBER(R85),R85<Q85),AND(ISNUMBER(R85),ISNUMBER(S85),S85<R85),AND(ISNUMBER(S85),ISNUMBER(T85),T85<S85),AND(ISNUMBER(N85),ISNUMBER(O85),O85<N85)),"Urutan tanggal salah",IF(AND(ISNUMBER(Q85),ISNUMBER(R85),ISNUMBER(Y85),ABS(R85-Q85-Y85)>2),"S tanggal ≠ Sailing tercatat",IF(AND(ISNUMBER(Q85),ISNUMBER(O85),ABS(Q85-O85)>60),"Cek tahun laycan",IF(AND(ISNUMBER(Q85),ISNUMBER(N85),Q85<N85),"Berangkat sebelum laycan",IF(NOT(ISNUMBER(AE85)),"S belum ada","OK")))))) -> OK
A86: =IF(B86="","",ROW()-4) -> 82 | B86: ZA | C86: ZA | D86: 2022 | E86: China | F86: Nanjing Port, China | G86: PKG Port , Gresik | H86: Bestwin | I86: MV Sea Adelaide | K86: 22000 | N86: 44576 | O86: 44576 | Q86: 44577 | R86: 44595 | U86: Selesai | Y86: 18 | Z86: LT History 2022–2024 | AA86: =IF(AND(ISNUMBER(L86),ISNUMBER(M86)),M86-L86,"") | AB86: =IF(AND(ISNUMBER(M86),ISNUMBER(P86)),P86-M86,"") | AC86: =IF(AND(ISNUMBER(L86),ISNUMBER(P86)),P86-L86,"") | AD86: =IF(AND(ISNUMBER(P86),ISNUMBER(Q86)),Q86-P86,"") | AE86: =IF(AND(ISNUMBER(Q86),ISNUMBER(R86)),R86-Q86,IF(ISNUMBER(Y86),Y86,"")) -> 18 | AF86: =IF(AND(ISNUMBER(R86),ISNUMBER(S86)),S86-R86,"") | AG86: =IF(AND(ISNUMBER(S86),ISNUMBER(T86)),T86-S86,"") | AH86: =IF(AND(ISNUMBER(L86),ISNUMBER(T86)),T86-L86,"") | AI86: =IF(AND(ISNUMBER(O86),ISNUMBER(Q86)),Q86-O86,"") -> 1 | AJ86: =IF(B86="","",COUNT(L86:M86,P86:T86)&"/7") -> 2/7 | AK86: =IF(B86="","",IF(OR(AND(ISNUMBER(L86),ISNUMBER(M86),M86<L86),AND(ISNUMBER(M86),ISNUMBER(P86),P86<M86),AND(ISNUMBER(P86),ISNUMBER(Q86),Q86<P86),AND(ISNUMBER(Q86),ISNUMBER(R86),R86<Q86),AND(ISNUMBER(R86),ISNUMBER(S86),S86<R86),AND(ISNUMBER(S86),ISNUMBER(T86),T86<S86),AND(ISNUMBER(N86),ISNUMBER(O86),O86<N86)),"Urutan tanggal salah",IF(AND(ISNUMBER(Q86),ISNUMBER(R86),ISNUMBER(Y86),ABS(R86-Q86-Y86)>2),"S tanggal ≠ Sailing tercatat",IF(AND(ISNUMBER(Q86),ISNUMBER(O86),ABS(Q86-O86)>60),"Cek tahun laycan",IF(AND(ISNUMBER(Q86),ISNUMBER(N86),Q86<N86),"Berangkat sebelum laycan",IF(NOT(ISNUMBER(AE86)),"S belum ada","OK")))))) -> OK
A87: =IF(B87="","",ROW()-4) -> 83 | B87: ZA | C87: ZA | D87: 2022 | E87: China | F87: Anyport, China | G87: PKG Port , Gresik | H87: Agrofertrans | I87: MV Darya Khrisna | K87: 31657 | U87: Selesai | Z87: LT History 2022–2024 | AA87: =IF(AND(ISNUMBER(L87),ISNUMBER(M87)),M87-L87,"") | AB87: =IF(AND(ISNUMBER(M87),ISNUMBER(P87)),P87-M87,"") | AC87: =IF(AND(ISNUMBER(L87),ISNUMBER(P87)),P87-L87,"") | AD87: =IF(AND(ISNUMBER(P87),ISNUMBER(Q87)),Q87-P87,"") | AE87: =IF(AND(ISNUMBER(Q87),ISNUMBER(R87)),R87-Q87,IF(ISNUMBER(Y87),Y87,"")) | AF87: =IF(AND(ISNUMBER(R87),ISNUMBER(S87)),S87-R87,"") | AG87: =IF(AND(ISNUMBER(S87),ISNUMBER(T87)),T87-S87,"") | AH87: =IF(AND(ISNUMBER(L87),ISNUMBER(T87)),T87-L87,"") | AI87: =IF(AND(ISNUMBER(O87),ISNUMBER(Q87)),Q87-O87,"") | AJ87: =IF(B87="","",COUNT(L87:M87,P87:T87)&"/7") -> 0/7 | AK87: =IF(B87="","",IF(OR(AND(ISNUMBER(L87),ISNUMBER(M87),M87<L87),AND(ISNUMBER(M87),ISNUMBER(P87),P87<M87),AND(ISNUMBER(P87),ISNUMBER(Q87),Q87<P87),AND(ISNUMBER(Q87),ISNUMBER(R87),R87<Q87),AND(ISNUMBER(R87),ISNUMBER(S87),S87<R87),AND(ISNUMBER(S87),ISNUMBER(T87),T87<S87),AND(ISNUMBER(N87),ISNUMBER(O87),O87<N87)),"Urutan tanggal salah",IF(AND(ISNUMBER(Q87),ISNUMBER(R87),ISNUMBER(Y87),ABS(R87-Q87-Y87)>2),"S tanggal ≠ Sailing tercatat",IF(AND(ISNUMBER(Q87),ISNUMBER(O87),ABS(Q87-O87)>60),"Cek tahun laycan",IF(AND(ISNUMBER(Q87),ISNUMBER(N87),Q87<N87),"Berangkat sebelum laycan",IF(NOT(ISNUMBER(AE87)),"S belum ada","OK")))))) -> S belum ada
A88: =IF(B88="","",ROW()-4) -> 84 | B88: ZA | C88: ZA | D88: 2022 | E88: China | F88: Zhangjiagang Port, China | G88: PKG Port , Gresik | H88: Golden Barley | I88: MV MICROCHIP | K88: 33000 | N88: 44722 | O88: 44727 | Q88: 44728 | R88: 44746 | U88: Selesai | X88: 10-15 Jun 2022 | Y88: 18 | Z88: LT History 2022–2024 | AA88: =IF(AND(ISNUMBER(L88),ISNUMBER(M88)),M88-L88,"") | AB88: =IF(AND(ISNUMBER(M88),ISNUMBER(P88)),P88-M88,"") | AC88: =IF(AND(ISNUMBER(L88),ISNUMBER(P88)),P88-L88,"") | AD88: =IF(AND(ISNUMBER(P88),ISNUMBER(Q88)),Q88-P88,"") | AE88: =IF(AND(ISNUMBER(Q88),ISNUMBER(R88)),R88-Q88,IF(ISNUMBER(Y88),Y88,"")) -> 18 | AF88: =IF(AND(ISNUMBER(R88),ISNUMBER(S88)),S88-R88,"") | AG88: =IF(AND(ISNUMBER(S88),ISNUMBER(T88)),T88-S88,"") | AH88: =IF(AND(ISNUMBER(L88),ISNUMBER(T88)),T88-L88,"") | AI88: =IF(AND(ISNUMBER(O88),ISNUMBER(Q88)),Q88-O88,"") -> 1 | AJ88: =IF(B88="","",COUNT(L88:M88,P88:T88)&"/7") -> 2/7 | AK88: =IF(B88="","",IF(OR(AND(ISNUMBER(L88),ISNUMBER(M88),M88<L88),AND(ISNUMBER(M88),ISNUMBER(P88),P88<M88),AND(ISNUMBER(P88),ISNUMBER(Q88),Q88<P88),AND(ISNUMBER(Q88),ISNUMBER(R88),R88<Q88),AND(ISNUMBER(R88),ISNUMBER(S88),S88<R88),AND(ISNUMBER(S88),ISNUMBER(T88),T88<S88),AND(ISNUMBER(N88),ISNUMBER(O88),O88<N88)),"Urutan tanggal salah",IF(AND(ISNUMBER(Q88),ISNUMBER(R88),ISNUMBER(Y88),ABS(R88-Q88-Y88)>2),"S tanggal ≠ Sailing tercatat",IF(AND(ISNUMBER(Q88),ISNUMBER(O88),ABS(Q88-O88)>60),"Cek tahun laycan",IF(AND(ISNUMBER(Q88),ISNUMBER(N88),Q88<N88),"Berangkat sebelum laycan",IF(NOT(ISNUMBER(AE88)),"S belum ada","OK")))))) -> OK
A89: =IF(B89="","",ROW()-4) -> 85 | B89: ZA | C89: ZA | D89: 2022 | E89: China | F89: Xiuyu, China | G89: PKG Port , Gresik | H89: Joma | I89: MV Blue Star | K89: 21500 | N89: 44788 | O89: 44788 | Q89: 44789 | R89: 44795 | U89: Selesai | X89: 15-Agu-2022 | Y89: 6 | Z89: LT History 2022–2024 | AA89: =IF(AND(ISNUMBER(L89),ISNUMBER(M89)),M89-L89,"") | AB89: =IF(AND(ISNUMBER(M89),ISNUMBER(P89)),P89-M89,"") | AC89: =IF(AND(ISNUMBER(L89),ISNUMBER(P89)),P89-L89,"") | AD89: =IF(AND(ISNUMBER(P89),ISNUMBER(Q89)),Q89-P89,"") | AE89: =IF(AND(ISNUMBER(Q89),ISNUMBER(R89)),R89-Q89,IF(ISNUMBER(Y89),Y89,"")) -> 6 | AF89: =IF(AND(ISNUMBER(R89),ISNUMBER(S89)),S89-R89,"") | AG89: =IF(AND(ISNUMBER(S89),ISNUMBER(T89)),T89-S89,"") | AH89: =IF(AND(ISNUMBER(L89),ISNUMBER(T89)),T89-L89,"") | AI89: =IF(AND(ISNUMBER(O89),ISNUMBER(Q89)),Q89-O89,"") -> 1 | AJ89: =IF(B89="","",COUNT(L89:M89,P89:T89)&"/7") -> 2/7 | AK89: =IF(B89="","",IF(OR(AND(ISNUMBER(L89),ISNUMBER(M89),M89<L89),AND(ISNUMBER(M89),ISNUMBER(P89),P89<M89),AND(ISNUMBER(P89),ISNUMBER(Q89),Q89<P89),AND(ISNUMBER(Q89),ISNUMBER(R89),R89<Q89),AND(ISNUMBER(R89),ISNUMBER(S89),S89<R89),AND(ISNUMBER(S89),ISNUMBER(T89),T89<S89),AND(ISNUMBER(N89),ISNUMBER(O89),O89<N89)),"Urutan tanggal salah",IF(AND(ISNUMBER(Q89),ISNUMBER(R89),ISNUMBER(Y89),ABS(R89-Q89-Y89)>2),"S tanggal ≠ Sailing tercatat",IF(AND(ISNUMBER(Q89),ISNUMBER(O89),ABS(Q89-O89)>60),"Cek tahun laycan",IF(AND(ISNUMBER(Q89),ISNUMBER(N89),Q89<N89),"Berangkat sebelum laycan",IF(NOT(ISNUMBER(AE89)),"S belum ada","OK")))))) -> OK
A90: =IF(B90="","",ROW()-4) -> 86 | B90: ZA | C90: ZA 1st | D90: 2022 | E90: China | F90: NANTONG, CHINA | G90: PKG Port , Gresik | H90: Merrycorn | I90: MV Huangyang Spirit | K90: 21300 | N90: 44854 | O90: 44854 | Q90: 44857 | R90: 44869 | U90: Selesai | X90: 20-Okt-2022 | Y90: 12 | Z90: LT History 2022–2024 | AA90: =IF(AND(ISNUMBER(L90),ISNUMBER(M90)),M90-L90,"") | AB90: =IF(AND(ISNUMBER(M90),ISNUMBER(P90)),P90-M90,"") | AC90: =IF(AND(ISNUMBER(L90),ISNUMBER(P90)),P90-L90,"") | AD90: =IF(AND(ISNUMBER(P90),ISNUMBER(Q90)),Q90-P90,"") | AE90: =IF(AND(ISNUMBER(Q90),ISNUMBER(R90)),R90-Q90,IF(ISNUMBER(Y90),Y90,"")) -> 12 | AF90: =IF(AND(ISNUMBER(R90),ISNUMBER(S90)),S90-R90,"") | AG90: =IF(AND(ISNUMBER(S90),ISNUMBER(T90)),T90-S90,"") | AH90: =IF(AND(ISNUMBER(L90),ISNUMBER(T90)),T90-L90,"") | AI90: =IF(AND(ISNUMBER(O90),ISNUMBER(Q90)),Q90-O90,"") -> 3 | AJ90: =IF(B90="","",COUNT(L90:M90,P90:T90)&"/7") -> 2/7 | AK90: =IF(B90="","",IF(OR(AND(ISNUMBER(L90),ISNUMBER(M90),M90<L90),AND(ISNUMBER(M90),ISNUMBER(P90),P90<M90),AND(ISNUMBER(P90),ISNUMBER(Q90),Q90<P90),AND(ISNUMBER(Q90),ISNUMBER(R90),R90<Q90),AND(ISNUMBER(R90),ISNUMBER(S90),S90<R90),AND(ISNUMBER(S90),ISNUMBER(T90),T90<S90),AND(ISNUMBER(N90),ISNUMBER(O90),O90<N90)),"Urutan tanggal salah",IF(AND(ISNUMBER(Q90),ISNUMBER(R90),ISNUMBER(Y90),ABS(R90-Q90-Y90)>2),"S tanggal ≠ Sailing tercatat",IF(AND(ISNUMBER(Q90),ISNUMBER(O90),ABS(Q90-O90)>60),"Cek tahun laycan",IF(AND(ISNUMBER(Q90),ISNUMBER(N90),Q90<N90),"Berangkat sebelum laycan",IF(NOT(ISNUMBER(AE90)),"S belum ada","OK")))))) -> OK
A91: =IF(B91="","",ROW()-4) -> 87 | B91: ZA | C91: ZA | D91: 2022 | E91: China | F91: Nanjing Port, China | G91: PKG Port , Gresik | H91: Lucky Grace International | I91: MV MICROSTEP | K91: 22000 | N91: 44864 | O91: 44864 | Q91: 44875 | R91: 44889 | U91: Selesai | X91: 30-Okt-2022 | Y91: 14 | Z91: LT History 2022–2024 | AA91: =IF(AND(ISNUMBER(L91),ISNUMBER(M91)),M91-L91,"") | AB91: =IF(AND(ISNUMBER(M91),ISNUMBER(P91)),P91-M91,"") | AC91: =IF(AND(ISNUMBER(L91),ISNUMBER(P91)),P91-L91,"") | AD91: =IF(AND(ISNUMBER(P91),ISNUMBER(Q91)),Q91-P91,"") | AE91: =IF(AND(ISNUMBER(Q91),ISNUMBER(R91)),R91-Q91,IF(ISNUMBER(Y91),Y91,"")) -> 14 | AF91: =IF(AND(ISNUMBER(R91),ISNUMBER(S91)),S91-R91,"") | AG91: =IF(AND(ISNUMBER(S91),ISNUMBER(T91)),T91-S91,"") | AH91: =IF(AND(ISNUMBER(L91),ISNUMBER(T91)),T91-L91,"") | AI91: =IF(AND(ISNUMBER(O91),ISNUMBER(Q91)),Q91-O91,"") -> 11 | AJ91: =IF(B91="","",COUNT(L91:M91,P91:T91)&"/7") -> 2/7 | AK91: =IF(B91="","",IF(OR(AND(ISNUMBER(L91),ISNUMBER(M91),M91<L91),AND(ISNUMBER(M91),ISNUMBER(P91),P91<M91),AND(ISNUMBER(P91),ISNUMBER(Q91),Q91<P91),AND(ISNUMBER(Q91),ISNUMBER(R91),R91<Q91),AND(ISNUMBER(R91),ISNUMBER(S91),S91<R91),AND(ISNUMBER(S91),ISNUMBER(T91),T91<S91),AND(ISNUMBER(N91),ISNUMBER(O91),O91<N91)),"Urutan tanggal salah",IF(AND(ISNUMBER(Q91),ISNUMBER(R91),ISNUMBER(Y91),ABS(R91-Q91-Y91)>2),"S tanggal ≠ Sailing tercatat",IF(AND(ISNUMBER(Q91),ISNUMBER(O91),ABS(Q91-O91)>60),"Cek tahun laycan",IF(AND(ISNUMBER(Q91),ISNUMBER(N91),Q91<N91),"Berangkat sebelum laycan",IF(NOT(ISNUMBER(AE91)),"S belum ada","OK")))))) -> OK
A92: =IF(B92="","",ROW()-4) -> 88 | B92: ZA | C92: ZA | D92: 2023 | E92: China | F92: FUZHOU PORT JIANGYIN JETTY ,CHINA | G92: PKG Port , Gresik | H92: Merrycorn | I92: MV HARMONY OCEAN | K92: 21978 | N92: 44915 | O92: 44920 | Q92: 44921 | R92: 44936 | U92: Selesai | X92: 20-25 DEC 2022 | Y92: 15 | Z92: LT History 2022–2024 | AA92: =IF(AND(ISNUMBER(L92),ISNUMBER(M92)),M92-L92,"") | AB92: =IF(AND(ISNUMBER(M92),ISNUMBER(P92)),P92-M92,"") | AC92: =IF(AND(ISNUMBER(L92),ISNUMBER(P92)),P92-L92,"") | AD92: =IF(AND(ISNUMBER(P92),ISNUMBER(Q92)),Q92-P92,"") | AE92: =IF(AND(ISNUMBER(Q92),ISNUMBER(R92)),R92-Q92,IF(ISNUMBER(Y92),Y92,"")) -> 15 | AF92: =IF(AND(ISNUMBER(R92),ISNUMBER(S92)),S92-R92,"") | AG92: =IF(AND(ISNUMBER(S92),ISNUMBER(T92)),T92-S92,"") | AH92: =IF(AND(ISNUMBER(L92),ISNUMBER(T92)),T92-L92,"") | AI92: =IF(AND(ISNUMBER(O92),ISNUMBER(Q92)),Q92-O92,"") -> 1 | AJ92: =IF(B92="","",COUNT(L92:M92,P92:T92)&"/7") -> 2/7 | AK92: =IF(B92="","",IF(OR(AND(ISNUMBER(L92),ISNUMBER(M92),M92<L92),AND(ISNUMBER(M92),ISNUMBER(P92),P92<M92),AND(ISNUMBER(P92),ISNUMBER(Q92),Q92<P92),AND(ISNUMBER(Q92),ISNUMBER(R92),R92<Q92),AND(ISNUMBER(R92),ISNUMBER(S92),S92<R92),AND(ISNUMBER(S92),ISNUMBER(T92),T92<S92),AND(ISNUMBER(N92),ISNUMBER(O92),O92<N92)),"Urutan tanggal salah",IF(AND(ISNUMBER(Q92),ISNUMBER(R92),ISNUMBER(Y92),ABS(R92-Q92-Y92)>2),"S tanggal ≠ Sailing tercatat",IF(AND(ISNUMBER(Q92),ISNUMBER(O92),ABS(Q92-O92)>60),"Cek tahun laycan",IF(AND(ISNUMBER(Q92),ISNUMBER(N92),Q92<N92),"Berangkat sebelum laycan",IF(NOT(ISNUMBER(AE92)),"S belum ada","OK")))))) -> OK
A93: =IF(B93="","",ROW()-4) -> 89 | B93: ZA | C93: ZA | D93: 2023 | E93: China | F93: Nanjing Port, China | G93: PKG Port , Gresik | H93: Engro Eximp F.Z.E | I93: MV Bao Yu | K93: 20000 | N93: 45015 | O93: 45018 | Q93: 45019 | R93: 45034 | U93: Selesai | X93: 30 Mar-02 Apr 23 | Y93: 15 | Z93: LT History 2022–2024 | AA93: =IF(AND(ISNUMBER(L93),ISNUMBER(M93)),M93-L93,"") | AB93: =IF(AND(ISNUMBER(M93),ISNUMBER(P93)),P93-M93,"") | AC93: =IF(AND(ISNUMBER(L93),ISNUMBER(P93)),P93-L93,"") | AD93: =IF(AND(ISNUMBER(P93),ISNUMBER(Q93)),Q93-P93,"") | AE93: =IF(AND(ISNUMBER(Q93),ISNUMBER(R93)),R93-Q93,IF(ISNUMBER(Y93),Y93,"")) -> 15 | AF93: =IF(AND(ISNUMBER(R93),ISNUMBER(S93)),S93-R93,"") | AG93: =IF(AND(ISNUMBER(S93),ISNUMBER(T93)),T93-S93,"") | AH93: =IF(AND(ISNUMBER(L93),ISNUMBER(T93)),T93-L93,"") | AI93: =IF(AND(ISNUMBER(O93),ISNUMBER(Q93)),Q93-O93,"") -> 1 | AJ93: =IF(B93="","",COUNT(L93:M93,P93:T93)&"/7") -> 2/7 | AK93: =IF(B93="","",IF(OR(AND(ISNUMBER(L93),ISNUMBER(M93),M93<L93),AND(ISNUMBER(M93),ISNUMBER(P93),P93<M93),AND(ISNUMBER(P93),ISNUMBER(Q93),Q93<P93),AND(ISNUMBER(Q93),ISNUMBER(R93),R93<Q93),AND(ISNUMBER(R93),ISNUMBER(S93),S93<R93),AND(ISNUMBER(S93),ISNUMBER(T93),T93<S93),AND(ISNUMBER(N93),ISNUMBER(O93),O93<N93)),"Urutan tanggal salah",IF(AND(ISNUMBER(Q93),ISNUMBER(R93),ISNUMBER(Y93),ABS(R93-Q93-Y93)>2),"S tanggal ≠ Sailing tercatat",IF(AND(ISNUMBER(Q93),ISNUMBER(O93),ABS(Q93-O93)>60),"Cek tahun laycan",IF(AND(ISNUMBER(Q93),ISNUMBER(N93),Q93<N93),"Berangkat sebelum laycan",IF(NOT(ISNUMBER(AE93)),"S belum ada","OK")))))) -> OK
A94: =IF(B94="","",ROW()-4) -> 90 | B94: ZA | C94: ZA 1st | D94: 2023 | E94: China | F94: Xiuyu, China | G94: PKG Port , Gresik | H94: Best Sign Asia Chemical Pte Ltd | I94: MV Hua Yun 8 | K94: 11000 | N94: 45104 | O94: 45104 | Q94: 45106 | R94: 45114 | U94: Selesai | Y94: 8 | Z94: LT History 2022–2024 | AA94: =IF(AND(ISNUMBER(L94),ISNUMBER(M94)),M94-L94,"") | AB94: =IF(AND(ISNUMBER(M94),ISNUMBER(P94)),P94-M94,"") | AC94: =IF(AND(ISNUMBER(L94),ISNUMBER(P94)),P94-L94,"") | AD94: =IF(AND(ISNUMBER(P94),ISNUMBER(Q94)),Q94-P94,"") | AE94: =IF(AND(ISNUMBER(Q94),ISNUMBER(R94)),R94-Q94,IF(ISNUMBER(Y94),Y94,"")) -> 8 | AF94: =IF(AND(ISNUMBER(R94),ISNUMBER(S94)),S94-R94,"") | AG94: =IF(AND(ISNUMBER(S94),ISNUMBER(T94)),T94-S94,"") | AH94: =IF(AND(ISNUMBER(L94),ISNUMBER(T94)),T94-L94,"") | AI94: =IF(AND(ISNUMBER(O94),ISNUMBER(Q94)),Q94-O94,"") -> 2 | AJ94: =IF(B94="","",COUNT(L94:M94,P94:T94)&"/7") -> 2/7 | AK94: =IF(B94="","",IF(OR(AND(ISNUMBER(L94),ISNUMBER(M94),M94<L94),AND(ISNUMBER(M94),ISNUMBER(P94),P94<M94),AND(ISNUMBER(P94),ISNUMBER(Q94),Q94<P94),AND(ISNUMBER(Q94),ISNUMBER(R94),R94<Q94),AND(ISNUMBER(R94),ISNUMBER(S94),S94<R94),AND(ISNUMBER(S94),ISNUMBER(T94),T94<S94),AND(ISNUMBER(N94),ISNUMBER(O94),O94<N94)),"Urutan tanggal salah",IF(AND(ISNUMBER(Q94),ISNUMBER(R94),ISNUMBER(Y94),ABS(R94-Q94-Y94)>2),"S tanggal ≠ Sailing tercatat",IF(AND(ISNUMBER(Q94),ISNUMBER(O94),ABS(Q94-O94)>60),"Cek tahun laycan",IF(AND(ISNUMBER(Q94),ISNUMBER(N94),Q94<N94),"Berangkat sebelum laycan",IF(NOT(ISNUMBER(AE94)),"S belum ada","OK")))))) -> OK
A95: =IF(B95="","",ROW()-4) -> 91 | B95: ZA | C95: ZA 2nd | D95: 2023 | E95: China | F95: NANTONG ,CHINA . | G95: PKG Port , Gresik | H95: Best Sign Asia Chemical Pte Ltd | I95: MV. APOLLO A | K95: 9000 | N95: 45174 | O95: 45179 | Q95: 45180 | R95: 45190 | U95: Selesai | X95: 5-10 Sep 23 | Y95: 10 | Z95: LT History 2022–2024 | AA95: =IF(AND(ISNUMBER(L95),ISNUMBER(M95)),M95-L95,"") | AB95: =IF(AND(ISNUMBER(M95),ISNUMBER(P95)),P95-M95,"") | AC95: =IF(AND(ISNUMBER(L95),ISNUMBER(P95)),P95-L95,"") | AD95: =IF(AND(ISNUMBER(P95),ISNUMBER(Q95)),Q95-P95,"") | AE95: =IF(AND(ISNUMBER(Q95),ISNUMBER(R95)),R95-Q95,IF(ISNUMBER(Y95),Y95,"")) -> 10 | AF95: =IF(AND(ISNUMBER(R95),ISNUMBER(S95)),S95-R95,"") | AG95: =IF(AND(ISNUMBER(S95),ISNUMBER(T95)),T95-S95,"") | AH95: =IF(AND(ISNUMBER(L95),ISNUMBER(T95)),T95-L95,"") | AI95: =IF(AND(ISNUMBER(O95),ISNUMBER(Q95)),Q95-O95,"") -> 1 | AJ95: =IF(B95="","",COUNT(L95:M95,P95:T95)&"/7") -> 2/7 | AK95: =IF(B95="","",IF(OR(AND(ISNUMBER(L95),ISNUMBER(M95),M95<L95),AND(ISNUMBER(M95),ISNUMBER(P95),P95<M95),AND(ISNUMBER(P95),ISNUMBER(Q95),Q95<P95),AND(ISNUMBER(Q95),ISNUMBER(R95),R95<Q95),AND(ISNUMBER(R95),ISNUMBER(S95),S95<R95),AND(ISNUMBER(S95),ISNUMBER(T95),T95<S95),AND(ISNUMBER(N95),ISNUMBER(O95),O95<N95)),"Urutan tanggal salah",IF(AND(ISNUMBER(Q95),ISNUMBER(R95),ISNUMBER(Y95),ABS(R95-Q95-Y95)>2),"S tanggal ≠ Sailing tercatat",IF(AND(ISNUMBER(Q95),ISNUMBER(O95),ABS(Q95-O95)>60),"Cek tahun laycan",IF(AND(ISNUMBER(Q95),ISNUMBER(N95),Q95<N95),"Berangkat sebelum laycan",IF(NOT(ISNUMBER(AE95)),"S belum ada","OK")))))) -> OK
A96: =IF(B96="","",ROW()-4) -> 92 | B96: ZA | C96: ZA 3rd | D96: 2024 | E96: China | F96: TIANJIN PORT, CHINA | G96: PKG Port , Gresik | H96: Best Sign Asia Chemical Pte Ltd | I96: MV ZHONG YU 28 | K96: 16000 | N96: 45347 | O96: 45351 | Q96: 45348 | R96: 45367 | U96: Selesai | W96: Kombine cargo | X96: 25-29 Feb 24 | Y96: 19 | Z96: LT History 2022–2024 | AA96: =IF(AND(ISNUMBER(L96),ISNUMBER(M96)),M96-L96,"") | AB96: =IF(AND(ISNUMBER(M96),ISNUMBER(P96)),P96-M96,"") | AC96: =IF(AND(ISNUMBER(L96),ISNUMBER(P96)),P96-L96,"") | AD96: =IF(AND(ISNUMBER(P96),ISNUMBER(Q96)),Q96-P96,"") | AE96: =IF(AND(ISNUMBER(Q96),ISNUMBER(R96)),R96-Q96,IF(ISNUMBER(Y96),Y96,"")) -> 19 | AF96: =IF(AND(ISNUMBER(R96),ISNUMBER(S96)),S96-R96,"") | AG96: =IF(AND(ISNUMBER(S96),ISNUMBER(T96)),T96-S96,"") | AH96: =IF(AND(ISNUMBER(L96),ISNUMBER(T96)),T96-L96,"") | AI96: =IF(AND(ISNUMBER(O96),ISNUMBER(Q96)),Q96-O96,"") -> -3 | AJ96: =IF(B96="","",COUNT(L96:M96,P96:T96)&"/7") -> 2/7 | AK96: =IF(B96="","",IF(OR(AND(ISNUMBER(L96),ISNUMBER(M96),M96<L96),AND(ISNUMBER(M96),ISNUMBER(P96),P96<M96),AND(ISNUMBER(P96),ISNUMBER(Q96),Q96<P96),AND(ISNUMBER(Q96),ISNUMBER(R96),R96<Q96),AND(ISNUMBER(R96),ISNUMBER(S96),S96<R96),AND(ISNUMBER(S96),ISNUMBER(T96),T96<S96),AND(ISNUMBER(N96),ISNUMBER(O96),O96<N96)),"Urutan tanggal salah",IF(AND(ISNUMBER(Q96),ISNUMBER(R96),ISNUMBER(Y96),ABS(R96-Q96-Y96)>2),"S tanggal ≠ Sailing tercatat",IF(AND(ISNUMBER(Q96),ISNUMBER(O96),ABS(Q96-O96)>60),"Cek tahun laycan",IF(AND(ISNUMBER(Q96),ISNUMBER(N96),Q96<N96),"Berangkat sebelum laycan",IF(NOT(ISNUMBER(AE96)),"S belum ada","OK")))))) -> OK
A97: =IF(B97="","",ROW()-4) -> 93 | B97: ZA | C97: ZA 1st | D97: 2023 | E97: China | F97: Xiuyu, China | G97: PKG Port , Gresik | H97: Engro Eximp F.Z.E | I97: MV.Unicorn | K97: 18000 | N97: 45219 | O97: 45222 | Q97: 45223 | R97: 45233 | U97: Selesai | X97: 20-23 Oct 23 | Y97: 10 | Z97: LT History 2022–2024 | AA97: =IF(AND(ISNUMBER(L97),ISNUMBER(M97)),M97-L97,"") | AB97: =IF(AND(ISNUMBER(M97),ISNUMBER(P97)),P97-M97,"") | AC97: =IF(AND(ISNUMBER(L97),ISNUMBER(P97)),P97-L97,"") | AD97: =IF(AND(ISNUMBER(P97),ISNUMBER(Q97)),Q97-P97,"") | AE97: =IF(AND(ISNUMBER(Q97),ISNUMBER(R97)),R97-Q97,IF(ISNUMBER(Y97),Y97,"")) -> 10 | AF97: =IF(AND(ISNUMBER(R97),ISNUMBER(S97)),S97-R97,"") | AG97: =IF(AND(ISNUMBER(S97),ISNUMBER(T97)),T97-S97,"") | AH97: =IF(AND(ISNUMBER(L97),ISNUMBER(T97)),T97-L97,"") | AI97: =IF(AND(ISNUMBER(O97),ISNUMBER(Q97)),Q97-O97,"") -> 1 | AJ97: =IF(B97="","",COUNT(L97:M97,P97:T97)&"/7") -> 2/7 | AK97: =IF(B97="","",IF(OR(AND(ISNUMBER(L97),ISNUMBER(M97),M97<L97),AND(ISNUMBER(M97),ISNUMBER(P97),P97<M97),AND(ISNUMBER(P97),ISNUMBER(Q97),Q97<P97),AND(ISNUMBER(Q97),ISNUMBER(R97),R97<Q97),AND(ISNUMBER(R97),ISNUMBER(S97),S97<R97),AND(ISNUMBER(S97),ISNUMBER(T97),T97<S97),AND(ISNUMBER(N97),ISNUMBER(O97),O97<N97)),"Urutan tanggal salah",IF(AND(ISNUMBER(Q97),ISNUMBER(R97),ISNUMBER(Y97),ABS(R97-Q97-Y97)>2),"S tanggal ≠ Sailing tercatat",IF(AND(ISNUMBER(Q97),ISNUMBER(O97),ABS(Q97-O97)>60),"Cek tahun laycan",IF(AND(ISNUMBER(Q97),ISNUMBER(N97),Q97<N97),"Berangkat sebelum laycan",IF(NOT(ISNUMBER(AE97)),"S belum ada","OK")))))) -> OK
A98: =IF(B98="","",ROW()-4) -> 94 | B98: ZA | C98: ZA | D98: 2023 | E98: China | F98: Xiuyu, China | G98: PKG Port , Gresik | H98: Golden Barley | I98: MV Lucky Star | K98: 11000 | N98: 45226 | O98: 45233 | Q98: 45234 | R98: 45239 | U98: Selesai | X98: 27 okt-3 nov 23 | Y98: 5 | Z98: LT History 2022–2024 | AA98: =IF(AND(ISNUMBER(L98),ISNUMBER(M98)),M98-L98,"") | AB98: =IF(AND(ISNUMBER(M98),ISNUMBER(P98)),P98-M98,"") | AC98: =IF(AND(ISNUMBER(L98),ISNUMBER(P98)),P98-L98,"") | AD98: =IF(AND(ISNUMBER(P98),ISNUMBER(Q98)),Q98-P98,"") | AE98: =IF(AND(ISNUMBER(Q98),ISNUMBER(R98)),R98-Q98,IF(ISNUMBER(Y98),Y98,"")) -> 5 | AF98: =IF(AND(ISNUMBER(R98),ISNUMBER(S98)),S98-R98,"") | AG98: =IF(AND(ISNUMBER(S98),ISNUMBER(T98)),T98-S98,"") | AH98: =IF(AND(ISNUMBER(L98),ISNUMBER(T98)),T98-L98,"") | AI98: =IF(AND(ISNUMBER(O98),ISNUMBER(Q98)),Q98-O98,"") -> 1 | AJ98: =IF(B98="","",COUNT(L98:M98,P98:T98)&"/7") -> 2/7 | AK98: =IF(B98="","",IF(OR(AND(ISNUMBER(L98),ISNUMBER(M98),M98<L98),AND(ISNUMBER(M98),ISNUMBER(P98),P98<M98),AND(ISNUMBER(P98),ISNUMBER(Q98),Q98<P98),AND(ISNUMBER(Q98),ISNUMBER(R98),R98<Q98),AND(ISNUMBER(R98),ISNUMBER(S98),S98<R98),AND(ISNUMBER(S98),ISNUMBER(T98),T98<S98),AND(ISNUMBER(N98),ISNUMBER(O98),O98<N98)),"Urutan tanggal salah",IF(AND(ISNUMBER(Q98),ISNUMBER(R98),ISNUMBER(Y98),ABS(R98-Q98-Y98)>2),"S tanggal ≠ Sailing tercatat",IF(AND(ISNUMBER(Q98),ISNUMBER(O98),ABS(Q98-O98)>60),"Cek tahun laycan",IF(AND(ISNUMBER(Q98),ISNUMBER(N98),Q98<N98),"Berangkat sebelum laycan",IF(NOT(ISNUMBER(AE98)),"S belum ada","OK")))))) -> OK
A99: =IF(B99="","",ROW()-4) -> 95 | B99: ZA | C99: ZA | D99: 2023 | E99: China | F99: ZHANGJIAGANG PORT, CHINA | G99: PKG Port , Gresik | H99: Golden Barley | I99: MV Chuan Hai | K99: 10800 | N99: 45250 | O99: 45255 | Q99: 45256 | R99: 45270 | U99: Selesai | X99: 20-25 Nov 23 | Y99: 14 | Z99: LT History 2022–2024 | AA99: =IF(AND(ISNUMBER(L99),ISNUMBER(M99)),M99-L99,"") | AB99: =IF(AND(ISNUMBER(M99),ISNUMBER(P99)),P99-M99,"") | AC99: =IF(AND(ISNUMBER(L99),ISNUMBER(P99)),P99-L99,"") | AD99: =IF(AND(ISNUMBER(P99),ISNUMBER(Q99)),Q99-P99,"") | AE99: =IF(AND(ISNUMBER(Q99),ISNUMBER(R99)),R99-Q99,IF(ISNUMBER(Y99),Y99,"")) -> 14 | AF99: =IF(AND(ISNUMBER(R99),ISNUMBER(S99)),S99-R99,"") | AG99: =IF(AND(ISNUMBER(S99),ISNUMBER(T99)),T99-S99,"") | AH99: =IF(AND(ISNUMBER(L99),ISNUMBER(T99)),T99-L99,"") | AI99: =IF(AND(ISNUMBER(O99),ISNUMBER(Q99)),Q99-O99,"") -> 1 | AJ99: =IF(B99="","",COUNT(L99:M99,P99:T99)&"/7") -> 2/7 | AK99: =IF(B99="","",IF(OR(AND(ISNUMBER(L99),ISNUMBER(M99),M99<L99),AND(ISNUMBER(M99),ISNUMBER(P99),P99<M99),AND(ISNUMBER(P99),ISNUMBER(Q99),Q99<P99),AND(ISNUMBER(Q99),ISNUMBER(R99),R99<Q99),AND(ISNUMBER(R99),ISNUMBER(S99),S99<R99),AND(ISNUMBER(S99),ISNUMBER(T99),T99<S99),AND(ISNUMBER(N99),ISNUMBER(O99),O99<N99)),"Urutan tanggal salah",IF(AND(ISNUMBER(Q99),ISNUMBER(R99),ISNUMBER(Y99),ABS(R99-Q99-Y99)>2),"S tanggal ≠ Sailing tercatat",IF(AND(ISNUMBER(Q99),ISNUMBER(O99),ABS(Q99-O99)>60),"Cek tahun laycan",IF(AND(ISNUMBER(Q99),ISNUMBER(N99),Q99<N99),"Berangkat sebelum laycan",IF(NOT(ISNUMBER(AE99)),"S belum ada","OK")))))) -> OK
A100: =IF(B100="","",ROW()-4) -> 96 | B100: ZA | C100: ZA | D100: 2024 | E100: China | F100: XIUYU PORT, CHINA | G100: PKG Port , Gresik | H100: BestwinTrade(HK)Ltd | I100: MV EASTERN HAWK | K100: 36000 | N100: 45366 | O100: 45371 | Q100: 45372 | R100: 45380 | U100: Selesai | W100: 3rd W Mar 24 | X100: 15-20 Mar 24 | Y100: 8 | Z100: LT History 2022–2024 | AA100: =IF(AND(ISNUMBER(L100),ISNUMBER(M100)),M100-L100,"") | AB100: =IF(AND(ISNUMBER(M100),ISNUMBER(P100)),P100-M100,"") | AC100: =IF(AND(ISNUMBER(L100),ISNUMBER(P100)),P100-L100,"") | AD100: =IF(AND(ISNUMBER(P100),ISNUMBER(Q100)),Q100-P100,"") | AE100: =IF(AND(ISNUMBER(Q100),ISNUMBER(R100)),R100-Q100,IF(ISNUMBER(Y100),Y100,"")) -> 8 | AF100: =IF(AND(ISNUMBER(R100),ISNUMBER(S100)),S100-R100,"") | AG100: =IF(AND(ISNUMBER(S100),ISNUMBER(T100)),T100-S100,"") | AH100: =IF(AND(ISNUMBER(L100),ISNUMBER(T100)),T100-L100,"") | AI100: =IF(AND(ISNUMBER(O100),ISNUMBER(Q100)),Q100-O100,"") -> 1 | AJ100: =IF(B100="","",COUNT(L100:M100,P100:T100)&"/7") -> 2/7 | AK100: =IF(B100="","",IF(OR(AND(ISNUMBER(L100),ISNUMBER(M100),M100<L100),AND(ISNUMBER(M100),ISNUMBER(P100),P100<M100),AND(ISNUMBER(P100),ISNUMBER(Q100),Q100<P100),AND(ISNUMBER(Q100),ISNUMBER(R100),R100<Q100),AND(ISNUMBER(R100),ISNUMBER(S100),S100<R100),AND(ISNUMBER(S100),ISNUMBER(T100),T100<S100),AND(ISNUMBER(N100),ISNUMBER(O100),O100<N100)),"Urutan tanggal salah",IF(AND(ISNUMBER(Q100),ISNUMBER(R100),ISNUMBER(Y100),ABS(R100-Q100-Y100)>2),"S tanggal ≠ Sailing tercatat",IF(AND(ISNUMBER(Q100),ISNUMBER(O100),ABS(Q100-O100)>60),"Cek tahun laycan",IF(AND(ISNUMBER(Q100),ISNUMBER(N100),Q100<N100),"Berangkat sebelum laycan",IF(NOT(ISNUMBER(AE100)),"S belum ada","OK")))))) -> OK
...

Sheet Statistik
A1: Statistik Lead Time & Konsumsi per Bahan — PKG
A2: Dihitung otomatis dari Log_Kargo dan Data_CR. Status kesiapan: n ≥ 20 Siap · 10–19 Terbatas · < 10 Belum.
A4: S Sailing (⑤−④)
A5: Bahan | B5: n | C5: Rata-rata | D5: Maks | E5: Simp. baku | F5: Persentil 90 | G5: Kesiapan
A6: DAP | B6: =SUMPRODUCT((Log_Kargo!$B$5:$B$1004=$A6)*ISNUMBER(Log_Kargo!$AE$5:$AE$1004)) -> 15 | C6: {=IF(B6=0,"",AVERAGE(IF((Log_Kargo!$B$5:$B$1004=$A6)*ISNUMBER(Log_Kargo!$AE$5:$AE$1004),Log_Kargo!$AE$5:$AE$1004)))} -> 13.066667 | D6: {=IF(B6=0,"",MAX(IF((Log_Kargo!$B$5:$B$1004=$A6)*ISNUMBER(Log_Kargo!$AE$5:$AE$1004),Log_Kargo!$AE$5:$AE$1004)))} -> 33 | E6: {=IF(B6<2,"",STDEV(IF((Log_Kargo!$B$5:$B$1004=$A6)*ISNUMBER(Log_Kargo!$AE$5:$AE$1004),Log_Kargo!$AE$5:$AE$1004)))} -> 7.9504417 | F6: {=IF(B6=0,"",PERCENTILE(IF((Log_Kargo!$B$5:$B$1004=$A6)*ISNUMBER(Log_Kargo!$AE$5:$AE$1004),Log_Kargo!$AE$5:$AE$1004),0.9))} -> 23.8 | G6: =IF(B6>=20,"Siap",IF(B6>=10,"Terbatas","Belum")) -> Terbatas
A7: KCL | B7: =SUMPRODUCT((Log_Kargo!$B$5:$B$1004=$A7)*ISNUMBER(Log_Kargo!$AE$5:$AE$1004)) -> 61 | C7: {=IF(B7=0,"",AVERAGE(IF((Log_Kargo!$B$5:$B$1004=$A7)*ISNUMBER(Log_Kargo!$AE$5:$AE$1004),Log_Kargo!$AE$5:$AE$1004)))} -> 36.737705 | D7: {=IF(B7=0,"",MAX(IF((Log_Kargo!$B$5:$B$1004=$A7)*ISNUMBER(Log_Kargo!$AE$5:$AE$1004),Log_Kargo!$AE$5:$AE$1004)))} -> 66 | E7: {=IF(B7<2,"",STDEV(IF((Log_Kargo!$B$5:$B$1004=$A7)*ISNUMBER(Log_Kargo!$AE$5:$AE$1004),Log_Kargo!$AE$5:$AE$1004)))} -> 12.681879 | F7: {=IF(B7=0,"",PERCENTILE(IF((Log_Kargo!$B$5:$B$1004=$A7)*ISNUMBER(Log_Kargo!$AE$5:$AE$1004),Log_Kargo!$AE$5:$AE$1004),0.9))} -> 51 | G7: =IF(B7>=20,"Siap",IF(B7>=10,"Terbatas","Belum")) -> Siap
A8: ZA | B8: =SUMPRODUCT((Log_Kargo!$B$5:$B$1004=$A8)*ISNUMBER(Log_Kargo!$AE$5:$AE$1004)) -> 31 | C8: {=IF(B8=0,"",AVERAGE(IF((Log_Kargo!$B$5:$B$1004=$A8)*ISNUMBER(Log_Kargo!$AE$5:$AE$1004),Log_Kargo!$AE$5:$AE$1004)))} -> 12.354839 | D8: {=IF(B8=0,"",MAX(IF((Log_Kargo!$B$5:$B$1004=$A8)*ISNUMBER(Log_Kargo!$AE$5:$AE$1004),Log_Kargo!$AE$5:$AE$1004)))} -> 19 | E8: {=IF(B8<2,"",STDEV(IF((Log_Kargo!$B$5:$B$1004=$A8)*ISNUMBER(Log_Kargo!$AE$5:$AE$1004),Log_Kargo!$AE$5:$AE$1004)))} -> 3.6106176 | F8: {=IF(B8=0,"",PERCENTILE(IF((Log_Kargo!$B$5:$B$1004=$A8)*ISNUMBER(Log_Kargo!$AE$5:$AE$1004),Log_Kargo!$AE$5:$AE$1004),0.9))} -> 18 | G8: =IF(B8>=20,"Siap",IF(B8>=10,"Terbatas","Belum")) -> Siap
A9: RP | B9: =SUMPRODUCT((Log_Kargo!$B$5:$B$1004=$A9)*ISNUMBER(Log_Kargo!$AE$5:$AE$1004)) -> 41 | C9: {=IF(B9=0,"",AVERAGE(IF((Log_Kargo!$B$5:$B$1004=$A9)*ISNUMBER(Log_Kargo!$AE$5:$AE$1004),Log_Kargo!$AE$5:$AE$1004)))} -> 25.853659 | D9: {=IF(B9=0,"",MAX(IF((Log_Kargo!$B$5:$B$1004=$A9)*ISNUMBER(Log_Kargo!$AE$5:$AE$1004),Log_Kargo!$AE$5:$AE$1004)))} -> 61 | E9: {=IF(B9<2,"",STDEV(IF((Log_Kargo!$B$5:$B$1004=$A9)*ISNUMBER(Log_Kargo!$AE$5:$AE$1004),Log_Kargo!$AE$5:$AE$1004)))} -> 8.7851038 | F9: {=IF(B9=0,"",PERCENTILE(IF((Log_Kargo!$B$5:$B$1004=$A9)*ISNUMBER(Log_Kargo!$AE$5:$AE$1004),Log_Kargo!$AE$5:$AE$1004),0.9))} -> 34 | G9: =IF(B9>=20,"Siap",IF(B9>=10,"Terbatas","Belum")) -> Siap
A10: SA | B10: =SUMPRODUCT((Log_Kargo!$B$5:$B$1004=$A10)*ISNUMBER(Log_Kargo!$AE$5:$AE$1004)) -> 22 | C10: {=IF(B10=0,"",AVERAGE(IF((Log_Kargo!$B$5:$B$1004=$A10)*ISNUMBER(Log_Kargo!$AE$5:$AE$1004),Log_Kargo!$AE$5:$AE$1004)))} -> 10.045455 | D10: {=IF(B10=0,"",MAX(IF((Log_Kargo!$B$5:$B$1004=$A10)*ISNUMBER(Log_Kargo!$AE$5:$AE$1004),Log_Kargo!$AE$5:$AE$1004)))} -> 17 | E10: {=IF(B10<2,"",STDEV(IF((Log_Kargo!$B$5:$B$1004=$A10)*ISNUMBER(Log_Kargo!$AE$5:$AE$1004),Log_Kargo!$AE$5:$AE$1004)))} -> 3.9215798 | F10: {=IF(B10=0,"",PERCENTILE(IF((Log_Kargo!$B$5:$B$1004=$A10)*ISNUMBER(Log_Kargo!$AE$5:$AE$1004),Log_Kargo!$AE$5:$AE$1004),0.9))} -> 14 | G10: =IF(B10>=20,"Siap",IF(B10>=10,"Terbatas","Belum")) -> Siap
A11: PA | B11: =SUMPRODUCT((Log_Kargo!$B$5:$B$1004=$A11)*ISNUMBER(Log_Kargo!$AE$5:$AE$1004)) -> 0 | C11: {=IF(B11=0,"",AVERAGE(IF((Log_Kargo!$B$5:$B$1004=$A11)*ISNUMBER(Log_Kargo!$AE$5:$AE$1004),Log_Kargo!$AE$5:$AE$1004)))} | D11: {=IF(B11=0,"",MAX(IF((Log_Kargo!$B$5:$B$1004=$A11)*ISNUMBER(Log_Kargo!$AE$5:$AE$1004),Log_Kargo!$AE$5:$AE$1004)))} | E11: {=IF(B11<2,"",STDEV(IF((Log_Kargo!$B$5:$B$1004=$A11)*ISNUMBER(Log_Kargo!$AE$5:$AE$1004),Log_Kargo!$AE$5:$AE$1004)))} | F11: {=IF(B11=0,"",PERCENTILE(IF((Log_Kargo!$B$5:$B$1004=$A11)*ISNUMBER(Log_Kargo!$AE$5:$AE$1004),Log_Kargo!$AE$5:$AE$1004),0.9))} | G11: =IF(B11>=20,"Siap",IF(B11>=10,"Terbatas","Belum")) -> Belum
A12: SULFUR | B12: =SUMPRODUCT((Log_Kargo!$B$5:$B$1004=$A12)*ISNUMBER(Log_Kargo!$AE$5:$AE$1004)) -> 24 | C12: {=IF(B12=0,"",AVERAGE(IF((Log_Kargo!$B$5:$B$1004=$A12)*ISNUMBER(Log_Kargo!$AE$5:$AE$1004),Log_Kargo!$AE$5:$AE$1004)))} -> 18.666667 | D12: {=IF(B12=0,"",MAX(IF((Log_Kargo!$B$5:$B$1004=$A12)*ISNUMBER(Log_Kargo!$AE$5:$AE$1004),Log_Kargo!$AE$5:$AE$1004)))} -> 20 | E12: {=IF(B12<2,"",STDEV(IF((Log_Kargo!$B$5:$B$1004=$A12)*ISNUMBER(Log_Kargo!$AE$5:$AE$1004),Log_Kargo!$AE$5:$AE$1004)))} -> 2.869126 | F12: {=IF(B12=0,"",PERCENTILE(IF((Log_Kargo!$B$5:$B$1004=$A12)*ISNUMBER(Log_Kargo!$AE$5:$AE$1004),Log_Kargo!$AE$5:$AE$1004),0.9))} -> 20 | G12: =IF(B12>=20,"Siap",IF(B12>=10,"Terbatas","Belum")) -> Siap
A13: AMONIAK | B13: =SUMPRODUCT((Log_Kargo!$B$5:$B$1004=$A13)*ISNUMBER(Log_Kargo!$AE$5:$AE$1004)) -> 0 | C13: {=IF(B13=0,"",AVERAGE(IF((Log_Kargo!$B$5:$B$1004=$A13)*ISNUMBER(Log_Kargo!$AE$5:$AE$1004),Log_Kargo!$AE$5:$AE$1004)))} | D13: {=IF(B13=0,"",MAX(IF((Log_Kargo!$B$5:$B$1004=$A13)*ISNUMBER(Log_Kargo!$AE$5:$AE$1004),Log_Kargo!$AE$5:$AE$1004)))} | E13: {=IF(B13<2,"",STDEV(IF((Log_Kargo!$B$5:$B$1004=$A13)*ISNUMBER(Log_Kargo!$AE$5:$AE$1004),Log_Kargo!$AE$5:$AE$1004)))} | F13: {=IF(B13=0,"",PERCENTILE(IF((Log_Kargo!$B$5:$B$1004=$A13)*ISNUMBER(Log_Kargo!$AE$5:$AE$1004),Log_Kargo!$AE$5:$AE$1004),0.9))} | G13: =IF(B13>=20,"Siap",IF(B13>=10,"Terbatas","Belum")) -> Belum
A14: LAINNYA | B14: =SUMPRODUCT((Log_Kargo!$B$5:$B$1004=$A14)*ISNUMBER(Log_Kargo!$AE$5:$AE$1004)) -> 8 | C14: {=IF(B14=0,"",AVERAGE(IF((Log_Kargo!$B$5:$B$1004=$A14)*ISNUMBER(Log_Kargo!$AE$5:$AE$1004),Log_Kargo!$AE$5:$AE$1004)))} -> 60.375 | D14: {=IF(B14=0,"",MAX(IF((Log_Kargo!$B$5:$B$1004=$A14)*ISNUMBER(Log_Kargo!$AE$5:$AE$1004),Log_Kargo!$AE$5:$AE$1004)))} -> 68 | E14: {=IF(B14<2,"",STDEV(IF((Log_Kargo!$B$5:$B$1004=$A14)*ISNUMBER(Log_Kargo!$AE$5:$AE$1004),Log_Kargo!$AE$5:$AE$1004)))} -> 21.566757 | F14: {=IF(B14=0,"",PERCENTILE(IF((Log_Kargo!$B$5:$B$1004=$A14)*ISNUMBER(Log_Kargo!$AE$5:$AE$1004),Log_Kargo!$AE$5:$AE$1004),0.9))} -> 68 | G14: =IF(B14>=20,"Siap",IF(B14>=10,"Terbatas","Belum")) -> Belum
A16: P Preparation (③−①)
A17: Bahan | B17: n | C17: Rata-rata | D17: Maks | E17: Simp. baku | F17: Persentil 90 | G17: Kesiapan
A18: DAP | B18: =SUMPRODUCT((Log_Kargo!$B$5:$B$1004=$A18)*ISNUMBER(Log_Kargo!$AC$5:$AC$1004)) -> 0 | C18: {=IF(B18=0,"",AVERAGE(IF((Log_Kargo!$B$5:$B$1004=$A18)*ISNUMBER(Log_Kargo!$AC$5:$AC$1004),Log_Kargo!$AC$5:$AC$1004)))} | D18: {=IF(B18=0,"",MAX(IF((Log_Kargo!$B$5:$B$1004=$A18)*ISNUMBER(Log_Kargo!$AC$5:$AC$1004),Log_Kargo!$AC$5:$AC$1004)))} | E18: {=IF(B18<2,"",STDEV(IF((Log_Kargo!$B$5:$B$1004=$A18)*ISNUMBER(Log_Kargo!$AC$5:$AC$1004),Log_Kargo!$AC$5:$AC$1004)))} | F18: {=IF(B18=0,"",PERCENTILE(IF((Log_Kargo!$B$5:$B$1004=$A18)*ISNUMBER(Log_Kargo!$AC$5:$AC$1004),Log_Kargo!$AC$5:$AC$1004),0.9))} | G18: =IF(B18>=20,"Siap",IF(B18>=10,"Terbatas","Belum")) -> Belum
A19: KCL | B19: =SUMPRODUCT((Log_Kargo!$B$5:$B$1004=$A19)*ISNUMBER(Log_Kargo!$AC$5:$AC$1004)) -> 0 | C19: {=IF(B19=0,"",AVERAGE(IF((Log_Kargo!$B$5:$B$1004=$A19)*ISNUMBER(Log_Kargo!$AC$5:$AC$1004),Log_Kargo!$AC$5:$AC$1004)))} | D19: {=IF(B19=0,"",MAX(IF((Log_Kargo!$B$5:$B$1004=$A19)*ISNUMBER(Log_Kargo!$AC$5:$AC$1004),Log_Kargo!$AC$5:$AC$1004)))} | E19: {=IF(B19<2,"",STDEV(IF((Log_Kargo!$B$5:$B$1004=$A19)*ISNUMBER(Log_Kargo!$AC$5:$AC$1004),Log_Kargo!$AC$5:$AC$1004)))} | F19: {=IF(B19=0,"",PERCENTILE(IF((Log_Kargo!$B$5:$B$1004=$A19)*ISNUMBER(Log_Kargo!$AC$5:$AC$1004),Log_Kargo!$AC$5:$AC$1004),0.9))} | G19: =IF(B19>=20,"Siap",IF(B19>=10,"Terbatas","Belum")) -> Belum
A20: ZA | B20: =SUMPRODUCT((Log_Kargo!$B$5:$B$1004=$A20)*ISNUMBER(Log_Kargo!$AC$5:$AC$1004)) -> 0 | C20: {=IF(B20=0,"",AVERAGE(IF((Log_Kargo!$B$5:$B$1004=$A20)*ISNUMBER(Log_Kargo!$AC$5:$AC$1004),Log_Kargo!$AC$5:$AC$1004)))} | D20: {=IF(B20=0,"",MAX(IF((Log_Kargo!$B$5:$B$1004=$A20)*ISNUMBER(Log_Kargo!$AC$5:$AC$1004),Log_Kargo!$AC$5:$AC$1004)))} | E20: {=IF(B20<2,"",STDEV(IF((Log_Kargo!$B$5:$B$1004=$A20)*ISNUMBER(Log_Kargo!$AC$5:$AC$1004),Log_Kargo!$AC$5:$AC$1004)))} | F20: {=IF(B20=0,"",PERCENTILE(IF((Log_Kargo!$B$5:$B$1004=$A20)*ISNUMBER(Log_Kargo!$AC$5:$AC$1004),Log_Kargo!$AC$5:$AC$1004),0.9))} | G20: =IF(B20>=20,"Siap",IF(B20>=10,"Terbatas","Belum")) -> Belum
A21: RP | B21: =SUMPRODUCT((Log_Kargo!$B$5:$B$1004=$A21)*ISNUMBER(Log_Kargo!$AC$5:$AC$1004)) -> 0 | C21: {=IF(B21=0,"",AVERAGE(IF((Log_Kargo!$B$5:$B$1004=$A21)*ISNUMBER(Log_Kargo!$AC$5:$AC$1004),Log_Kargo!$AC$5:$AC$1004)))} | D21: {=IF(B21=0,"",MAX(IF((Log_Kargo!$B$5:$B$1004=$A21)*ISNUMBER(Log_Kargo!$AC$5:$AC$1004),Log_Kargo!$AC$5:$AC$1004)))} | E21: {=IF(B21<2,"",STDEV(IF((Log_Kargo!$B$5:$B$1004=$A21)*ISNUMBER(Log_Kargo!$AC$5:$AC$1004),Log_Kargo!$AC$5:$AC$1004)))} | F21: {=IF(B21=0,"",PERCENTILE(IF((Log_Kargo!$B$5:$B$1004=$A21)*ISNUMBER(Log_Kargo!$AC$5:$AC$1004),Log_Kargo!$AC$5:$AC$1004),0.9))} | G21: =IF(B21>=20,"Siap",IF(B21>=10,"Terbatas","Belum")) -> Belum
A22: SA | B22: =SUMPRODUCT((Log_Kargo!$B$5:$B$1004=$A22)*ISNUMBER(Log_Kargo!$AC$5:$AC$1004)) -> 0 | C22: {=IF(B22=0,"",AVERAGE(IF((Log_Kargo!$B$5:$B$1004=$A22)*ISNUMBER(Log_Kargo!$AC$5:$AC$1004),Log_Kargo!$AC$5:$AC$1004)))} | D22: {=IF(B22=0,"",MAX(IF((Log_Kargo!$B$5:$B$1004=$A22)*ISNUMBER(Log_Kargo!$AC$5:$AC$1004),Log_Kargo!$AC$5:$AC$1004)))} | E22: {=IF(B22<2,"",STDEV(IF((Log_Kargo!$B$5:$B$1004=$A22)*ISNUMBER(Log_Kargo!$AC$5:$AC$1004),Log_Kargo!$AC$5:$AC$1004)))} | F22: {=IF(B22=0,"",PERCENTILE(IF((Log_Kargo!$B$5:$B$1004=$A22)*ISNUMBER(Log_Kargo!$AC$5:$AC$1004),Log_Kargo!$AC$5:$AC$1004),0.9))} | G22: =IF(B22>=20,"Siap",IF(B22>=10,"Terbatas","Belum")) -> Belum
A23: PA | B23: =SUMPRODUCT((Log_Kargo!$B$5:$B$1004=$A23)*ISNUMBER(Log_Kargo!$AC$5:$AC$1004)) -> 0 | C23: {=IF(B23=0,"",AVERAGE(IF((Log_Kargo!$B$5:$B$1004=$A23)*ISNUMBER(Log_Kargo!$AC$5:$AC$1004),Log_Kargo!$AC$5:$AC$1004)))} | D23: {=IF(B23=0,"",MAX(IF((Log_Kargo!$B$5:$B$1004=$A23)*ISNUMBER(Log_Kargo!$AC$5:$AC$1004),Log_Kargo!$AC$5:$AC$1004)))} | E23: {=IF(B23<2,"",STDEV(IF((Log_Kargo!$B$5:$B$1004=$A23)*ISNUMBER(Log_Kargo!$AC$5:$AC$1004),Log_Kargo!$AC$5:$AC$1004)))} | F23: {=IF(B23=0,"",PERCENTILE(IF((Log_Kargo!$B$5:$B$1004=$A23)*ISNUMBER(Log_Kargo!$AC$5:$AC$1004),Log_Kargo!$AC$5:$AC$1004),0.9))} | G23: =IF(B23>=20,"Siap",IF(B23>=10,"Terbatas","Belum")) -> Belum
A24: SULFUR | B24: =SUMPRODUCT((Log_Kargo!$B$5:$B$1004=$A24)*ISNUMBER(Log_Kargo!$AC$5:$AC$1004)) -> 0 | C24: {=IF(B24=0,"",AVERAGE(IF((Log_Kargo!$B$5:$B$1004=$A24)*ISNUMBER(Log_Kargo!$AC$5:$AC$1004),Log_Kargo!$AC$5:$AC$1004)))} | D24: {=IF(B24=0,"",MAX(IF((Log_Kargo!$B$5:$B$1004=$A24)*ISNUMBER(Log_Kargo!$AC$5:$AC$1004),Log_Kargo!$AC$5:$AC$1004)))} | E24: {=IF(B24<2,"",STDEV(IF((Log_Kargo!$B$5:$B$1004=$A24)*ISNUMBER(Log_Kargo!$AC$5:$AC$1004),Log_Kargo!$AC$5:$AC$1004)))} | F24: {=IF(B24=0,"",PERCENTILE(IF((Log_Kargo!$B$5:$B$1004=$A24)*ISNUMBER(Log_Kargo!$AC$5:$AC$1004),Log_Kargo!$AC$5:$AC$1004),0.9))} | G24: =IF(B24>=20,"Siap",IF(B24>=10,"Terbatas","Belum")) -> Belum
A25: AMONIAK | B25: =SUMPRODUCT((Log_Kargo!$B$5:$B$1004=$A25)*ISNUMBER(Log_Kargo!$AC$5:$AC$1004)) -> 0 | C25: {=IF(B25=0,"",AVERAGE(IF((Log_Kargo!$B$5:$B$1004=$A25)*ISNUMBER(Log_Kargo!$AC$5:$AC$1004),Log_Kargo!$AC$5:$AC$1004)))} | D25: {=IF(B25=0,"",MAX(IF((Log_Kargo!$B$5:$B$1004=$A25)*ISNUMBER(Log_Kargo!$AC$5:$AC$1004),Log_Kargo!$AC$5:$AC$1004)))} | E25: {=IF(B25<2,"",STDEV(IF((Log_Kargo!$B$5:$B$1004=$A25)*ISNUMBER(Log_Kargo!$AC$5:$AC$1004),Log_Kargo!$AC$5:$AC$1004)))} | F25: {=IF(B25=0,"",PERCENTILE(IF((Log_Kargo!$B$5:$B$1004=$A25)*ISNUMBER(Log_Kargo!$AC$5:$AC$1004),Log_Kargo!$AC$5:$AC$1004),0.9))} | G25: =IF(B25>=20,"Siap",IF(B25>=10,"Terbatas","Belum")) -> Belum
A26: LAINNYA | B26: =SUMPRODUCT((Log_Kargo!$B$5:$B$1004=$A26)*ISNUMBER(Log_Kargo!$AC$5:$AC$1004)) -> 0 | C26: {=IF(B26=0,"",AVERAGE(IF((Log_Kargo!$B$5:$B$1004=$A26)*ISNUMBER(Log_Kargo!$AC$5:$AC$1004),Log_Kargo!$AC$5:$AC$1004)))} | D26: {=IF(B26=0,"",MAX(IF((Log_Kargo!$B$5:$B$1004=$A26)*ISNUMBER(Log_Kargo!$AC$5:$AC$1004),Log_Kargo!$AC$5:$AC$1004)))} | E26: {=IF(B26<2,"",STDEV(IF((Log_Kargo!$B$5:$B$1004=$A26)*ISNUMBER(Log_Kargo!$AC$5:$AC$1004),Log_Kargo!$AC$5:$AC$1004)))} | F26: {=IF(B26=0,"",PERCENTILE(IF((Log_Kargo!$B$5:$B$1004=$A26)*ISNUMBER(Log_Kargo!$AC$5:$AC$1004),Log_Kargo!$AC$5:$AC$1004),0.9))} | G26: =IF(B26>=20,"Siap",IF(B26>=10,"Terbatas","Belum")) -> Belum
A28: P1 Tender (②−①)
A29: Bahan | B29: n | C29: Rata-rata | D29: Maks | E29: Simp. baku | F29: Persentil 90 | G29: Kesiapan
A30: DAP | B30: =SUMPRODUCT((Log_Kargo!$B$5:$B$1004=$A30)*ISNUMBER(Log_Kargo!$AA$5:$AA$1004)) -> 0 | C30: {=IF(B30=0,"",AVERAGE(IF((Log_Kargo!$B$5:$B$1004=$A30)*ISNUMBER(Log_Kargo!$AA$5:$AA$1004),Log_Kargo!$AA$5:$AA$1004)))} | D30: {=IF(B30=0,"",MAX(IF((Log_Kargo!$B$5:$B$1004=$A30)*ISNUMBER(Log_Kargo!$AA$5:$AA$1004),Log_Kargo!$AA$5:$AA$1004)))} | E30: {=IF(B30<2,"",STDEV(IF((Log_Kargo!$B$5:$B$1004=$A30)*ISNUMBER(Log_Kargo!$AA$5:$AA$1004),Log_Kargo!$AA$5:$AA$1004)))} | F30: {=IF(B30=0,"",PERCENTILE(IF((Log_Kargo!$B$5:$B$1004=$A30)*ISNUMBER(Log_Kargo!$AA$5:$AA$1004),Log_Kargo!$AA$5:$AA$1004),0.9))} | G30: =IF(B30>=20,"Siap",IF(B30>=10,"Terbatas","Belum")) -> Belum
A31: KCL | B31: =SUMPRODUCT((Log_Kargo!$B$5:$B$1004=$A31)*ISNUMBER(Log_Kargo!$AA$5:$AA$1004)) -> 0 | C31: {=IF(B31=0,"",AVERAGE(IF((Log_Kargo!$B$5:$B$1004=$A31)*ISNUMBER(Log_Kargo!$AA$5:$AA$1004),Log_Kargo!$AA$5:$AA$1004)))} | D31: {=IF(B31=0,"",MAX(IF((Log_Kargo!$B$5:$B$1004=$A31)*ISNUMBER(Log_Kargo!$AA$5:$AA$1004),Log_Kargo!$AA$5:$AA$1004)))} | E31: {=IF(B31<2,"",STDEV(IF((Log_Kargo!$B$5:$B$1004=$A31)*ISNUMBER(Log_Kargo!$AA$5:$AA$1004),Log_Kargo!$AA$5:$AA$1004)))} | F31: {=IF(B31=0,"",PERCENTILE(IF((Log_Kargo!$B$5:$B$1004=$A31)*ISNUMBER(Log_Kargo!$AA$5:$AA$1004),Log_Kargo!$AA$5:$AA$1004),0.9))} | G31: =IF(B31>=20,"Siap",IF(B31>=10,"Terbatas","Belum")) -> Belum
A32: ZA | B32: =SUMPRODUCT((Log_Kargo!$B$5:$B$1004=$A32)*ISNUMBER(Log_Kargo!$AA$5:$AA$1004)) -> 0 | C32: {=IF(B32=0,"",AVERAGE(IF((Log_Kargo!$B$5:$B$1004=$A32)*ISNUMBER(Log_Kargo!$AA$5:$AA$1004),Log_Kargo!$AA$5:$AA$1004)))} | D32: {=IF(B32=0,"",MAX(IF((Log_Kargo!$B$5:$B$1004=$A32)*ISNUMBER(Log_Kargo!$AA$5:$AA$1004),Log_Kargo!$AA$5:$AA$1004)))} | E32: {=IF(B32<2,"",STDEV(IF((Log_Kargo!$B$5:$B$1004=$A32)*ISNUMBER(Log_Kargo!$AA$5:$AA$1004),Log_Kargo!$AA$5:$AA$1004)))} | F32: {=IF(B32=0,"",PERCENTILE(IF((Log_Kargo!$B$5:$B$1004=$A32)*ISNUMBER(Log_Kargo!$AA$5:$AA$1004),Log_Kargo!$AA$5:$AA$1004),0.9))} | G32: =IF(B32>=20,"Siap",IF(B32>=10,"Terbatas","Belum")) -> Belum
A33: RP | B33: =SUMPRODUCT((Log_Kargo!$B$5:$B$1004=$A33)*ISNUMBER(Log_Kargo!$AA$5:$AA$1004)) -> 0 | C33: {=IF(B33=0,"",AVERAGE(IF((Log_Kargo!$B$5:$B$1004=$A33)*ISNUMBER(Log_Kargo!$AA$5:$AA$1004),Log_Kargo!$AA$5:$AA$1004)))} | D33: {=IF(B33=0,"",MAX(IF((Log_Kargo!$B$5:$B$1004=$A33)*ISNUMBER(Log_Kargo!$AA$5:$AA$1004),Log_Kargo!$AA$5:$AA$1004)))} | E33: {=IF(B33<2,"",STDEV(IF((Log_Kargo!$B$5:$B$1004=$A33)*ISNUMBER(Log_Kargo!$AA$5:$AA$1004),Log_Kargo!$AA$5:$AA$1004)))} | F33: {=IF(B33=0,"",PERCENTILE(IF((Log_Kargo!$B$5:$B$1004=$A33)*ISNUMBER(Log_Kargo!$AA$5:$AA$1004),Log_Kargo!$AA$5:$AA$1004),0.9))} | G33: =IF(B33>=20,"Siap",IF(B33>=10,"Terbatas","Belum")) -> Belum
A34: SA | B34: =SUMPRODUCT((Log_Kargo!$B$5:$B$1004=$A34)*ISNUMBER(Log_Kargo!$AA$5:$AA$1004)) -> 0 | C34: {=IF(B34=0,"",AVERAGE(IF((Log_Kargo!$B$5:$B$1004=$A34)*ISNUMBER(Log_Kargo!$AA$5:$AA$1004),Log_Kargo!$AA$5:$AA$1004)))} | D34: {=IF(B34=0,"",MAX(IF((Log_Kargo!$B$5:$B$1004=$A34)*ISNUMBER(Log_Kargo!$AA$5:$AA$1004),Log_Kargo!$AA$5:$AA$1004)))} | E34: {=IF(B34<2,"",STDEV(IF((Log_Kargo!$B$5:$B$1004=$A34)*ISNUMBER(Log_Kargo!$AA$5:$AA$1004),Log_Kargo!$AA$5:$AA$1004)))} | F34: {=IF(B34=0,"",PERCENTILE(IF((Log_Kargo!$B$5:$B$1004=$A34)*ISNUMBER(Log_Kargo!$AA$5:$AA$1004),Log_Kargo!$AA$5:$AA$1004),0.9))} | G34: =IF(B34>=20,"Siap",IF(B34>=10,"Terbatas","Belum")) -> Belum
A35: PA | B35: =SUMPRODUCT((Log_Kargo!$B$5:$B$1004=$A35)*ISNUMBER(Log_Kargo!$AA$5:$AA$1004)) -> 0 | C35: {=IF(B35=0,"",AVERAGE(IF((Log_Kargo!$B$5:$B$1004=$A35)*ISNUMBER(Log_Kargo!$AA$5:$AA$1004),Log_Kargo!$AA$5:$AA$1004)))} | D35: {=IF(B35=0,"",MAX(IF((Log_Kargo!$B$5:$B$1004=$A35)*ISNUMBER(Log_Kargo!$AA$5:$AA$1004),Log_Kargo!$AA$5:$AA$1004)))} | E35: {=IF(B35<2,"",STDEV(IF((Log_Kargo!$B$5:$B$1004=$A35)*ISNUMBER(Log_Kargo!$AA$5:$AA$1004),Log_Kargo!$AA$5:$AA$1004)))} | F35: {=IF(B35=0,"",PERCENTILE(IF((Log_Kargo!$B$5:$B$1004=$A35)*ISNUMBER(Log_Kargo!$AA$5:$AA$1004),Log_Kargo!$AA$5:$AA$1004),0.9))} | G35: =IF(B35>=20,"Siap",IF(B35>=10,"Terbatas","Belum")) -> Belum
A36: SULFUR | B36: =SUMPRODUCT((Log_Kargo!$B$5:$B$1004=$A36)*ISNUMBER(Log_Kargo!$AA$5:$AA$1004)) -> 0 | C36: {=IF(B36=0,"",AVERAGE(IF((Log_Kargo!$B$5:$B$1004=$A36)*ISNUMBER(Log_Kargo!$AA$5:$AA$1004),Log_Kargo!$AA$5:$AA$1004)))} | D36: {=IF(B36=0,"",MAX(IF((Log_Kargo!$B$5:$B$1004=$A36)*ISNUMBER(Log_Kargo!$AA$5:$AA$1004),Log_Kargo!$AA$5:$AA$1004)))} | E36: {=IF(B36<2,"",STDEV(IF((Log_Kargo!$B$5:$B$1004=$A36)*ISNUMBER(Log_Kargo!$AA$5:$AA$1004),Log_Kargo!$AA$5:$AA$1004)))} | F36: {=IF(B36=0,"",PERCENTILE(IF((Log_Kargo!$B$5:$B$1004=$A36)*ISNUMBER(Log_Kargo!$AA$5:$AA$1004),Log_Kargo!$AA$5:$AA$1004),0.9))} | G36: =IF(B36>=20,"Siap",IF(B36>=10,"Terbatas","Belum")) -> Belum
A37: AMONIAK | B37: =SUMPRODUCT((Log_Kargo!$B$5:$B$1004=$A37)*ISNUMBER(Log_Kargo!$AA$5:$AA$1004)) -> 0 | C37: {=IF(B37=0,"",AVERAGE(IF((Log_Kargo!$B$5:$B$1004=$A37)*ISNUMBER(Log_Kargo!$AA$5:$AA$1004),Log_Kargo!$AA$5:$AA$1004)))} | D37: {=IF(B37=0,"",MAX(IF((Log_Kargo!$B$5:$B$1004=$A37)*ISNUMBER(Log_Kargo!$AA$5:$AA$1004),Log_Kargo!$AA$5:$AA$1004)))} | E37: {=IF(B37<2,"",STDEV(IF((Log_Kargo!$B$5:$B$1004=$A37)*ISNUMBER(Log_Kargo!$AA$5:$AA$1004),Log_Kargo!$AA$5:$AA$1004)))} | F37: {=IF(B37=0,"",PERCENTILE(IF((Log_Kargo!$B$5:$B$1004=$A37)*ISNUMBER(Log_Kargo!$AA$5:$AA$1004),Log_Kargo!$AA$5:$AA$1004),0.9))} | G37: =IF(B37>=20,"Siap",IF(B37>=10,"Terbatas","Belum")) -> Belum
A38: LAINNYA | B38: =SUMPRODUCT((Log_Kargo!$B$5:$B$1004=$A38)*ISNUMBER(Log_Kargo!$AA$5:$AA$1004)) -> 0 | C38: {=IF(B38=0,"",AVERAGE(IF((Log_Kargo!$B$5:$B$1004=$A38)*ISNUMBER(Log_Kargo!$AA$5:$AA$1004),Log_Kargo!$AA$5:$AA$1004)))} | D38: {=IF(B38=0,"",MAX(IF((Log_Kargo!$B$5:$B$1004=$A38)*ISNUMBER(Log_Kargo!$AA$5:$AA$1004),Log_Kargo!$AA$5:$AA$1004)))} | E38: {=IF(B38<2,"",STDEV(IF((Log_Kargo!$B$5:$B$1004=$A38)*ISNUMBER(Log_Kargo!$AA$5:$AA$1004),Log_Kargo!$AA$5:$AA$1004)))} | F38: {=IF(B38=0,"",PERCENTILE(IF((Log_Kargo!$B$5:$B$1004=$A38)*ISNUMBER(Log_Kargo!$AA$5:$AA$1004),Log_Kargo!$AA$5:$AA$1004),0.9))} | G38: =IF(B38>=20,"Siap",IF(B38>=10,"Terbatas","Belum")) -> Belum
A40: P2 Persiapan pemasok (③−②)
A41: Bahan | B41: n | C41: Rata-rata | D41: Maks | E41: Simp. baku | F41: Persentil 90 | G41: Kesiapan
A42: DAP | B42: =SUMPRODUCT((Log_Kargo!$B$5:$B$1004=$A42)*ISNUMBER(Log_Kargo!$AB$5:$AB$1004)) -> 0 | C42: {=IF(B42=0,"",AVERAGE(IF((Log_Kargo!$B$5:$B$1004=$A42)*ISNUMBER(Log_Kargo!$AB$5:$AB$1004),Log_Kargo!$AB$5:$AB$1004)))} | D42: {=IF(B42=0,"",MAX(IF((Log_Kargo!$B$5:$B$1004=$A42)*ISNUMBER(Log_Kargo!$AB$5:$AB$1004),Log_Kargo!$AB$5:$AB$1004)))} | E42: {=IF(B42<2,"",STDEV(IF((Log_Kargo!$B$5:$B$1004=$A42)*ISNUMBER(Log_Kargo!$AB$5:$AB$1004),Log_Kargo!$AB$5:$AB$1004)))} | F42: {=IF(B42=0,"",PERCENTILE(IF((Log_Kargo!$B$5:$B$1004=$A42)*ISNUMBER(Log_Kargo!$AB$5:$AB$1004),Log_Kargo!$AB$5:$AB$1004),0.9))} | G42: =IF(B42>=20,"Siap",IF(B42>=10,"Terbatas","Belum")) -> Belum
A43: KCL | B43: =SUMPRODUCT((Log_Kargo!$B$5:$B$1004=$A43)*ISNUMBER(Log_Kargo!$AB$5:$AB$1004)) -> 0 | C43: {=IF(B43=0,"",AVERAGE(IF((Log_Kargo!$B$5:$B$1004=$A43)*ISNUMBER(Log_Kargo!$AB$5:$AB$1004),Log_Kargo!$AB$5:$AB$1004)))} | D43: {=IF(B43=0,"",MAX(IF((Log_Kargo!$B$5:$B$1004=$A43)*ISNUMBER(Log_Kargo!$AB$5:$AB$1004),Log_Kargo!$AB$5:$AB$1004)))} | E43: {=IF(B43<2,"",STDEV(IF((Log_Kargo!$B$5:$B$1004=$A43)*ISNUMBER(Log_Kargo!$AB$5:$AB$1004),Log_Kargo!$AB$5:$AB$1004)))} | F43: {=IF(B43=0,"",PERCENTILE(IF((Log_Kargo!$B$5:$B$1004=$A43)*ISNUMBER(Log_Kargo!$AB$5:$AB$1004),Log_Kargo!$AB$5:$AB$1004),0.9))} | G43: =IF(B43>=20,"Siap",IF(B43>=10,"Terbatas","Belum")) -> Belum
A44: ZA | B44: =SUMPRODUCT((Log_Kargo!$B$5:$B$1004=$A44)*ISNUMBER(Log_Kargo!$AB$5:$AB$1004)) -> 0 | C44: {=IF(B44=0,"",AVERAGE(IF((Log_Kargo!$B$5:$B$1004=$A44)*ISNUMBER(Log_Kargo!$AB$5:$AB$1004),Log_Kargo!$AB$5:$AB$1004)))} | D44: {=IF(B44=0,"",MAX(IF((Log_Kargo!$B$5:$B$1004=$A44)*ISNUMBER(Log_Kargo!$AB$5:$AB$1004),Log_Kargo!$AB$5:$AB$1004)))} | E44: {=IF(B44<2,"",STDEV(IF((Log_Kargo!$B$5:$B$1004=$A44)*ISNUMBER(Log_Kargo!$AB$5:$AB$1004),Log_Kargo!$AB$5:$AB$1004)))} | F44: {=IF(B44=0,"",PERCENTILE(IF((Log_Kargo!$B$5:$B$1004=$A44)*ISNUMBER(Log_Kargo!$AB$5:$AB$1004),Log_Kargo!$AB$5:$AB$1004),0.9))} | G44: =IF(B44>=20,"Siap",IF(B44>=10,"Terbatas","Belum")) -> Belum
A45: RP | B45: =SUMPRODUCT((Log_Kargo!$B$5:$B$1004=$A45)*ISNUMBER(Log_Kargo!$AB$5:$AB$1004)) -> 0 | C45: {=IF(B45=0,"",AVERAGE(IF((Log_Kargo!$B$5:$B$1004=$A45)*ISNUMBER(Log_Kargo!$AB$5:$AB$1004),Log_Kargo!$AB$5:$AB$1004)))} | D45: {=IF(B45=0,"",MAX(IF((Log_Kargo!$B$5:$B$1004=$A45)*ISNUMBER(Log_Kargo!$AB$5:$AB$1004),Log_Kargo!$AB$5:$AB$1004)))} | E45: {=IF(B45<2,"",STDEV(IF((Log_Kargo!$B$5:$B$1004=$A45)*ISNUMBER(Log_Kargo!$AB$5:$AB$1004),Log_Kargo!$AB$5:$AB$1004)))} | F45: {=IF(B45=0,"",PERCENTILE(IF((Log_Kargo!$B$5:$B$1004=$A45)*ISNUMBER(Log_Kargo!$AB$5:$AB$1004),Log_Kargo!$AB$5:$AB$1004),0.9))} | G45: =IF(B45>=20,"Siap",IF(B45>=10,"Terbatas","Belum")) -> Belum
A46: SA | B46: =SUMPRODUCT((Log_Kargo!$B$5:$B$1004=$A46)*ISNUMBER(Log_Kargo!$AB$5:$AB$1004)) -> 0 | C46: {=IF(B46=0,"",AVERAGE(IF((Log_Kargo!$B$5:$B$1004=$A46)*ISNUMBER(Log_Kargo!$AB$5:$AB$1004),Log_Kargo!$AB$5:$AB$1004)))} | D46: {=IF(B46=0,"",MAX(IF((Log_Kargo!$B$5:$B$1004=$A46)*ISNUMBER(Log_Kargo!$AB$5:$AB$1004),Log_Kargo!$AB$5:$AB$1004)))} | E46: {=IF(B46<2,"",STDEV(IF((Log_Kargo!$B$5:$B$1004=$A46)*ISNUMBER(Log_Kargo!$AB$5:$AB$1004),Log_Kargo!$AB$5:$AB$1004)))} | F46: {=IF(B46=0,"",PERCENTILE(IF((Log_Kargo!$B$5:$B$1004=$A46)*ISNUMBER(Log_Kargo!$AB$5:$AB$1004),Log_Kargo!$AB$5:$AB$1004),0.9))} | G46: =IF(B46>=20,"Siap",IF(B46>=10,"Terbatas","Belum")) -> Belum
A47: PA | B47: =SUMPRODUCT((Log_Kargo!$B$5:$B$1004=$A47)*ISNUMBER(Log_Kargo!$AB$5:$AB$1004)) -> 0 | C47: {=IF(B47=0,"",AVERAGE(IF((Log_Kargo!$B$5:$B$1004=$A47)*ISNUMBER(Log_Kargo!$AB$5:$AB$1004),Log_Kargo!$AB$5:$AB$1004)))} | D47: {=IF(B47=0,"",MAX(IF((Log_Kargo!$B$5:$B$1004=$A47)*ISNUMBER(Log_Kargo!$AB$5:$AB$1004),Log_Kargo!$AB$5:$AB$1004)))} | E47: {=IF(B47<2,"",STDEV(IF((Log_Kargo!$B$5:$B$1004=$A47)*ISNUMBER(Log_Kargo!$AB$5:$AB$1004),Log_Kargo!$AB$5:$AB$1004)))} | F47: {=IF(B47=0,"",PERCENTILE(IF((Log_Kargo!$B$5:$B$1004=$A47)*ISNUMBER(Log_Kargo!$AB$5:$AB$1004),Log_Kargo!$AB$5:$AB$1004),0.9))} | G47: =IF(B47>=20,"Siap",IF(B47>=10,"Terbatas","Belum")) -> Belum
A48: SULFUR | B48: =SUMPRODUCT((Log_Kargo!$B$5:$B$1004=$A48)*ISNUMBER(Log_Kargo!$AB$5:$AB$1004)) -> 0 | C48: {=IF(B48=0,"",AVERAGE(IF((Log_Kargo!$B$5:$B$1004=$A48)*ISNUMBER(Log_Kargo!$AB$5:$AB$1004),Log_Kargo!$AB$5:$AB$1004)))} | D48: {=IF(B48=0,"",MAX(IF((Log_Kargo!$B$5:$B$1004=$A48)*ISNUMBER(Log_Kargo!$AB$5:$AB$1004),Log_Kargo!$AB$5:$AB$1004)))} | E48: {=IF(B48<2,"",STDEV(IF((Log_Kargo!$B$5:$B$1004=$A48)*ISNUMBER(Log_Kargo!$AB$5:$AB$1004),Log_Kargo!$AB$5:$AB$1004)))} | F48: {=IF(B48=0,"",PERCENTILE(IF((Log_Kargo!$B$5:$B$1004=$A48)*ISNUMBER(Log_Kargo!$AB$5:$AB$1004),Log_Kargo!$AB$5:$AB$1004),0.9))} | G48: =IF(B48>=20,"Siap",IF(B48>=10,"Terbatas","Belum")) -> Belum
A49: AMONIAK | B49: =SUMPRODUCT((Log_Kargo!$B$5:$B$1004=$A49)*ISNUMBER(Log_Kargo!$AB$5:$AB$1004)) -> 0 | C49: {=IF(B49=0,"",AVERAGE(IF((Log_Kargo!$B$5:$B$1004=$A49)*ISNUMBER(Log_Kargo!$AB$5:$AB$1004),Log_Kargo!$AB$5:$AB$1004)))} | D49: {=IF(B49=0,"",MAX(IF((Log_Kargo!$B$5:$B$1004=$A49)*ISNUMBER(Log_Kargo!$AB$5:$AB$1004),Log_Kargo!$AB$5:$AB$1004)))} | E49: {=IF(B49<2,"",STDEV(IF((Log_Kargo!$B$5:$B$1004=$A49)*ISNUMBER(Log_Kargo!$AB$5:$AB$1004),Log_Kargo!$AB$5:$AB$1004)))} | F49: {=IF(B49=0,"",PERCENTILE(IF((Log_Kargo!$B$5:$B$1004=$A49)*ISNUMBER(Log_Kargo!$AB$5:$AB$1004),Log_Kargo!$AB$5:$AB$1004),0.9))} | G49: =IF(B49>=20,"Siap",IF(B49>=10,"Terbatas","Belum")) -> Belum
A50: LAINNYA | B50: =SUMPRODUCT((Log_Kargo!$B$5:$B$1004=$A50)*ISNUMBER(Log_Kargo!$AB$5:$AB$1004)) -> 0 | C50: {=IF(B50=0,"",AVERAGE(IF((Log_Kargo!$B$5:$B$1004=$A50)*ISNUMBER(Log_Kargo!$AB$5:$AB$1004),Log_Kargo!$AB$5:$AB$1004)))} | D50: {=IF(B50=0,"",MAX(IF((Log_Kargo!$B$5:$B$1004=$A50)*ISNUMBER(Log_Kargo!$AB$5:$AB$1004),Log_Kargo!$AB$5:$AB$1004)))} | E50: {=IF(B50<2,"",STDEV(IF((Log_Kargo!$B$5:$B$1004=$A50)*ISNUMBER(Log_Kargo!$AB$5:$AB$1004),Log_Kargo!$AB$5:$AB$1004)))} | F50: {=IF(B50=0,"",PERCENTILE(IF((Log_Kargo!$B$5:$B$1004=$A50)*ISNUMBER(Log_Kargo!$AB$5:$AB$1004),Log_Kargo!$AB$5:$AB$1004),0.9))} | G50: =IF(B50>=20,"Siap",IF(B50>=10,"Terbatas","Belum")) -> Belum
A52: L1 Muat (④−③)
A53: Bahan | B53: n | C53: Rata-rata | D53: Maks | E53: Simp. baku | F53: Persentil 90 | G53: Kesiapan
A54: DAP | B54: =SUMPRODUCT((Log_Kargo!$B$5:$B$1004=$A54)*ISNUMBER(Log_Kargo!$AD$5:$AD$1004)) -> 0 | C54: {=IF(B54=0,"",AVERAGE(IF((Log_Kargo!$B$5:$B$1004=$A54)*ISNUMBER(Log_Kargo!$AD$5:$AD$1004),Log_Kargo!$AD$5:$AD$1004)))} | D54: {=IF(B54=0,"",MAX(IF((Log_Kargo!$B$5:$B$1004=$A54)*ISNUMBER(Log_Kargo!$AD$5:$AD$1004),Log_Kargo!$AD$5:$AD$1004)))} | E54: {=IF(B54<2,"",STDEV(IF((Log_Kargo!$B$5:$B$1004=$A54)*ISNUMBER(Log_Kargo!$AD$5:$AD$1004),Log_Kargo!$AD$5:$AD$1004)))} | F54: {=IF(B54=0,"",PERCENTILE(IF((Log_Kargo!$B$5:$B$1004=$A54)*ISNUMBER(Log_Kargo!$AD$5:$AD$1004),Log_Kargo!$AD$5:$AD$1004),0.9))} | G54: =IF(B54>=20,"Siap",IF(B54>=10,"Terbatas","Belum")) -> Belum
A55: KCL | B55: =SUMPRODUCT((Log_Kargo!$B$5:$B$1004=$A55)*ISNUMBER(Log_Kargo!$AD$5:$AD$1004)) -> 0 | C55: {=IF(B55=0,"",AVERAGE(IF((Log_Kargo!$B$5:$B$1004=$A55)*ISNUMBER(Log_Kargo!$AD$5:$AD$1004),Log_Kargo!$AD$5:$AD$1004)))} | D55: {=IF(B55=0,"",MAX(IF((Log_Kargo!$B$5:$B$1004=$A55)*ISNUMBER(Log_Kargo!$AD$5:$AD$1004),Log_Kargo!$AD$5:$AD$1004)))} | E55: {=IF(B55<2,"",STDEV(IF((Log_Kargo!$B$5:$B$1004=$A55)*ISNUMBER(Log_Kargo!$AD$5:$AD$1004),Log_Kargo!$AD$5:$AD$1004)))} | F55: {=IF(B55=0,"",PERCENTILE(IF((Log_Kargo!$B$5:$B$1004=$A55)*ISNUMBER(Log_Kargo!$AD$5:$AD$1004),Log_Kargo!$AD$5:$AD$1004),0.9))} | G55: =IF(B55>=20,"Siap",IF(B55>=10,"Terbatas","Belum")) -> Belum
A56: ZA | B56: =SUMPRODUCT((Log_Kargo!$B$5:$B$1004=$A56)*ISNUMBER(Log_Kargo!$AD$5:$AD$1004)) -> 0 | C56: {=IF(B56=0,"",AVERAGE(IF((Log_Kargo!$B$5:$B$1004=$A56)*ISNUMBER(Log_Kargo!$AD$5:$AD$1004),Log_Kargo!$AD$5:$AD$1004)))} | D56: {=IF(B56=0,"",MAX(IF((Log_Kargo!$B$5:$B$1004=$A56)*ISNUMBER(Log_Kargo!$AD$5:$AD$1004),Log_Kargo!$AD$5:$AD$1004)))} | E56: {=IF(B56<2,"",STDEV(IF((Log_Kargo!$B$5:$B$1004=$A56)*ISNUMBER(Log_Kargo!$AD$5:$AD$1004),Log_Kargo!$AD$5:$AD$1004)))} | F56: {=IF(B56=0,"",PERCENTILE(IF((Log_Kargo!$B$5:$B$1004=$A56)*ISNUMBER(Log_Kargo!$AD$5:$AD$1004),Log_Kargo!$AD$5:$AD$1004),0.9))} | G56: =IF(B56>=20,"Siap",IF(B56>=10,"Terbatas","Belum")) -> Belum
A57: RP | B57: =SUMPRODUCT((Log_Kargo!$B$5:$B$1004=$A57)*ISNUMBER(Log_Kargo!$AD$5:$AD$1004)) -> 0 | C57: {=IF(B57=0,"",AVERAGE(IF((Log_Kargo!$B$5:$B$1004=$A57)*ISNUMBER(Log_Kargo!$AD$5:$AD$1004),Log_Kargo!$AD$5:$AD$1004)))} | D57: {=IF(B57=0,"",MAX(IF((Log_Kargo!$B$5:$B$1004=$A57)*ISNUMBER(Log_Kargo!$AD$5:$AD$1004),Log_Kargo!$AD$5:$AD$1004)))} | E57: {=IF(B57<2,"",STDEV(IF((Log_Kargo!$B$5:$B$1004=$A57)*ISNUMBER(Log_Kargo!$AD$5:$AD$1004),Log_Kargo!$AD$5:$AD$1004)))} | F57: {=IF(B57=0,"",PERCENTILE(IF((Log_Kargo!$B$5:$B$1004=$A57)*ISNUMBER(Log_Kargo!$AD$5:$AD$1004),Log_Kargo!$AD$5:$AD$1004),0.9))} | G57: =IF(B57>=20,"Siap",IF(B57>=10,"Terbatas","Belum")) -> Belum
A58: SA | B58: =SUMPRODUCT((Log_Kargo!$B$5:$B$1004=$A58)*ISNUMBER(Log_Kargo!$AD$5:$AD$1004)) -> 0 | C58: {=IF(B58=0,"",AVERAGE(IF((Log_Kargo!$B$5:$B$1004=$A58)*ISNUMBER(Log_Kargo!$AD$5:$AD$1004),Log_Kargo!$AD$5:$AD$1004)))} | D58: {=IF(B58=0,"",MAX(IF((Log_Kargo!$B$5:$B$1004=$A58)*ISNUMBER(Log_Kargo!$AD$5:$AD$1004),Log_Kargo!$AD$5:$AD$1004)))} | E58: {=IF(B58<2,"",STDEV(IF((Log_Kargo!$B$5:$B$1004=$A58)*ISNUMBER(Log_Kargo!$AD$5:$AD$1004),Log_Kargo!$AD$5:$AD$1004)))} | F58: {=IF(B58=0,"",PERCENTILE(IF((Log_Kargo!$B$5:$B$1004=$A58)*ISNUMBER(Log_Kargo!$AD$5:$AD$1004),Log_Kargo!$AD$5:$AD$1004),0.9))} | G58: =IF(B58>=20,"Siap",IF(B58>=10,"Terbatas","Belum")) -> Belum
A59: PA | B59: =SUMPRODUCT((Log_Kargo!$B$5:$B$1004=$A59)*ISNUMBER(Log_Kargo!$AD$5:$AD$1004)) -> 0 | C59: {=IF(B59=0,"",AVERAGE(IF((Log_Kargo!$B$5:$B$1004=$A59)*ISNUMBER(Log_Kargo!$AD$5:$AD$1004),Log_Kargo!$AD$5:$AD$1004)))} | D59: {=IF(B59=0,"",MAX(IF((Log_Kargo!$B$5:$B$1004=$A59)*ISNUMBER(Log_Kargo!$AD$5:$AD$1004),Log_Kargo!$AD$5:$AD$1004)))} | E59: {=IF(B59<2,"",STDEV(IF((Log_Kargo!$B$5:$B$1004=$A59)*ISNUMBER(Log_Kargo!$AD$5:$AD$1004),Log_Kargo!$AD$5:$AD$1004)))} | F59: {=IF(B59=0,"",PERCENTILE(IF((Log_Kargo!$B$5:$B$1004=$A59)*ISNUMBER(Log_Kargo!$AD$5:$AD$1004),Log_Kargo!$AD$5:$AD$1004),0.9))} | G59: =IF(B59>=20,"Siap",IF(B59>=10,"Terbatas","Belum")) -> Belum
A60: SULFUR | B60: =SUMPRODUCT((Log_Kargo!$B$5:$B$1004=$A60)*ISNUMBER(Log_Kargo!$AD$5:$AD$1004)) -> 0 | C60: {=IF(B60=0,"",AVERAGE(IF((Log_Kargo!$B$5:$B$1004=$A60)*ISNUMBER(Log_Kargo!$AD$5:$AD$1004),Log_Kargo!$AD$5:$AD$1004)))} | D60: {=IF(B60=0,"",MAX(IF((Log_Kargo!$B$5:$B$1004=$A60)*ISNUMBER(Log_Kargo!$AD$5:$AD$1004),Log_Kargo!$AD$5:$AD$1004)))} | E60: {=IF(B60<2,"",STDEV(IF((Log_Kargo!$B$5:$B$1004=$A60)*ISNUMBER(Log_Kargo!$AD$5:$AD$1004),Log_Kargo!$AD$5:$AD$1004)))} | F60: {=IF(B60=0,"",PERCENTILE(IF((Log_Kargo!$B$5:$B$1004=$A60)*ISNUMBER(Log_Kargo!$AD$5:$AD$1004),Log_Kargo!$AD$5:$AD$1004),0.9))} | G60: =IF(B60>=20,"Siap",IF(B60>=10,"Terbatas","Belum")) -> Belum
A61: AMONIAK | B61: =SUMPRODUCT((Log_Kargo!$B$5:$B$1004=$A61)*ISNUMBER(Log_Kargo!$AD$5:$AD$1004)) -> 0 | C61: {=IF(B61=0,"",AVERAGE(IF((Log_Kargo!$B$5:$B$1004=$A61)*ISNUMBER(Log_Kargo!$AD$5:$AD$1004),Log_Kargo!$AD$5:$AD$1004)))} | D61: {=IF(B61=0,"",MAX(IF((Log_Kargo!$B$5:$B$1004=$A61)*ISNUMBER(Log_Kargo!$AD$5:$AD$1004),Log_Kargo!$AD$5:$AD$1004)))} | E61: {=IF(B61<2,"",STDEV(IF((Log_Kargo!$B$5:$B$1004=$A61)*ISNUMBER(Log_Kargo!$AD$5:$AD$1004),Log_Kargo!$AD$5:$AD$1004)))} | F61: {=IF(B61=0,"",PERCENTILE(IF((Log_Kargo!$B$5:$B$1004=$A61)*ISNUMBER(Log_Kargo!$AD$5:$AD$1004),Log_Kargo!$AD$5:$AD$1004),0.9))} | G61: =IF(B61>=20,"Siap",IF(B61>=10,"Terbatas","Belum")) -> Belum
A62: LAINNYA | B62: =SUMPRODUCT((Log_Kargo!$B$5:$B$1004=$A62)*ISNUMBER(Log_Kargo!$AD$5:$AD$1004)) -> 0 | C62: {=IF(B62=0,"",AVERAGE(IF((Log_Kargo!$B$5:$B$1004=$A62)*ISNUMBER(Log_Kargo!$AD$5:$AD$1004),Log_Kargo!$AD$5:$AD$1004)))} | D62: {=IF(B62=0,"",MAX(IF((Log_Kargo!$B$5:$B$1004=$A62)*ISNUMBER(Log_Kargo!$AD$5:$AD$1004),Log_Kargo!$AD$5:$AD$1004)))} | E62: {=IF(B62<2,"",STDEV(IF((Log_Kargo!$B$5:$B$1004=$A62)*ISNUMBER(Log_Kargo!$AD$5:$AD$1004),Log_Kargo!$AD$5:$AD$1004)))} | F62: {=IF(B62=0,"",PERCENTILE(IF((Log_Kargo!$B$5:$B$1004=$A62)*ISNUMBER(Log_Kargo!$AD$5:$AD$1004),Log_Kargo!$AD$5:$AD$1004),0.9))} | G62: =IF(B62>=20,"Siap",IF(B62>=10,"Terbatas","Belum")) -> Belum
A64: C Antrean (⑥−⑤)
A65: Bahan | B65: n | C65: Rata-rata | D65: Maks | E65: Simp. baku | F65: Persentil 90 | G65: Kesiapan
A66: DAP | B66: =SUMPRODUCT((Log_Kargo!$B$5:$B$1004=$A66)*ISNUMBER(Log_Kargo!$AF$5:$AF$1004)) -> 0 | C66: {=IF(B66=0,"",AVERAGE(IF((Log_Kargo!$B$5:$B$1004=$A66)*ISNUMBER(Log_Kargo!$AF$5:$AF$1004),Log_Kargo!$AF$5:$AF$1004)))} | D66: {=IF(B66=0,"",MAX(IF((Log_Kargo!$B$5:$B$1004=$A66)*ISNUMBER(Log_Kargo!$AF$5:$AF$1004),Log_Kargo!$AF$5:$AF$1004)))} | E66: {=IF(B66<2,"",STDEV(IF((Log_Kargo!$B$5:$B$1004=$A66)*ISNUMBER(Log_Kargo!$AF$5:$AF$1004),Log_Kargo!$AF$5:$AF$1004)))} | F66: {=IF(B66=0,"",PERCENTILE(IF((Log_Kargo!$B$5:$B$1004=$A66)*ISNUMBER(Log_Kargo!$AF$5:$AF$1004),Log_Kargo!$AF$5:$AF$1004),0.9))} | G66: =IF(B66>=20,"Siap",IF(B66>=10,"Terbatas","Belum")) -> Belum
A67: KCL | B67: =SUMPRODUCT((Log_Kargo!$B$5:$B$1004=$A67)*ISNUMBER(Log_Kargo!$AF$5:$AF$1004)) -> 0 | C67: {=IF(B67=0,"",AVERAGE(IF((Log_Kargo!$B$5:$B$1004=$A67)*ISNUMBER(Log_Kargo!$AF$5:$AF$1004),Log_Kargo!$AF$5:$AF$1004)))} | D67: {=IF(B67=0,"",MAX(IF((Log_Kargo!$B$5:$B$1004=$A67)*ISNUMBER(Log_Kargo!$AF$5:$AF$1004),Log_Kargo!$AF$5:$AF$1004)))} | E67: {=IF(B67<2,"",STDEV(IF((Log_Kargo!$B$5:$B$1004=$A67)*ISNUMBER(Log_Kargo!$AF$5:$AF$1004),Log_Kargo!$AF$5:$AF$1004)))} | F67: {=IF(B67=0,"",PERCENTILE(IF((Log_Kargo!$B$5:$B$1004=$A67)*ISNUMBER(Log_Kargo!$AF$5:$AF$1004),Log_Kargo!$AF$5:$AF$1004),0.9))} | G67: =IF(B67>=20,"Siap",IF(B67>=10,"Terbatas","Belum")) -> Belum
A68: ZA | B68: =SUMPRODUCT((Log_Kargo!$B$5:$B$1004=$A68)*ISNUMBER(Log_Kargo!$AF$5:$AF$1004)) -> 0 | C68: {=IF(B68=0,"",AVERAGE(IF((Log_Kargo!$B$5:$B$1004=$A68)*ISNUMBER(Log_Kargo!$AF$5:$AF$1004),Log_Kargo!$AF$5:$AF$1004)))} | D68: {=IF(B68=0,"",MAX(IF((Log_Kargo!$B$5:$B$1004=$A68)*ISNUMBER(Log_Kargo!$AF$5:$AF$1004),Log_Kargo!$AF$5:$AF$1004)))} | E68: {=IF(B68<2,"",STDEV(IF((Log_Kargo!$B$5:$B$1004=$A68)*ISNUMBER(Log_Kargo!$AF$5:$AF$1004),Log_Kargo!$AF$5:$AF$1004)))} | F68: {=IF(B68=0,"",PERCENTILE(IF((Log_Kargo!$B$5:$B$1004=$A68)*ISNUMBER(Log_Kargo!$AF$5:$AF$1004),Log_Kargo!$AF$5:$AF$1004),0.9))} | G68: =IF(B68>=20,"Siap",IF(B68>=10,"Terbatas","Belum")) -> Belum
A69: RP | B69: =SUMPRODUCT((Log_Kargo!$B$5:$B$1004=$A69)*ISNUMBER(Log_Kargo!$AF$5:$AF$1004)) -> 0 | C69: {=IF(B69=0,"",AVERAGE(IF((Log_Kargo!$B$5:$B$1004=$A69)*ISNUMBER(Log_Kargo!$AF$5:$AF$1004),Log_Kargo!$AF$5:$AF$1004)))} | D69: {=IF(B69=0,"",MAX(IF((Log_Kargo!$B$5:$B$1004=$A69)*ISNUMBER(Log_Kargo!$AF$5:$AF$1004),Log_Kargo!$AF$5:$AF$1004)))} | E69: {=IF(B69<2,"",STDEV(IF((Log_Kargo!$B$5:$B$1004=$A69)*ISNUMBER(Log_Kargo!$AF$5:$AF$1004),Log_Kargo!$AF$5:$AF$1004)))} | F69: {=IF(B69=0,"",PERCENTILE(IF((Log_Kargo!$B$5:$B$1004=$A69)*ISNUMBER(Log_Kargo!$AF$5:$AF$1004),Log_Kargo!$AF$5:$AF$1004),0.9))} | G69: =IF(B69>=20,"Siap",IF(B69>=10,"Terbatas","Belum")) -> Belum
A70: SA | B70: =SUMPRODUCT((Log_Kargo!$B$5:$B$1004=$A70)*ISNUMBER(Log_Kargo!$AF$5:$AF$1004)) -> 0 | C70: {=IF(B70=0,"",AVERAGE(IF((Log_Kargo!$B$5:$B$1004=$A70)*ISNUMBER(Log_Kargo!$AF$5:$AF$1004),Log_Kargo!$AF$5:$AF$1004)))} | D70: {=IF(B70=0,"",MAX(IF((Log_Kargo!$B$5:$B$1004=$A70)*ISNUMBER(Log_Kargo!$AF$5:$AF$1004),Log_Kargo!$AF$5:$AF$1004)))} | E70: {=IF(B70<2,"",STDEV(IF((Log_Kargo!$B$5:$B$1004=$A70)*ISNUMBER(Log_Kargo!$AF$5:$AF$1004),Log_Kargo!$AF$5:$AF$1004)))} | F70: {=IF(B70=0,"",PERCENTILE(IF((Log_Kargo!$B$5:$B$1004=$A70)*ISNUMBER(Log_Kargo!$AF$5:$AF$1004),Log_Kargo!$AF$5:$AF$1004),0.9))} | G70: =IF(B70>=20,"Siap",IF(B70>=10,"Terbatas","Belum")) -> Belum
A71: PA | B71: =SUMPRODUCT((Log_Kargo!$B$5:$B$1004=$A71)*ISNUMBER(Log_Kargo!$AF$5:$AF$1004)) -> 0 | C71: {=IF(B71=0,"",AVERAGE(IF((Log_Kargo!$B$5:$B$1004=$A71)*ISNUMBER(Log_Kargo!$AF$5:$AF$1004),Log_Kargo!$AF$5:$AF$1004)))} | D71: {=IF(B71=0,"",MAX(IF((Log_Kargo!$B$5:$B$1004=$A71)*ISNUMBER(Log_Kargo!$AF$5:$AF$1004),Log_Kargo!$AF$5:$AF$1004)))} | E71: {=IF(B71<2,"",STDEV(IF((Log_Kargo!$B$5:$B$1004=$A71)*ISNUMBER(Log_Kargo!$AF$5:$AF$1004),Log_Kargo!$AF$5:$AF$1004)))} | F71: {=IF(B71=0,"",PERCENTILE(IF((Log_Kargo!$B$5:$B$1004=$A71)*ISNUMBER(Log_Kargo!$AF$5:$AF$1004),Log_Kargo!$AF$5:$AF$1004),0.9))} | G71: =IF(B71>=20,"Siap",IF(B71>=10,"Terbatas","Belum")) -> Belum
A72: SULFUR | B72: =SUMPRODUCT((Log_Kargo!$B$5:$B$1004=$A72)*ISNUMBER(Log_Kargo!$AF$5:$AF$1004)) -> 0 | C72: {=IF(B72=0,"",AVERAGE(IF((Log_Kargo!$B$5:$B$1004=$A72)*ISNUMBER(Log_Kargo!$AF$5:$AF$1004),Log_Kargo!$AF$5:$AF$1004)))} | D72: {=IF(B72=0,"",MAX(IF((Log_Kargo!$B$5:$B$1004=$A72)*ISNUMBER(Log_Kargo!$AF$5:$AF$1004),Log_Kargo!$AF$5:$AF$1004)))} | E72: {=IF(B72<2,"",STDEV(IF((Log_Kargo!$B$5:$B$1004=$A72)*ISNUMBER(Log_Kargo!$AF$5:$AF$1004),Log_Kargo!$AF$5:$AF$1004)))} | F72: {=IF(B72=0,"",PERCENTILE(IF((Log_Kargo!$B$5:$B$1004=$A72)*ISNUMBER(Log_Kargo!$AF$5:$AF$1004),Log_Kargo!$AF$5:$AF$1004),0.9))} | G72: =IF(B72>=20,"Siap",IF(B72>=10,"Terbatas","Belum")) -> Belum
A73: AMONIAK | B73: =SUMPRODUCT((Log_Kargo!$B$5:$B$1004=$A73)*ISNUMBER(Log_Kargo!$AF$5:$AF$1004)) -> 0 | C73: {=IF(B73=0,"",AVERAGE(IF((Log_Kargo!$B$5:$B$1004=$A73)*ISNUMBER(Log_Kargo!$AF$5:$AF$1004),Log_Kargo!$AF$5:$AF$1004)))} | D73: {=IF(B73=0,"",MAX(IF((Log_Kargo!$B$5:$B$1004=$A73)*ISNUMBER(Log_Kargo!$AF$5:$AF$1004),Log_Kargo!$AF$5:$AF$1004)))} | E73: {=IF(B73<2,"",STDEV(IF((Log_Kargo!$B$5:$B$1004=$A73)*ISNUMBER(Log_Kargo!$AF$5:$AF$1004),Log_Kargo!$AF$5:$AF$1004)))} | F73: {=IF(B73=0,"",PERCENTILE(IF((Log_Kargo!$B$5:$B$1004=$A73)*ISNUMBER(Log_Kargo!$AF$5:$AF$1004),Log_Kargo!$AF$5:$AF$1004),0.9))} | G73: =IF(B73>=20,"Siap",IF(B73>=10,"Terbatas","Belum")) -> Belum
A74: LAINNYA | B74: =SUMPRODUCT((Log_Kargo!$B$5:$B$1004=$A74)*ISNUMBER(Log_Kargo!$AF$5:$AF$1004)) -> 0 | C74: {=IF(B74=0,"",AVERAGE(IF((Log_Kargo!$B$5:$B$1004=$A74)*ISNUMBER(Log_Kargo!$AF$5:$AF$1004),Log_Kargo!$AF$5:$AF$1004)))} | D74: {=IF(B74=0,"",MAX(IF((Log_Kargo!$B$5:$B$1004=$A74)*ISNUMBER(Log_Kargo!$AF$5:$AF$1004),Log_Kargo!$AF$5:$AF$1004)))} | E74: {=IF(B74<2,"",STDEV(IF((Log_Kargo!$B$5:$B$1004=$A74)*ISNUMBER(Log_Kargo!$AF$5:$AF$1004),Log_Kargo!$AF$5:$AF$1004)))} | F74: {=IF(B74=0,"",PERCENTILE(IF((Log_Kargo!$B$5:$B$1004=$A74)*ISNUMBER(Log_Kargo!$AF$5:$AF$1004),Log_Kargo!$AF$5:$AF$1004),0.9))} | G74: =IF(B74>=20,"Siap",IF(B74>=10,"Terbatas","Belum")) -> Belum
A76: L2 Bongkar (⑦−⑥)
A77: Bahan | B77: n | C77: Rata-rata | D77: Maks | E77: Simp. baku | F77: Persentil 90 | G77: Kesiapan
A78: DAP | B78: =SUMPRODUCT((Log_Kargo!$B$5:$B$1004=$A78)*ISNUMBER(Log_Kargo!$AG$5:$AG$1004)) -> 0 | C78: {=IF(B78=0,"",AVERAGE(IF((Log_Kargo!$B$5:$B$1004=$A78)*ISNUMBER(Log_Kargo!$AG$5:$AG$1004),Log_Kargo!$AG$5:$AG$1004)))} | D78: {=IF(B78=0,"",MAX(IF((Log_Kargo!$B$5:$B$1004=$A78)*ISNUMBER(Log_Kargo!$AG$5:$AG$1004),Log_Kargo!$AG$5:$AG$1004)))} | E78: {=IF(B78<2,"",STDEV(IF((Log_Kargo!$B$5:$B$1004=$A78)*ISNUMBER(Log_Kargo!$AG$5:$AG$1004),Log_Kargo!$AG$5:$AG$1004)))} | F78: {=IF(B78=0,"",PERCENTILE(IF((Log_Kargo!$B$5:$B$1004=$A78)*ISNUMBER(Log_Kargo!$AG$5:$AG$1004),Log_Kargo!$AG$5:$AG$1004),0.9))} | G78: =IF(B78>=20,"Siap",IF(B78>=10,"Terbatas","Belum")) -> Belum
A79: KCL | B79: =SUMPRODUCT((Log_Kargo!$B$5:$B$1004=$A79)*ISNUMBER(Log_Kargo!$AG$5:$AG$1004)) -> 0 | C79: {=IF(B79=0,"",AVERAGE(IF((Log_Kargo!$B$5:$B$1004=$A79)*ISNUMBER(Log_Kargo!$AG$5:$AG$1004),Log_Kargo!$AG$5:$AG$1004)))} | D79: {=IF(B79=0,"",MAX(IF((Log_Kargo!$B$5:$B$1004=$A79)*ISNUMBER(Log_Kargo!$AG$5:$AG$1004),Log_Kargo!$AG$5:$AG$1004)))} | E79: {=IF(B79<2,"",STDEV(IF((Log_Kargo!$B$5:$B$1004=$A79)*ISNUMBER(Log_Kargo!$AG$5:$AG$1004),Log_Kargo!$AG$5:$AG$1004)))} | F79: {=IF(B79=0,"",PERCENTILE(IF((Log_Kargo!$B$5:$B$1004=$A79)*ISNUMBER(Log_Kargo!$AG$5:$AG$1004),Log_Kargo!$AG$5:$AG$1004),0.9))} | G79: =IF(B79>=20,"Siap",IF(B79>=10,"Terbatas","Belum")) -> Belum
A80: ZA | B80: =SUMPRODUCT((Log_Kargo!$B$5:$B$1004=$A80)*ISNUMBER(Log_Kargo!$AG$5:$AG$1004)) -> 0 | C80: {=IF(B80=0,"",AVERAGE(IF((Log_Kargo!$B$5:$B$1004=$A80)*ISNUMBER(Log_Kargo!$AG$5:$AG$1004),Log_Kargo!$AG$5:$AG$1004)))} | D80: {=IF(B80=0,"",MAX(IF((Log_Kargo!$B$5:$B$1004=$A80)*ISNUMBER(Log_Kargo!$AG$5:$AG$1004),Log_Kargo!$AG$5:$AG$1004)))} | E80: {=IF(B80<2,"",STDEV(IF((Log_Kargo!$B$5:$B$1004=$A80)*ISNUMBER(Log_Kargo!$AG$5:$AG$1004),Log_Kargo!$AG$5:$AG$1004)))} | F80: {=IF(B80=0,"",PERCENTILE(IF((Log_Kargo!$B$5:$B$1004=$A80)*ISNUMBER(Log_Kargo!$AG$5:$AG$1004),Log_Kargo!$AG$5:$AG$1004),0.9))} | G80: =IF(B80>=20,"Siap",IF(B80>=10,"Terbatas","Belum")) -> Belum
A81: RP | B81: =SUMPRODUCT((Log_Kargo!$B$5:$B$1004=$A81)*ISNUMBER(Log_Kargo!$AG$5:$AG$1004)) -> 0 | C81: {=IF(B81=0,"",AVERAGE(IF((Log_Kargo!$B$5:$B$1004=$A81)*ISNUMBER(Log_Kargo!$AG$5:$AG$1004),Log_Kargo!$AG$5:$AG$1004)))} | D81: {=IF(B81=0,"",MAX(IF((Log_Kargo!$B$5:$B$1004=$A81)*ISNUMBER(Log_Kargo!$AG$5:$AG$1004),Log_Kargo!$AG$5:$AG$1004)))} | E81: {=IF(B81<2,"",STDEV(IF((Log_Kargo!$B$5:$B$1004=$A81)*ISNUMBER(Log_Kargo!$AG$5:$AG$1004),Log_Kargo!$AG$5:$AG$1004)))} | F81: {=IF(B81=0,"",PERCENTILE(IF((Log_Kargo!$B$5:$B$1004=$A81)*ISNUMBER(Log_Kargo!$AG$5:$AG$1004),Log_Kargo!$AG$5:$AG$1004),0.9))} | G81: =IF(B81>=20,"Siap",IF(B81>=10,"Terbatas","Belum")) -> Belum
A82: SA | B82: =SUMPRODUCT((Log_Kargo!$B$5:$B$1004=$A82)*ISNUMBER(Log_Kargo!$AG$5:$AG$1004)) -> 0 | C82: {=IF(B82=0,"",AVERAGE(IF((Log_Kargo!$B$5:$B$1004=$A82)*ISNUMBER(Log_Kargo!$AG$5:$AG$1004),Log_Kargo!$AG$5:$AG$1004)))} | D82: {=IF(B82=0,"",MAX(IF((Log_Kargo!$B$5:$B$1004=$A82)*ISNUMBER(Log_Kargo!$AG$5:$AG$1004),Log_Kargo!$AG$5:$AG$1004)))} | E82: {=IF(B82<2,"",STDEV(IF((Log_Kargo!$B$5:$B$1004=$A82)*ISNUMBER(Log_Kargo!$AG$5:$AG$1004),Log_Kargo!$AG$5:$AG$1004)))} | F82: {=IF(B82=0,"",PERCENTILE(IF((Log_Kargo!$B$5:$B$1004=$A82)*ISNUMBER(Log_Kargo!$AG$5:$AG$1004),Log_Kargo!$AG$5:$AG$1004),0.9))} | G82: =IF(B82>=20,"Siap",IF(B82>=10,"Terbatas","Belum")) -> Belum
A83: PA | B83: =SUMPRODUCT((Log_Kargo!$B$5:$B$1004=$A83)*ISNUMBER(Log_Kargo!$AG$5:$AG$1004)) -> 0 | C83: {=IF(B83=0,"",AVERAGE(IF((Log_Kargo!$B$5:$B$1004=$A83)*ISNUMBER(Log_Kargo!$AG$5:$AG$1004),Log_Kargo!$AG$5:$AG$1004)))} | D83: {=IF(B83=0,"",MAX(IF((Log_Kargo!$B$5:$B$1004=$A83)*ISNUMBER(Log_Kargo!$AG$5:$AG$1004),Log_Kargo!$AG$5:$AG$1004)))} | E83: {=IF(B83<2,"",STDEV(IF((Log_Kargo!$B$5:$B$1004=$A83)*ISNUMBER(Log_Kargo!$AG$5:$AG$1004),Log_Kargo!$AG$5:$AG$1004)))} | F83: {=IF(B83=0,"",PERCENTILE(IF((Log_Kargo!$B$5:$B$1004=$A83)*ISNUMBER(Log_Kargo!$AG$5:$AG$1004),Log_Kargo!$AG$5:$AG$1004),0.9))} | G83: =IF(B83>=20,"Siap",IF(B83>=10,"Terbatas","Belum")) -> Belum
A84: SULFUR | B84: =SUMPRODUCT((Log_Kargo!$B$5:$B$1004=$A84)*ISNUMBER(Log_Kargo!$AG$5:$AG$1004)) -> 0 | C84: {=IF(B84=0,"",AVERAGE(IF((Log_Kargo!$B$5:$B$1004=$A84)*ISNUMBER(Log_Kargo!$AG$5:$AG$1004),Log_Kargo!$AG$5:$AG$1004)))} | D84: {=IF(B84=0,"",MAX(IF((Log_Kargo!$B$5:$B$1004=$A84)*ISNUMBER(Log_Kargo!$AG$5:$AG$1004),Log_Kargo!$AG$5:$AG$1004)))} | E84: {=IF(B84<2,"",STDEV(IF((Log_Kargo!$B$5:$B$1004=$A84)*ISNUMBER(Log_Kargo!$AG$5:$AG$1004),Log_Kargo!$AG$5:$AG$1004)))} | F84: {=IF(B84=0,"",PERCENTILE(IF((Log_Kargo!$B$5:$B$1004=$A84)*ISNUMBER(Log_Kargo!$AG$5:$AG$1004),Log_Kargo!$AG$5:$AG$1004),0.9))} | G84: =IF(B84>=20,"Siap",IF(B84>=10,"Terbatas","Belum")) -> Belum
A85: AMONIAK | B85: =SUMPRODUCT((Log_Kargo!$B$5:$B$1004=$A85)*ISNUMBER(Log_Kargo!$AG$5:$AG$1004)) -> 0 | C85: {=IF(B85=0,"",AVERAGE(IF((Log_Kargo!$B$5:$B$1004=$A85)*ISNUMBER(Log_Kargo!$AG$5:$AG$1004),Log_Kargo!$AG$5:$AG$1004)))} | D85: {=IF(B85=0,"",MAX(IF((Log_Kargo!$B$5:$B$1004=$A85)*ISNUMBER(Log_Kargo!$AG$5:$AG$1004),Log_Kargo!$AG$5:$AG$1004)))} | E85: {=IF(B85<2,"",STDEV(IF((Log_Kargo!$B$5:$B$1004=$A85)*ISNUMBER(Log_Kargo!$AG$5:$AG$1004),Log_Kargo!$AG$5:$AG$1004)))} | F85: {=IF(B85=0,"",PERCENTILE(IF((Log_Kargo!$B$5:$B$1004=$A85)*ISNUMBER(Log_Kargo!$AG$5:$AG$1004),Log_Kargo!$AG$5:$AG$1004),0.9))} | G85: =IF(B85>=20,"Siap",IF(B85>=10,"Terbatas","Belum")) -> Belum
A86: LAINNYA | B86: =SUMPRODUCT((Log_Kargo!$B$5:$B$1004=$A86)*ISNUMBER(Log_Kargo!$AG$5:$AG$1004)) -> 0 | C86: {=IF(B86=0,"",AVERAGE(IF((Log_Kargo!$B$5:$B$1004=$A86)*ISNUMBER(Log_Kargo!$AG$5:$AG$1004),Log_Kargo!$AG$5:$AG$1004)))} | D86: {=IF(B86=0,"",MAX(IF((Log_Kargo!$B$5:$B$1004=$A86)*ISNUMBER(Log_Kargo!$AG$5:$AG$1004),Log_Kargo!$AG$5:$AG$1004)))} | E86: {=IF(B86<2,"",STDEV(IF((Log_Kargo!$B$5:$B$1004=$A86)*ISNUMBER(Log_Kargo!$AG$5:$AG$1004),Log_Kargo!$AG$5:$AG$1004)))} | F86: {=IF(B86=0,"",PERCENTILE(IF((Log_Kargo!$B$5:$B$1004=$A86)*ISNUMBER(Log_Kargo!$AG$5:$AG$1004),Log_Kargo!$AG$5:$AG$1004),0.9))} | G86: =IF(B86>=20,"Siap",IF(B86>=10,"Terbatas","Belum")) -> Belum
A88: LT total (⑦−①)
A89: Bahan | B89: n | C89: Rata-rata | D89: Maks | E89: Simp. baku | F89: Persentil 90 | G89: Kesiapan
A90: DAP | B90: =SUMPRODUCT((Log_Kargo!$B$5:$B$1004=$A90)*ISNUMBER(Log_Kargo!$AH$5:$AH$1004)) -> 0 | C90: {=IF(B90=0,"",AVERAGE(IF((Log_Kargo!$B$5:$B$1004=$A90)*ISNUMBER(Log_Kargo!$AH$5:$AH$1004),Log_Kargo!$AH$5:$AH$1004)))} | D90: {=IF(B90=0,"",MAX(IF((Log_Kargo!$B$5:$B$1004=$A90)*ISNUMBER(Log_Kargo!$AH$5:$AH$1004),Log_Kargo!$AH$5:$AH$1004)))} | E90: {=IF(B90<2,"",STDEV(IF((Log_Kargo!$B$5:$B$1004=$A90)*ISNUMBER(Log_Kargo!$AH$5:$AH$1004),Log_Kargo!$AH$5:$AH$1004)))} | F90: {=IF(B90=0,"",PERCENTILE(IF((Log_Kargo!$B$5:$B$1004=$A90)*ISNUMBER(Log_Kargo!$AH$5:$AH$1004),Log_Kargo!$AH$5:$AH$1004),0.9))} | G90: =IF(B90>=20,"Siap",IF(B90>=10,"Terbatas","Belum")) -> Belum
A91: KCL | B91: =SUMPRODUCT((Log_Kargo!$B$5:$B$1004=$A91)*ISNUMBER(Log_Kargo!$AH$5:$AH$1004)) -> 0 | C91: {=IF(B91=0,"",AVERAGE(IF((Log_Kargo!$B$5:$B$1004=$A91)*ISNUMBER(Log_Kargo!$AH$5:$AH$1004),Log_Kargo!$AH$5:$AH$1004)))} | D91: {=IF(B91=0,"",MAX(IF((Log_Kargo!$B$5:$B$1004=$A91)*ISNUMBER(Log_Kargo!$AH$5:$AH$1004),Log_Kargo!$AH$5:$AH$1004)))} | E91: {=IF(B91<2,"",STDEV(IF((Log_Kargo!$B$5:$B$1004=$A91)*ISNUMBER(Log_Kargo!$AH$5:$AH$1004),Log_Kargo!$AH$5:$AH$1004)))} | F91: {=IF(B91=0,"",PERCENTILE(IF((Log_Kargo!$B$5:$B$1004=$A91)*ISNUMBER(Log_Kargo!$AH$5:$AH$1004),Log_Kargo!$AH$5:$AH$1004),0.9))} | G91: =IF(B91>=20,"Siap",IF(B91>=10,"Terbatas","Belum")) -> Belum
A92: ZA | B92: =SUMPRODUCT((Log_Kargo!$B$5:$B$1004=$A92)*ISNUMBER(Log_Kargo!$AH$5:$AH$1004)) -> 0 | C92: {=IF(B92=0,"",AVERAGE(IF((Log_Kargo!$B$5:$B$1004=$A92)*ISNUMBER(Log_Kargo!$AH$5:$AH$1004),Log_Kargo!$AH$5:$AH$1004)))} | D92: {=IF(B92=0,"",MAX(IF((Log_Kargo!$B$5:$B$1004=$A92)*ISNUMBER(Log_Kargo!$AH$5:$AH$1004),Log_Kargo!$AH$5:$AH$1004)))} | E92: {=IF(B92<2,"",STDEV(IF((Log_Kargo!$B$5:$B$1004=$A92)*ISNUMBER(Log_Kargo!$AH$5:$AH$1004),Log_Kargo!$AH$5:$AH$1004)))} | F92: {=IF(B92=0,"",PERCENTILE(IF((Log_Kargo!$B$5:$B$1004=$A92)*ISNUMBER(Log_Kargo!$AH$5:$AH$1004),Log_Kargo!$AH$5:$AH$1004),0.9))} | G92: =IF(B92>=20,"Siap",IF(B92>=10,"Terbatas","Belum")) -> Belum
