Workbook

Sheet PANDUAN
B1: Stress Test Laju Produksi NPK · PT Petrokimia Gresik
B2: Posisi data 4 Oktober 2026 · horizon 05 Oct 2026 – 31 Dec 2026 (88 hari) · sumber: rencana harian Dalops PKG di dashboard CAK PRI v2beta
B4: Pertanyaan yang dijawab
B5: Pada beban produksi NPK berapa stok bahan baku, ditambah pasokan yang sudah terjadwal, tidak lagi mencukupi kebutuhan pabrik NPK sampai akhir horizon?
B7: Cara memakai Goal Seek
B8: 1. Buka sheet Asumsi. Sel merah-kuning C5 = beban produksi NPK (100% = rencana Dalops). Inilah sel yang diubah Goal Seek.
B9: 2. Atur skenario pasokan di Asumsi (sel kuning): produksi asam fosfat, kiriman PJA, impor, keterlambatan kargo KCl, produksi amoniak, dll.
B10: 3. Data > What-If Analysis > Goal Seek: Set cell = Hasil!C6 · To value = 0 · By changing cell = Asumsi!C5.
B11: 4. Hasil Goal Seek di Asumsi!C5 adalah TITIK PATAH: beban tertinggi yang masih bisa dilayani stok sampai akhir horizon. Bahan yang mengikat tampil di Hasil!C8.
B12: 5. Untuk titik peringatan (stok menyentuh safety stock): Set cell = Hasil!C7, To value = 0.
B13: 6. Pembanding tanpa Goal Seek: Hasil!C12 menghitung titik patah secara langsung (rumus). Hasil Goal Seek harus sama dengan angka ini.
B14: 7. Catat hasil tiap skenario di tabel Hasil (baris 26 dst.), lalu kembalikan Asumsi!C5 ke 100%.
... B23: Arti warna
B24: contoh | C24: Sel yang diubah Goal Seek (beban NPK)
B25: contoh | C25: Asumsi skenario — boleh diubah
B26: contoh | C26: Data rencana Dalops (teks hitam, sheet Rencana_Dalops)
B27: contoh | C27: Hasil utama
B28: contoh | C28: Teks hijau = mengambil nilai dari sheet lain
B30: Indikatif untuk penyaringan awal, bukan pengganti balans resmi Perencanaan dan Pengendalian Produksi.

Sheet Hasil
B1: Hasil Stress Test Laju Produksi NPK · PKG
B2: ="Beban diuji: "&ROUND(Asumsi!C5*100,1)&"% · horizon s.d. "&DAY(Asumsi!C6)&"/"&MONTH(Asumsi!C6)&"/"&YEAR(Asumsi!C6)&" · indikatif, bukan pengganti balans resmi" -> Beban diuji: 100% · horizon s.d. 31/12/2026 · indikatif, bukan pengganti balans resmi
B4: SEL TARGET GOAL SEEK
B5: Ukuran | C5: Nilai
B6: Stok siap pakai terendah dari 3 bahan selama horizon (t) → Goal Seek ke 0 = TITIK PATAH | C6: =MIN(D16:F16) -> 3492.9341
B7: Selisih stok terhadap safety stock, terendah (t) → Goal Seek ke 0 = TITIK PERINGATAN | C7: =MIN(Neraca!$AA$3:$AA$90) -> -507.06587
B8: Bahan baku pengikat (stok siap pakai paling tipis) | C8: =INDEX(D14:F14,MATCH(MIN(D16:F16),D16:F16,0)) -> Amoniak
B9: Status pada beban diuji | C9: =IF(C6<-0.5,"STOK TIDAK CUKUP",IF(C6<=0.5,"TEPAT DI TITIK PATAH","Stok cukup")) -> Stok cukup
B10: TITIK PATAH TANPA GOAL SEEK (rumus langsung, untuk mencocokkan)
B11: Beban maksimum yang masih dicukupi stok, per bahan & keseluruhan
B12: Titik patah = beban maksimum terkecil | C12: =MIN(D17:F17) -> 1.0684433
B13: Setara produksi NPK rata-rata pada titik patah (t/hari) | C13: =C12*SUMPRODUCT(Neraca!$E$3:$E$90,Neraca!$C$3:$C$90)/SUM(Neraca!$C$3:$C$90) -> 6308.6719
B14: Per bahan baku | D14: Asam fosfat | E14: KCl | F14: Amoniak
B15: Stok siap pakai awal (di atas batas bawah, t) | D15: =Asumsi!$C$28-Asumsi!$C$31 -> 28648.084 | E15: =Asumsi!$C$29-Asumsi!$C$32 -> 74968.82 | F15: =Asumsi!$C$30-Asumsi!$C$33 -> 13455.59
B16: Stok siap pakai terendah pada beban diuji (t) | D16: =MIN(Neraca!$AB$3:$AB$90) -> 25917.034 | E16: =MIN(Neraca!$AC$3:$AC$90) -> 68816.014 | F16: =MIN(Neraca!$AD$3:$AD$90) -> 3492.9341
B17: Beban maksimum yang masih dicukupi | D17: =MIN(Neraca!$U$3:$U$90) -> 1.2388231 | E17: =MIN(Neraca!$V$3:$V$90) -> 1.5202282 | F17: =MIN(Neraca!$W$3:$W$90) -> 1.0684433
B18: Tanggal pertama stok habis pada beban diuji | D18: =IF(MIN(Neraca!$X$3:$X$90)=0,"tidak habis",MIN(Neraca!$X$3:$X$90)) -> tidak habis | E18: =IF(MIN(Neraca!$Y$3:$Y$90)=0,"tidak habis",MIN(Neraca!$Y$3:$Y$90)) -> tidak habis | F18: =IF(MIN(Neraca!$Z$3:$Z$90)=0,"tidak habis",MIN(Neraca!$Z$3:$Z$90)) -> tidak habis
B19: Stok siap pakai di akhir horizon (t) | D19: =INDEX(Neraca!$H$3:$H$90,SUM(Neraca!$C$3:$C$90)) -> 31644.887 | E19: =INDEX(Neraca!$K$3:$K$90,SUM(Neraca!$C$3:$C$90)) -> 82139.754 | F19: =INDEX(Neraca!$N$3:$N$90,SUM(Neraca!$C$3:$C$90)) -> 12610.334
B20: Total pasokan masuk dalam horizon (t) | D20: =SUMPRODUCT(Neraca!$F$3:$F$90,Neraca!$C$3:$C$90) -> 154814.21 | E20: =SUMPRODUCT(Neraca!$I$3:$I$90,Neraca!$C$3:$C$90) -> 148447.86 | F20: =SUMPRODUCT(Neraca!$L$3:$L$90,Neraca!$C$3:$C$90) -> 286252.5
B21: Total kebutuhan NPK + lain dalam horizon (t) | D21: =SUMPRODUCT(Neraca!$G$3:$G$90,Neraca!$C$3:$C$90) -> 151817.41 | E21: =SUMPRODUCT(Neraca!$J$3:$J$90,Neraca!$C$3:$C$90) -> 141276.93 | F21: =SUMPRODUCT(Neraca!$M$3:$M$90,Neraca!$C$3:$C$90) -> 287097.76
B23: ="Bila titik patah di atas beban teknis maksimum ("&IF(Asumsi!C7="","[ISI]",ROUND(Asumsi!C7*100,0)&"%")&"), stok bahan baku bukan pembatas dalam horizon ini." -> Bila titik patah di atas beban teknis maksimum ([ISI]), stok bahan baku bukan pembatas dalam horizon ini.
B24: Artinya | C24: =IF(C12<0,"Stok "&INDEX(D14:F14,MATCH(C12,D17:F17,0))&" habis bahkan bila pabrik NPK berhenti: pemakaian di luar NPK (urea, ZA, penjualan) harus dikurangi lebih dulu.",IF(C12<1,"Rencana NPK tidak bisa dipenuhi penuh. Beban maksimum "&ROUND(C12*100,1)&"%"&" dari rencana; pengikat: "&INDEX(D14:F14,MATCH(C12,D17:F17,0))&".","Rencana NPK tercukupi. Masih ada ruang "&ROUND((C12-1)*100,1)&"%"&" di atas rencana sebelum "&INDEX(D14:F14,MATCH(C12,D17:F17,0))&" menjadi pembatas.")) -> Rencana NPK tercukupi. Masih ada ruang 6.8% di atas rencana sebelum Amoniak menjadi pembatas.
B25: CATATAN HASIL PER SKENARIO (isi manual setelah Goal Seek)
B26: Skenario | C26: Titik patah (beban) | D26: Bahan pengikat | E26: Tgl habis @100% | F26: Titik peringatan | G26: Catatan
B27: Rencana dasar (semua 100%)
B28: KCl mundur 30 hari
B29: PJA turun 50%
B30: Produksi amoniak −30%
B31: Impor PA batal

Sheet Asumsi
B1: Asumsi & Tuas Skenario
B3: Parameter | C3: Nilai | D3: Satuan | E3: Sumber / keterangan
B4: TUAS GOAL SEEK
B5: Beban produksi NPK (semua unit) | C5: 1 | D5: % rencana | E5: Sel yang diubah Goal Seek. 100% = rencana harian Dalops; 110% = 10% di atas rencana.
B6: Akhir horizon uji | C6: 46387 | D6: tanggal | E6: Maksimum 31 Dec 2026 (akhir rencana Dalops). Dipendekkan untuk uji 30/60 hari.
B7: Beban teknis maksimum pabrik NPK | D7: % rencana | E7: [ISI] Batas atas kemampuan pabrik terhadap rencana. Hasil Goal Seek di atas angka ini berarti stok bukan pembatas.
B9: BEBAN PER UNIT (opsional, dikalikan dengan beban di atas)
B10: Phonska I | C10: 1 | D10: % rencana | E10: Rencana Dalops maks 1.400 t/hari; 84 hari operasi dalam horizon. Isi 0% untuk unit yang dimatikan.
B11: Phonska II | C11: 1 | D11: % rencana | E11: Rencana Dalops maks 1.800 t/hari; 29 hari operasi dalam horizon. Isi 0% untuk unit yang dimatikan.
B12: Phonska III | C12: 1 | D12: % rencana | E12: Rencana Dalops maks 1.800 t/hari; 57 hari operasi dalam horizon. Isi 0% untuk unit yang dimatikan.
B13: Phonska IV | C13: 1 | D13: % rencana | E13: Rencana Dalops maks 1.800 t/hari; 84 hari operasi dalam horizon. Isi 0% untuk unit yang dimatikan.
B14: Phonska V | C14: 1 | D14: % rencana | E14: Rencana Dalops maks 1.800 t/hari; 58 hari operasi dalam horizon. Isi 0% untuk unit yang dimatikan.
B16: PASOKAN (100% = sesuai rencana Dalops)
B17: Produksi asam fosfat sendiri (PA-I, PA-II) | C17: 1 | D17: % | E17: Dalops: produksi PA rencana. Tidak dibatasi belerang di model ini.
B18: Kiriman asam fosfat PJA | C18: 1 | D18: % | E18: Petro Jordan Abadi.
B19: Impor asam fosfat | C19: 1 | D19: % | E19: Kargo impor terjadwal.
B20: Impor KCl | C20: 1 | D20: % | E20: Volume kargo impor KCl terjadwal.
B21: Keterlambatan seluruh kargo KCl | C21: 0 | D21: hari | E21: Menggeser kedatangan KCl sekian hari; kargo yang lewat akhir horizon hilang dari hitungan.
B22: Produksi amoniak sendiri (I A, I B) | C22: 1 | D22: % | E22: Bergantung pasokan gas.
B23: Pengadaan amoniak dari luar | C23: 1 | D23: % | E23: Anper PI Group dan sumber luar.
B24: Pemakaian amoniak di luar NPK | C24: 1 | D24: % | E24: Urea, ZA, penjualan. Turunkan untuk menguji prioritas amoniak ke NPK.
B25: Pemakaian asam fosfat di luar NPK | C25: 1 | D25: % | E25: SP-36 dan lainnya.
B27: STOK AWAL & BATAS (posisi data)
B28: Stok awal asam fosfat (cair, basis P2O5 54%) | C28: 32758.084 | D28: t | E28: Dalops, posisi 4 Oktober 2026. Sudah bersih dari sludge.
B29: Stok awal KCl (merah + putih) | C29: 76968.82 | D29: t | E29: Dalops, posisi 4 Oktober 2026.
B30: Stok awal amoniak | C30: 19455.59 | D30: t | E30: Dalops, posisi 4 Oktober 2026.
B31: Batas bawah asam fosfat (heel) | C31: 4110 | D31: t | E31: Heel tangki yang tidak dapat dipompa, sama dengan simulator dashboard. Ganti ke 6.000 bila ingin memakai deadstock Kesepakatan.
B32: Batas bawah KCl (deadstock) | C32: 2000 | D32: t | E32: Deadstock Kesepakatan PI Group. Isi 0 untuk menyamakan dengan simulator dashboard.
B33: Batas bawah amoniak (deadstock) | C33: 6000 | D33: t | E33: Deadstock Kesepakatan PI Group. Isi 0 untuk menyamakan dengan simulator dashboard.
B34: Safety stock asam fosfat | C34: 20000 | D34: t | E34: Kesepakatan Safety Stock Bahan Baku PI Group.
B35: Safety stock KCl | C35: 37000 | D35: t | E35: Kesepakatan Safety Stock Bahan Baku PI Group.
B36: Safety stock amoniak | C36: 10000 | D36: t | E36: Angka internal PKG (tidak tercantum di Kesepakatan PI Group).

Sheet Neraca
F1: ASAM FOSFAT (t) | I1: KCl (t) | L1: AMONIAK (t) | O1: PEMBANDING ANALITIK (untuk cek Goal Seek) | X1: PENANDA
A2: Tanggal | B2: Hari ke | C2: Dalam horizon | D2: NPK simulasi (t) | E2: NPK rencana (t) | F2: PA masuk | G2: PA keluar | H2: PA stok siap pakai | I2: KCl masuk | J2: KCl keluar | K2: KCl stok siap pakai | L2: NH3 masuk | M2: NH3 keluar | N2: NH3 stok siap pakai | O2: PA kebutuhan @100% kum. | P2: PA ruang kum. | Q2: KCl kebutuhan @100% kum. | R2: KCl ruang kum. | S2: NH3 kebutuhan @100% kum. | T2: NH3 ruang kum. | U2: Beban maks PA s.d. hari ini | V2: Beban maks KCl s.d. hari ini | W2: Beban maks NH3 s.d. hari ini | X2: PA habis (tgl) | Y2: KCl habis (tgl) | Z2: NH3 habis (tgl) | AA2: Stok − SS terendah hari ini | AB2: PA siap (horizon) | AC2: KCl siap (horizon) | AD2: NH3 siap (horizon)
A3: =Rencana_Dalops!A3 -> 46300 | B3: =A3-Rencana_Dalops!$A$3+1 -> 1 | C3: =IF(A3<=Asumsi!$C$6,1,0) -> 1 | D3: =(Rencana_Dalops!B3*Asumsi!$C$10+Rencana_Dalops!C3*Asumsi!$C$11+Rencana_Dalops!D3*Asumsi!$C$12+Rencana_Dalops!E3*Asumsi!$C$13+Rencana_Dalops!F3*Asumsi!$C$14)*Asumsi!$C$5 -> 6800 | E3: =Rencana_Dalops!G3 -> 6800 | F3: =Rencana_Dalops!H3*Asumsi!$C$17*(1-Rencana_Dalops!I3)+Rencana_Dalops!J3*Asumsi!$C$18+Rencana_Dalops!K3*Asumsi!$C$19 -> 1750.1857 | G3: =Rencana_Dalops!L3*Asumsi!$C$25+Rencana_Dalops!M3*IF(E3>0,D3/E3,0) -> 1620.1536 | H3: =Asumsi!$C$28-Asumsi!$C$31+F3-G3 -> 28778.116 | I3: =IF(B3-Asumsi!$C$21>=1,INDEX(Rencana_Dalops!$N$3:$N$90,B3-Asumsi!$C$21),0)*Asumsi!$C$20 -> 0 | J3: =Rencana_Dalops!O3+Rencana_Dalops!P3*IF(E3>0,D3/E3,0) -> 1739 | K3: =Asumsi!$C$29-Asumsi!$C$32+I3-J3 -> 73229.82 | L3: =Rencana_Dalops!Q3*Asumsi!$C$22+Rencana_Dalops!R3*Asumsi!$C$23 -> 3016.5 | M3: =Rencana_Dalops!S3*Asumsi!$C$24+Rencana_Dalops!T3*IF(E3>0,D3/E3,0) -> 3381.0079 | N3: =Asumsi!$C$30-Asumsi!$C$33+L3-M3 -> 13091.082 | O3: =Rencana_Dalops!M3*IF(Asumsi!$C$5>0,IF(E3>0,D3/E3,0)/Asumsi!$C$5,0) -> 1514.598 | P3: =H3+O3*Asumsi!$C$5 -> 30292.714 | Q3: =Rencana_Dalops!P3*IF(Asumsi!$C$5>0,IF(E3>0,D3/E3,0)/Asumsi!$C$5,0) -> 1713.8 | R3: =K3+Q3*Asumsi!$C$5 -> 74943.62 | S3: =Rencana_Dalops!T3*IF(Asumsi!$C$5>0,IF(E3>0,D3/E3,0)/Asumsi!$C$5,0) -> 758.4312 | T3: =N3+S3*Asumsi!$C$5 -> 13849.513 | U3: =IF(OR(C3=0,O3<=0),"",P3/O3) -> 20.000498 | V3: =IF(OR(C3=0,Q3<=0),"",R3/Q3) -> 43.729501 | W3: =IF(OR(C3=0,S3<=0),"",T3/S3) -> 18.260738 | X3: =IF(AND(C3=1,H3<0),A3,"") | Y3: =IF(AND(C3=1,K3<0),A3,"") | Z3: =IF(AND(C3=1,N3<0),A3,"") | AA3: =IF(C3=0,"",MIN(H3+Asumsi!$C$31-Asumsi!$C$34,K3+Asumsi!$C$32-Asumsi!$C$35,N3+Asumsi!$C$33-Asumsi!$C$36)) -> 9091.0821 | AB3: =IF(C3=1,H3,"") -> 28778.116 | AC3: =IF(C3=1,K3,"") -> 73229.82 | AD3: =IF(C3=1,N3,"") -> 13091.082
A4: =Rencana_Dalops!A4 -> 46301 | B4: =A4-Rencana_Dalops!$A$3+1 -> 2 | C4: =IF(A4<=Asumsi!$C$6,1,0) -> 1 | D4: =(Rencana_Dalops!B4*Asumsi!$C$10+Rencana_Dalops!C4*Asumsi!$C$11+Rencana_Dalops!D4*Asumsi!$C$12+Rencana_Dalops!E4*Asumsi!$C$13+Rencana_Dalops!F4*Asumsi!$C$14)*Asumsi!$C$5 -> 6800 | E4: =Rencana_Dalops!G4 -> 6800 | F4: =Rencana_Dalops!H4*Asumsi!$C$17*(1-Rencana_Dalops!I4)+Rencana_Dalops!J4*Asumsi!$C$18+Rencana_Dalops!K4*Asumsi!$C$19 -> 1750.1857 | G4: =Rencana_Dalops!L4*Asumsi!$C$25+Rencana_Dalops!M4*IF(E4>0,D4/E4,0) -> 1645.1536 | H4: =H3+F4-G4 -> 28883.148 | I4: =IF(B4-Asumsi!$C$21>=1,INDEX(Rencana_Dalops!$N$3:$N$90,B4-Asumsi!$C$21),0)*Asumsi!$C$20 -> 0 | J4: =Rencana_Dalops!O4+Rencana_Dalops!P4*IF(E4>0,D4/E4,0) -> 1739 | K4: =K3+I4-J4 -> 71490.82 | L4: =Rencana_Dalops!Q4*Asumsi!$C$22+Rencana_Dalops!R4*Asumsi!$C$23 -> 3016.5 | M4: =Rencana_Dalops!S4*Asumsi!$C$24+Rencana_Dalops!T4*IF(E4>0,D4/E4,0) -> 3381.0079 | N4: =N3+L4-M4 -> 12726.574 | O4: =O3+Rencana_Dalops!M4*IF(Asumsi!$C$5>0,IF(E4>0,D4/E4,0)/Asumsi!$C$5,0) -> 3029.196 | P4: =H4+O4*Asumsi!$C$5 -> 31912.344 | Q4: =Q3+Rencana_Dalops!P4*IF(Asumsi!$C$5>0,IF(E4>0,D4/E4,0)/Asumsi!$C$5,0) -> 3427.6 | R4: =K4+Q4*Asumsi!$C$5 -> 74918.42 | S4: =S3+Rencana_Dalops!T4*IF(Asumsi!$C$5>0,IF(E4>0,D4/E4,0)/Asumsi!$C$5,0) -> 1516.8624 | T4: =N4+S4*Asumsi!$C$5 -> 14243.437 | U4: =IF(OR(C4=0,O4<=0),"",P4/O4) -> 10.534922 | V4: =IF(OR(C4=0,Q4<=0),"",R4/Q4) -> 21.857399 | W4: =IF(OR(C4=0,S4<=0),"",T4/S4) -> 9.3900651 | X4: =IF(AND(C4=1,H4<0),A4,"") | Y4: =IF(AND(C4=1,K4<0),A4,"") | Z4: =IF(AND(C4=1,N4<0),A4,"") | AA4: =IF(C4=0,"",MIN(H4+Asumsi!$C$31-Asumsi!$C$34,K4+Asumsi!$C$32-Asumsi!$C$35,N4+Asumsi!$C$33-Asumsi!$C$36)) -> 8726.5743 | AB4: =IF(C4=1,H4,"") -> 28883.148 | AC4: =IF(C4=1,K4,"") -> 71490.82 | AD4: =IF(C4=1,N4,"") -> 12726.574
A5: =Rencana_Dalops!A5 -> 46302 | B5: =A5-Rencana_Dalops!$A$3+1 -> 3 | C5: =IF(A5<=Asumsi!$C$6,1,0) -> 1 | D5: =(Rencana_Dalops!B5*Asumsi!$C$10+Rencana_Dalops!C5*Asumsi!$C$11+Rencana_Dalops!D5*Asumsi!$C$12+Rencana_Dalops!E5*Asumsi!$C$13+Rencana_Dalops!F5*Asumsi!$C$14)*Asumsi!$C$5 -> 6800 | E5: =Rencana_Dalops!G5 -> 6800 | F5: =Rencana_Dalops!H5*Asumsi!$C$17*(1-Rencana_Dalops!I5)+Rencana_Dalops!J5*Asumsi!$C$18+Rencana_Dalops!K5*Asumsi!$C$19 -> 1750.1857 | G5: =Rencana_Dalops!L5*Asumsi!$C$25+Rencana_Dalops!M5*IF(E5>0,D5/E5,0) -> 1645.1536 | H5: =H4+F5-G5 -> 28988.18 | I5: =IF(B5-Asumsi!$C$21>=1,INDEX(Rencana_Dalops!$N$3:$N$90,B5-Asumsi!$C$21),0)*Asumsi!$C$20 -> 0 | J5: =Rencana_Dalops!O5+Rencana_Dalops!P5*IF(E5>0,D5/E5,0) -> 1739 | K5: =K4+I5-J5 -> 69751.82 | L5: =Rencana_Dalops!Q5*Asumsi!$C$22+Rencana_Dalops!R5*Asumsi!$C$23 -> 3016.5 | M5: =Rencana_Dalops!S5*Asumsi!$C$24+Rencana_Dalops!T5*IF(E5>0,D5/E5,0) -> 3381.0079 | N5: =N4+L5-M5 -> 12362.066 | O5: =O4+Rencana_Dalops!M5*IF(Asumsi!$C$5>0,IF(E5>0,D5/E5,0)/Asumsi!$C$5,0) -> 4543.794 | P5: =H5+O5*Asumsi!$C$5 -> 33531.974 | Q5: =Q4+Rencana_Dalops!P5*IF(Asumsi!$C$5>0,IF(E5>0,D5/E5,0)/Asumsi!$C$5,0) -> 5141.4 | R5: =K5+Q5*Asumsi!$C$5 -> 74893.22 | S5: =S4+Rencana_Dalops!T5*IF(Asumsi!$C$5>0,IF(E5>0,D5/E5,0)/Asumsi!$C$5,0) -> 2275.2936 | T5: =N5+S5*Asumsi!$C$5 -> 14637.36 | U5: =IF(OR(C5=0,O5<=0),"",P5/O5) -> 7.3797303 | V5: =IF(OR(C5=0,Q5<=0),"",R5/Q5) -> 14.566698 | W5: =IF(OR(C5=0,S5<=0),"",T5/S5) -> 6.4331742 | X5: =IF(AND(C5=1,H5<0),A5,"") | Y5: =IF(AND(C5=1,K5<0),A5,"") | Z5: =IF(AND(C5=1,N5<0),A5,"") | AA5: =IF(C5=0,"",MIN(H5+Asumsi!$C$31-Asumsi!$C$34,K5+Asumsi!$C$32-Asumsi!$C$35,N5+Asumsi!$C$33-Asumsi!$C$36)) -> 8362.0664 | AB5: =IF(C5=1,H5,"") -> 28988.18 | AC5: =IF(C5=1,K5,"") -> 69751.82 | AD5: =IF(C5=1,N5,"") -> 12362.066
A6: =Rencana_Dalops!A6 -> 46303 | B6: =A6-Rencana_Dalops!$A$3+1 -> 4 | C6: =IF(A6<=Asumsi!$C$6,1,0) -> 1 | D6: =(Rencana_Dalops!B6*Asumsi!$C$10+Rencana_Dalops!C6*Asumsi!$C$11+Rencana_Dalops!D6*Asumsi!$C$12+Rencana_Dalops!E6*Asumsi!$C$13+Rencana_Dalops!F6*Asumsi!$C$14)*Asumsi!$C$5 -> 6800 | E6: =Rencana_Dalops!G6 -> 6800 | F6: =Rencana_Dalops!H6*Asumsi!$C$17*(1-Rencana_Dalops!I6)+Rencana_Dalops!J6*Asumsi!$C$18+Rencana_Dalops!K6*Asumsi!$C$19 -> 1750.1857 | G6: =Rencana_Dalops!L6*Asumsi!$C$25+Rencana_Dalops!M6*IF(E6>0,D6/E6,0) -> 1645.1536 | H6: =H5+F6-G6 -> 29093.212 | I6: =IF(B6-Asumsi!$C$21>=1,INDEX(Rencana_Dalops!$N$3:$N$90,B6-Asumsi!$C$21),0)*Asumsi!$C$20 -> 5000 | J6: =Rencana_Dalops!O6+Rencana_Dalops!P6*IF(E6>0,D6/E6,0) -> 1739 | K6: =K5+I6-J6 -> 73012.82 | L6: =Rencana_Dalops!Q6*Asumsi!$C$22+Rencana_Dalops!R6*Asumsi!$C$23 -> 3016.5 | M6: =Rencana_Dalops!S6*Asumsi!$C$24+Rencana_Dalops!T6*IF(E6>0,D6/E6,0) -> 3381.0079 | N6: =N5+L6-M6 -> 11997.559 | O6: =O5+Rencana_Dalops!M6*IF(Asumsi!$C$5>0,IF(E6>0,D6/E6,0)/Asumsi!$C$5,0) -> 6058.392 | P6: =H6+O6*Asumsi!$C$5 -> 35151.604 | Q6: =Q5+Rencana_Dalops!P6*IF(Asumsi!$C$5>0,IF(E6>0,D6/E6,0)/Asumsi!$C$5,0) -> 6855.2 | R6: =K6+Q6*Asumsi!$C$5 -> 79868.02 | S6: =S5+Rencana_Dalops!T6*IF(Asumsi!$C$5>0,IF(E6>0,D6/E6,0)/Asumsi!$C$5,0) -> 3033.7248 | T6: =N6+S6*Asumsi!$C$5 -> 15031.283 | U6: =IF(OR(C6=0,O6<=0),"",P6/O6) -> 5.8021343 | V6: =IF(OR(C6=0,Q6<=0),"",R6/Q6) -> 11.650721 | W6: =IF(OR(C6=0,S6<=0),"",T6/S6) -> 4.9547287 | X6: =IF(AND(C6=1,H6<0),A6,"") | Y6: =IF(AND(C6=1,K6<0),A6,"") | Z6: =IF(AND(C6=1,N6<0),A6,"") | AA6: =IF(C6=0,"",MIN(H6+Asumsi!$C$31-Asumsi!$C$34,K6+Asumsi!$C$32-Asumsi!$C$35,N6+Asumsi!$C$33-Asumsi!$C$36)) -> 7997.5585 | AB6: =IF(C6=1,H6,"") -> 29093.212 | AC6: =IF(C6=1,K6,"") -> 73012.82 | AD6: =IF(C6=1,N6,"") -> 11997.559
A7: =Rencana_Dalops!A7 -> 46304 | B7: =A7-Rencana_Dalops!$A$3+1 -> 5 | C7: =IF(A7<=Asumsi!$C$6,1,0) -> 1 | D7: =(Rencana_Dalops!B7*Asumsi!$C$10+Rencana_Dalops!C7*Asumsi!$C$11+Rencana_Dalops!D7*Asumsi!$C$12+Rencana_Dalops!E7*Asumsi!$C$13+Rencana_Dalops!F7*Asumsi!$C$14)*Asumsi!$C$5 -> 6800 | E7: =Rencana_Dalops!G7 -> 6800 | F7: =Rencana_Dalops!H7*Asumsi!$C$17*(1-Rencana_Dalops!I7)+Rencana_Dalops!J7*Asumsi!$C$18+Rencana_Dalops!K7*Asumsi!$C$19 -> 1750.1857 | G7: =Rencana_Dalops!L7*Asumsi!$C$25+Rencana_Dalops!M7*IF(E7>0,D7/E7,0) -> 1645.1536 | H7: =H6+F7-G7 -> 29198.244 | I7: =IF(B7-Asumsi!$C$21>=1,INDEX(Rencana_Dalops!$N$3:$N$90,B7-Asumsi!$C$21),0)*Asumsi!$C$20 -> 5000 | J7: =Rencana_Dalops!O7+Rencana_Dalops!P7*IF(E7>0,D7/E7,0) -> 1739 | K7: =K6+I7-J7 -> 76273.82 | L7: =Rencana_Dalops!Q7*Asumsi!$C$22+Rencana_Dalops!R7*Asumsi!$C$23 -> 2786.5 | M7: =Rencana_Dalops!S7*Asumsi!$C$24+Rencana_Dalops!T7*IF(E7>0,D7/E7,0) -> 3381.0079 | N7: =N6+L7-M7 -> 11403.051 | O7: =O6+Rencana_Dalops!M7*IF(Asumsi!$C$5>0,IF(E7>0,D7/E7,0)/Asumsi!$C$5,0) -> 7572.99 | P7: =H7+O7*Asumsi!$C$5 -> 36771.234 | Q7: =Q6+Rencana_Dalops!P7*IF(Asumsi!$C$5>0,IF(E7>0,D7/E7,0)/Asumsi!$C$5,0) -> 8569 | R7: =K7+Q7*Asumsi!$C$5 -> 84842.82 | S7: =S6+Rencana_Dalops!T7*IF(Asumsi!$C$5>0,IF(E7>0,D7/E7,0)/Asumsi!$C$5,0) -> 3792.156 | T7: =N7+S7*Asumsi!$C$5 -> 15195.207 | U7: =IF(OR(C7=0,O7<=0),"",P7/O7) -> 4.8555768 | V7: =IF(OR(C7=0,Q7<=0),"",R7/Q7) -> 9.9011343 | W7: =IF(OR(C7=0,S7<=0),"",T7/S7) -> 4.0070099 | X7: =IF(AND(C7=1,H7<0),A7,"") | Y7: =IF(AND(C7=1,K7<0),A7,"") | Z7: =IF(AND(C7=1,N7<0),A7,"") | AA7: =IF(C7=0,"",MIN(H7+Asumsi!$C$31-Asumsi!$C$34,K7+Asumsi!$C$32-Asumsi!$C$35,N7+Asumsi!$C$33-Asumsi!$C$36)) -> 7403.0507 | AB7: =IF(C7=1,H7,"") -> 29198.244 | AC7: =IF(C7=1,K7,"") -> 76273.82 | AD7: =IF(C7=1,N7,"") -> 11403.051
A8: =Rencana_Dalops!A8 -> 46305 | B8: =A8-Rencana_Dalops!$A$3+1 -> 6 | C8: =IF(A8<=Asumsi!$C$6,1,0) -> 1 | D8: =(Rencana_Dalops!B8*Asumsi!$C$10+Rencana_Dalops!C8*Asumsi!$C$11+Rencana_Dalops!D8*Asumsi!$C$12+Rencana_Dalops!E8*Asumsi!$C$13+Rencana_Dalops!F8*Asumsi!$C$14)*Asumsi!$C$5 -> 5000 | E8: =Rencana_Dalops!G8 -> 5000 | F8: =Rencana_Dalops!H8*Asumsi!$C$17*(1-Rencana_Dalops!I8)+Rencana_Dalops!J8*Asumsi!$C$18+Rencana_Dalops!K8*Asumsi!$C$19 -> 1750.1857 | G8: =Rencana_Dalops!L8*Asumsi!$C$25+Rencana_Dalops!M8*IF(E8>0,D8/E8,0) -> 1244.2306 | H8: =H7+F8-G8 -> 29704.2 | I8: =IF(B8-Asumsi!$C$21>=1,INDEX(Rencana_Dalops!$N$3:$N$90,B8-Asumsi!$C$21),0)*Asumsi!$C$20 -> 5000 | J8: =Rencana_Dalops!O8+Rencana_Dalops!P8*IF(E8>0,D8/E8,0) -> 1362.8 | K8: =K7+I8-J8 -> 79911.02 | L8: =Rencana_Dalops!Q8*Asumsi!$C$22+Rencana_Dalops!R8*Asumsi!$C$23 -> 4786.5 | M8: =Rencana_Dalops!S8*Asumsi!$C$24+Rencana_Dalops!T8*IF(E8>0,D8/E8,0) -> 3180.2467 | N8: =N7+L8-M8 -> 13009.304 | O8: =O7+Rencana_Dalops!M8*IF(Asumsi!$C$5>0,IF(E8>0,D8/E8,0)/Asumsi!$C$5,0) -> 8686.665 | P8: =H8+O8*Asumsi!$C$5 -> 38390.865 | Q8: =Q7+Rencana_Dalops!P8*IF(Asumsi!$C$5>0,IF(E8>0,D8/E8,0)/Asumsi!$C$5,0) -> 9906.6 | R8: =K8+Q8*Asumsi!$C$5 -> 89817.62 | S8: =S7+Rencana_Dalops!T8*IF(Asumsi!$C$5>0,IF(E8>0,D8/E8,0)/Asumsi!$C$5,0) -> 4349.826 | T8: =N8+S8*Asumsi!$C$5 -> 17359.13 | U8: =IF(OR(C8=0,O8<=0),"",P8/O8) -> 4.4195171 | V8: =IF(OR(C8=0,Q8<=0),"",R8/Q8) -> 9.0664425 | W8: =IF(OR(C8=0,S8<=0),"",T8/S8) -> 3.9907642 | X8: =IF(AND(C8=1,H8<0),A8,"") | Y8: =IF(AND(C8=1,K8<0),A8,"") | Z8: =IF(AND(C8=1,N8<0),A8,"") | AA8: =IF(C8=0,"",MIN(H8+Asumsi!$C$31-Asumsi!$C$34,K8+Asumsi!$C$32-Asumsi!$C$35,N8+Asumsi!$C$33-Asumsi!$C$36)) -> 9009.304 | AB8: =IF(C8=1,H8,"") -> 29704.2 | AC8: =IF(C8=1,K8,"") -> 79911.02 | AD8: =IF(C8=1,N8,"") -> 13009.304
A9: =Rencana_Dalops!A9 -> 46306 | B9: =A9-Rencana_Dalops!$A$3+1 -> 7 | C9: =IF(A9<=Asumsi!$C$6,1,0) -> 1 | D9: =(Rencana_Dalops!B9*Asumsi!$C$10+Rencana_Dalops!C9*Asumsi!$C$11+Rencana_Dalops!D9*Asumsi!$C$12+Rencana_Dalops!E9*Asumsi!$C$13+Rencana_Dalops!F9*Asumsi!$C$14)*Asumsi!$C$5 -> 5000 | E9: =Rencana_Dalops!G9 -> 5000 | F9: =Rencana_Dalops!H9*Asumsi!$C$17*(1-Rencana_Dalops!I9)+Rencana_Dalops!J9*Asumsi!$C$18+Rencana_Dalops!K9*Asumsi!$C$19 -> 1750.1857 | G9: =Rencana_Dalops!L9*Asumsi!$C$25+Rencana_Dalops!M9*IF(E9>0,D9/E9,0) -> 1244.2306 | H9: =H8+F9-G9 -> 30210.155 | I9: =IF(B9-Asumsi!$C$21>=1,INDEX(Rencana_Dalops!$N$3:$N$90,B9-Asumsi!$C$21),0)*Asumsi!$C$20 -> 5000 | J9: =Rencana_Dalops!O9+Rencana_Dalops!P9*IF(E9>0,D9/E9,0) -> 1258.3 | K9: =K8+I9-J9 -> 83652.72 | L9: =Rencana_Dalops!Q9*Asumsi!$C$22+Rencana_Dalops!R9*Asumsi!$C$23 -> 3786.5 | M9: =Rencana_Dalops!S9*Asumsi!$C$24+Rencana_Dalops!T9*IF(E9>0,D9/E9,0) -> 3180.2467 | N9: =N8+L9-M9 -> 13615.557 | O9: =O8+Rencana_Dalops!M9*IF(Asumsi!$C$5>0,IF(E9>0,D9/E9,0)/Asumsi!$C$5,0) -> 9800.34 | P9: =H9+O9*Asumsi!$C$5 -> 40010.495 | Q9: =Q8+Rencana_Dalops!P9*IF(Asumsi!$C$5>0,IF(E9>0,D9/E9,0)/Asumsi!$C$5,0) -> 11139.7 | R9: =K9+Q9*Asumsi!$C$5 -> 94792.42 | S9: =S8+Rencana_Dalops!T9*IF(Asumsi!$C$5>0,IF(E9>0,D9/E9,0)/Asumsi!$C$5,0) -> 4907.496 | T9: =N9+S9*Asumsi!$C$5 -> 18523.053 | U9: =IF(OR(C9=0,O9<=0),"",P9/O9) -> 4.0825619 | V9: =IF(OR(C9=0,Q9<=0),"",R9/Q9) -> 8.509423 | W9: =IF(OR(C9=0,S9<=0),"",T9/S9) -> 3.7744408 | X9: =IF(AND(C9=1,H9<0),A9,"") | Y9: =IF(AND(C9=1,K9<0),A9,"") | Z9: =IF(AND(C9=1,N9<0),A9,"") | AA9: =IF(C9=0,"",MIN(H9+Asumsi!$C$31-Asumsi!$C$34,K9+Asumsi!$C$32-Asumsi!$C$35,N9+Asumsi!$C$33-Asumsi!$C$36)) -> 9615.5573 | AB9: =IF(C9=1,H9,"") -> 30210.155 | AC9: =IF(C9=1,K9,"") -> 83652.72 | AD9: =IF(C9=1,N9,"") -> 13615.557
A10: =Rencana_Dalops!A10 -> 46307 | B10: =A10-Rencana_Dalops!$A$3+1 -> 8 | C10: =IF(A10<=Asumsi!$C$6,1,0) -> 1 | D10: =(Rencana_Dalops!B10*Asumsi!$C$10+Rencana_Dalops!C10*Asumsi!$C$11+Rencana_Dalops!D10*Asumsi!$C$12+Rencana_Dalops!E10*Asumsi!$C$13+Rencana_Dalops!F10*Asumsi!$C$14)*Asumsi!$C$5 -> 6800 | E10: =Rencana_Dalops!G10 -> 6800 | F10: =Rencana_Dalops!H10*Asumsi!$C$17*(1-Rencana_Dalops!I10)+Rencana_Dalops!J10*Asumsi!$C$18+Rencana_Dalops!K10*Asumsi!$C$19 -> 1750.1857 | G10: =Rencana_Dalops!L10*Asumsi!$C$25+Rencana_Dalops!M10*IF(E10>0,D10/E10,0) -> 1570.1536 | H10: =H9+F10-G10 -> 30390.187 | I10: =IF(B10-Asumsi!$C$21>=1,INDEX(Rencana_Dalops!$N$3:$N$90,B10-Asumsi!$C$21),0)*Asumsi!$C$20 -> 7500 | J10: =Rencana_Dalops!O10+Rencana_Dalops!P10*IF(E10>0,D10/E10,0) -> 1705.325 | K10: =K9+I10-J10 -> 89447.395 | L10: =Rencana_Dalops!Q10*Asumsi!$C$22+Rencana_Dalops!R10*Asumsi!$C$23 -> 3986.5 | M10: =Rencana_Dalops!S10*Asumsi!$C$24+Rencana_Dalops!T10*IF(E10>0,D10/E10,0) -> 3381.0079 | N10: =N9+L10-M10 -> 14221.049 | O10: =O9+Rencana_Dalops!M10*IF(Asumsi!$C$5>0,IF(E10>0,D10/E10,0)/Asumsi!$C$5,0) -> 11314.938 | P10: =H10+O10*Asumsi!$C$5 -> 41705.125 | Q10: =Q9+Rencana_Dalops!P10*IF(Asumsi!$C$5>0,IF(E10>0,D10/E10,0)/Asumsi!$C$5,0) -> 12819.825 | R10: =K10+Q10*Asumsi!$C$5 -> 102267.22 | S10: =S9+Rencana_Dalops!T10*IF(Asumsi!$C$5>0,IF(E10>0,D10/E10,0)/Asumsi!$C$5,0) -> 5665.9272 | T10: =N10+S10*Asumsi!$C$5 -> 19886.977 | U10: =IF(OR(C10=0,O10<=0),"",P10/O10) -> 3.6858465 | V10: =IF(OR(C10=0,Q10<=0),"",R10/Q10) -> 7.9772711 | W10: =IF(OR(C10=0,S10<=0),"",T10/S10) -> 3.5099245 | X10: =IF(AND(C10=1,H10<0),A10,"") | Y10: =IF(AND(C10=1,K10<0),A10,"") | Z10: =IF(AND(C10=1,N10<0),A10,"") | AA10: =IF(C10=0,"",MIN(H10+Asumsi!$C$31-Asumsi!$C$34,K10+Asumsi!$C$32-Asumsi!$C$35,N10+Asumsi!$C$33-Asumsi!$C$36)) -> 10221.049 | AB10: =IF(C10=1,H10,"") -> 30390.187 | AC10: =IF(C10=1,K10,"") -> 89447.395 | AD10: =IF(C10=1,N10,"") -> 14221.049
A11: =Rencana_Dalops!A11 -> 46308 | B11: =A11-Rencana_Dalops!$A$3+1 -> 9 | C11: =IF(A11<=Asumsi!$C$6,1,0) -> 1 | D11: =(Rencana_Dalops!B11*Asumsi!$C$10+Rencana_Dalops!C11*Asumsi!$C$11+Rencana_Dalops!D11*Asumsi!$C$12+Rencana_Dalops!E11*Asumsi!$C$13+Rencana_Dalops!F11*Asumsi!$C$14)*Asumsi!$C$5 -> 5400 | E11: =Rencana_Dalops!G11 -> 5400 | F11: =Rencana_Dalops!H11*Asumsi!$C$17*(1-Rencana_Dalops!I11)+Rencana_Dalops!J11*Asumsi!$C$18+Rencana_Dalops!K11*Asumsi!$C$19 -> 1750.1857 | G11: =Rencana_Dalops!L11*Asumsi!$C$25+Rencana_Dalops!M11*IF(E11>0,D11/E11,0) -> 1258.3246 | H11: =H10+F11-G11 -> 30882.048 | I11: =IF(B11-Asumsi!$C$21>=1,INDEX(Rencana_Dalops!$N$3:$N$90,B11-Asumsi!$C$21),0)*Asumsi!$C$20 -> 0 | J11: =Rencana_Dalops!O11+Rencana_Dalops!P11*IF(E11>0,D11/E11,0) -> 1517.225 | K11: =K10+I11-J11 -> 87930.17 | L11: =Rencana_Dalops!Q11*Asumsi!$C$22+Rencana_Dalops!R11*Asumsi!$C$23 -> 2786.5 | M11: =Rencana_Dalops!S11*Asumsi!$C$24+Rencana_Dalops!T11*IF(E11>0,D11/E11,0) -> 3224.8603 | N11: =N10+L11-M11 -> 13782.689 | O11: =O10+Rencana_Dalops!M11*IF(Asumsi!$C$5>0,IF(E11>0,D11/E11,0)/Asumsi!$C$5,0) -> 12517.707 | P11: =H11+O11*Asumsi!$C$5 -> 43399.755 | Q11: =Q10+Rencana_Dalops!P11*IF(Asumsi!$C$5>0,IF(E11>0,D11/E11,0)/Asumsi!$C$5,0) -> 14311.85 | R11: =K11+Q11*Asumsi!$C$5 -> 102242.02 | S11: =S10+Rencana_Dalops!T11*IF(Asumsi!$C$5>0,IF(E11>0,D11/E11,0)/Asumsi!$C$5,0) -> 6268.2108 | T11: =N11+S11*Asumsi!$C$5 -> 20050.9 | U11: =IF(OR(C11=0,O11<=0),"",P11/O11) -> 3.4670691 | V11: =IF(OR(C11=0,Q11<=0),"",R11/Q11) -> 7.1438717 | W11: =IF(OR(C11=0,S11<=0),"",T11/S11) -> 3.1988235 | X11: =IF(AND(C11=1,H11<0),A11,"") | Y11: =IF(AND(C11=1,K11<0),A11,"") | Z11: =IF(AND(C11=1,N11<0),A11,"") | AA11: =IF(C11=0,"",MIN(H11+Asumsi!$C$31-Asumsi!$C$34,K11+Asumsi!$C$32-Asumsi!$C$35,N11+Asumsi!$C$33-Asumsi!$C$36)) -> 9782.6892 | AB11: =IF(C11=1,H11,"") -> 30882.048 | AC11: =IF(C11=1,K11,"") -> 87930.17 | AD11: =IF(C11=1,N11,"") -> 13782.689
A12: =Rencana_Dalops!A12 -> 46309 | B12: =A12-Rencana_Dalops!$A$3+1 -> 10 | C12: =IF(A12<=Asumsi!$C$6,1,0) -> 1 | D12: =(Rencana_Dalops!B12*Asumsi!$C$10+Rencana_Dalops!C12*Asumsi!$C$11+Rencana_Dalops!D12*Asumsi!$C$12+Rencana_Dalops!E12*Asumsi!$C$13+Rencana_Dalops!F12*Asumsi!$C$14)*Asumsi!$C$5 -> 5000 | E12: =Rencana_Dalops!G12 -> 5000 | F12: =Rencana_Dalops!H12*Asumsi!$C$17*(1-Rencana_Dalops!I12)+Rencana_Dalops!J12*Asumsi!$C$18+Rencana_Dalops!K12*Asumsi!$C$19 -> 1750.1857 | G12: =Rencana_Dalops!L12*Asumsi!$C$25+Rencana_Dalops!M12*IF(E12>0,D12/E12,0) -> 1169.2306 | H12: =H11+F12-G12 -> 31463.003 | I12: =IF(B12-Asumsi!$C$21>=1,INDEX(Rencana_Dalops!$N$3:$N$90,B12-Asumsi!$C$21),0)*Asumsi!$C$20 -> 5000 | J12: =Rencana_Dalops!O12+Rencana_Dalops!P12*IF(E12>0,D12/E12,0) -> 1350.025 | K12: =K11+I12-J12 -> 91580.145 | L12: =Rencana_Dalops!Q12*Asumsi!$C$22+Rencana_Dalops!R12*Asumsi!$C$23 -> 2786.5 | M12: =Rencana_Dalops!S12*Asumsi!$C$24+Rencana_Dalops!T12*IF(E12>0,D12/E12,0) -> 3180.2467 | N12: =N11+L12-M12 -> 13388.943 | O12: =O11+Rencana_Dalops!M12*IF(Asumsi!$C$5>0,IF(E12>0,D12/E12,0)/Asumsi!$C$5,0) -> 13631.382 | P12: =H12+O12*Asumsi!$C$5 -> 45094.385 | Q12: =Q11+Rencana_Dalops!P12*IF(Asumsi!$C$5>0,IF(E12>0,D12/E12,0)/Asumsi!$C$5,0) -> 15636.675 | R12: =K12+Q12*Asumsi!$C$5 -> 107216.82 | S12: =S11+Rencana_Dalops!T12*IF(Asumsi!$C$5>0,IF(E12>0,D12/E12,0)/Asumsi!$C$5,0) -> 6825.8808 | T12: =N12+S12*Asumsi!$C$5 -> 20214.823 | U12: =IF(OR(C12=0,O12<=0),"",P12/O12) -> 3.3081301 | V12: =IF(OR(C12=0,Q12<=0),"",R12/Q12) -> 6.8567531 | W12: =IF(OR(C12=0,S12<=0),"",T12/S12) -> 2.9614967 | X12: =IF(AND(C12=1,H12<0),A12,"") | Y12: =IF(AND(C12=1,K12<0),A12,"") | Z12: =IF(AND(C12=1,N12<0),A12,"") | AA12: =IF(C12=0,"",MIN(H12+Asumsi!$C$31-Asumsi!$C$34,K12+Asumsi!$C$32-Asumsi!$C$35,N12+Asumsi!$C$33-Asumsi!$C$36)) -> 9388.9425 | AB12: =IF(C12=1,H12,"") -> 31463.003 | AC12: =IF(C12=1,K12,"") -> 91580.145 | AD12: =IF(C12=1,N12,"") -> 13388.943
A13: =Rencana_Dalops!A13 -> 46310 | B13: =A13-Rencana_Dalops!$A$3+1 -> 11 | C13: =IF(A13<=Asumsi!$C$6,1,0) -> 1 | D13: =(Rencana_Dalops!B13*Asumsi!$C$10+Rencana_Dalops!C13*Asumsi!$C$11+Rencana_Dalops!D13*Asumsi!$C$12+Rencana_Dalops!E13*Asumsi!$C$13+Rencana_Dalops!F13*Asumsi!$C$14)*Asumsi!$C$5 -> 6800 | E13: =Rencana_Dalops!G13 -> 6800 | F13: =Rencana_Dalops!H13*Asumsi!$C$17*(1-Rencana_Dalops!I13)+Rencana_Dalops!J13*Asumsi!$C$18+Rencana_Dalops!K13*Asumsi!$C$19 -> 6750.1857 | G13: =Rencana_Dalops!L13*Asumsi!$C$25+Rencana_Dalops!M13*IF(E13>0,D13/E13,0) -> 1570.1536 | H13: =H12+F13-G13 -> 36643.035 | I13: =IF(B13-Asumsi!$C$21>=1,INDEX(Rencana_Dalops!$N$3:$N$90,B13-Asumsi!$C$21),0)*Asumsi!$C$20 -> 5000 | J13: =Rencana_Dalops!O13+Rencana_Dalops!P13*IF(E13>0,D13/E13,0) -> 1809.825 | K13: =K12+I13-J13 -> 94770.32 | L13: =Rencana_Dalops!Q13*Asumsi!$C$22+Rencana_Dalops!R13*Asumsi!$C$23 -> 2786.5 | M13: =Rencana_Dalops!S13*Asumsi!$C$24+Rencana_Dalops!T13*IF(E13>0,D13/E13,0) -> 3381.0079 | N13: =N12+L13-M13 -> 12794.435 | O13: =O12+Rencana_Dalops!M13*IF(Asumsi!$C$5>0,IF(E13>0,D13/E13,0)/Asumsi!$C$5,0) -> 15145.98 | P13: =H13+O13*Asumsi!$C$5 -> 51789.015 | Q13: =Q12+Rencana_Dalops!P13*IF(Asumsi!$C$5>0,IF(E13>0,D13/E13,0)/Asumsi!$C$5,0) -> 17421.3 | R13: =K13+Q13*Asumsi!$C$5 -> 112191.62 | S13: =S12+Rencana_Dalops!T13*IF(Asumsi!$C$5>0,IF(E13>0,D13/E13,0)/Asumsi!$C$5,0) -> 7584.312 | T13: =N13+S13*Asumsi!$C$5 -> 20378.747 | U13: =IF(OR(C13=0,O13<=0),"",P13/O13) -> 3.4193242 | V13: =IF(OR(C13=0,Q13<=0),"",R13/Q13) -> 6.4399109 | W13: =IF(OR(C13=0,S13<=0),"",T13/S13) -> 2.6869605 | X13: =IF(AND(C13=1,H13<0),A13,"") | Y13: =IF(AND(C13=1,K13<0),A13,"") | Z13: =IF(AND(C13=1,N13<0),A13,"") | AA13: =IF(C13=0,"",MIN(H13+Asumsi!$C$31-Asumsi!$C$34,K13+Asumsi!$C$32-Asumsi!$C$35,N13+Asumsi!$C$33-Asumsi!$C$36)) -> 8794.4347 | AB13: =IF(C13=1,H13,"") -> 36643.035 | AC13: =IF(C13=1,K13,"") -> 94770.32 | AD13: =IF(C13=1,N13,"") -> 12794.435
A14: =Rencana_Dalops!A14 -> 46311 | B14: =A14-Rencana_Dalops!$A$3+1 -> 12 | C14: =IF(A14<=Asumsi!$C$6,1,0) -> 1 | D14: =(Rencana_Dalops!B14*Asumsi!$C$10+Rencana_Dalops!C14*Asumsi!$C$11+Rencana_Dalops!D14*Asumsi!$C$12+Rencana_Dalops!E14*Asumsi!$C$13+Rencana_Dalops!F14*Asumsi!$C$14)*Asumsi!$C$5 -> 6800 | E14: =Rencana_Dalops!G14 -> 6800 | F14: =Rencana_Dalops!H14*Asumsi!$C$17*(1-Rencana_Dalops!I14)+Rencana_Dalops!J14*Asumsi!$C$18+Rencana_Dalops!K14*Asumsi!$C$19 -> 6226.8882 | G14: =Rencana_Dalops!L14*Asumsi!$C$25+Rencana_Dalops!M14*IF(E14>0,D14/E14,0) -> 1570.1536 | H14: =H13+F14-G14 -> 41299.77 | I14: =IF(B14-Asumsi!$C$21>=1,INDEX(Rencana_Dalops!$N$3:$N$90,B14-Asumsi!$C$21),0)*Asumsi!$C$20 -> 5000 | J14: =Rencana_Dalops!O14+Rencana_Dalops!P14*IF(E14>0,D14/E14,0) -> 1809.825 | K14: =K13+I14-J14 -> 97960.495 | L14: =Rencana_Dalops!Q14*Asumsi!$C$22+Rencana_Dalops!R14*Asumsi!$C$23 -> 2786.5 | M14: =Rencana_Dalops!S14*Asumsi!$C$24+Rencana_Dalops!T14*IF(E14>0,D14/E14,0) -> 3381.0079 | N14: =N13+L14-M14 -> 12199.927 | O14: =O13+Rencana_Dalops!M14*IF(Asumsi!$C$5>0,IF(E14>0,D14/E14,0)/Asumsi!$C$5,0) -> 16660.578 | P14: =H14+O14*Asumsi!$C$5 -> 57960.348 | Q14: =Q13+Rencana_Dalops!P14*IF(Asumsi!$C$5>0,IF(E14>0,D14/E14,0)/Asumsi!$C$5,0) -> 19205.925 | R14: =K14+Q14*Asumsi!$C$5 -> 117166.42 | S14: =S13+Rencana_Dalops!T14*IF(Asumsi!$C$5>0,IF(E14>0,D14/E14,0)/Asumsi!$C$5,0) -> 8342.7432 | T14: =N14+S14*Asumsi!$C$5 -> 20542.67 | U14: =IF(OR(C14=0,O14<=0),"",P14/O14) -> 3.4788918 | V14: =IF(OR(C14=0,Q14<=0),"",R14/Q14) -> 6.1005351 | W14: =IF(OR(C14=0,S14<=0),"",T14/S14) -> 2.46234 | X14: =IF(AND(C14=1,H14<0),A14,"") | Y14: =IF(AND(C14=1,K14<0),A14,"") | Z14: =IF(AND(C14=1,N14<0),A14,"") | AA14: =IF(C14=0,"",MIN(H14+Asumsi!$C$31-Asumsi!$C$34,K14+Asumsi!$C$32-Asumsi!$C$35,N14+Asumsi!$C$33-Asumsi!$C$36)) -> 8199.9268 | AB14: =IF(C14=1,H14,"") -> 41299.77 | AC14: =IF(C14=1,K14,"") -> 97960.495 | AD14: =IF(C14=1,N14,"") -> 12199.927
A15: =Rencana_Dalops!A15 -> 46312 | B15: =A15-Rencana_Dalops!$A$3+1 -> 13 | C15: =IF(A15<=Asumsi!$C$6,1,0) -> 1 | D15: =(Rencana_Dalops!B15*Asumsi!$C$10+Rencana_Dalops!C15*Asumsi!$C$11+Rencana_Dalops!D15*Asumsi!$C$12+Rencana_Dalops!E15*Asumsi!$C$13+Rencana_Dalops!F15*Asumsi!$C$14)*Asumsi!$C$5 -> 6800 | E15: =Rencana_Dalops!G15 -> 6800 | F15: =Rencana_Dalops!H15*Asumsi!$C$17*(1-Rencana_Dalops!I15)+Rencana_Dalops!J15*Asumsi!$C$18+Rencana_Dalops!K15*Asumsi!$C$19 -> 1226.8882 | G15: =Rencana_Dalops!L15*Asumsi!$C$25+Rencana_Dalops!M15*IF(E15>0,D15/E15,0) -> 1570.1536 | H15: =H14+F15-G15 -> 40956.505 | I15: =IF(B15-Asumsi!$C$21>=1,INDEX(Rencana_Dalops!$N$3:$N$90,B15-Asumsi!$C$21),0)*Asumsi!$C$20 -> 5000 | J15: =Rencana_Dalops!O15+Rencana_Dalops!P15*IF(E15>0,D15/E15,0) -> 1809.825 | K15: =K14+I15-J15 -> 101150.67 | L15: =Rencana_Dalops!Q15*Asumsi!$C$22+Rencana_Dalops!R15*Asumsi!$C$23 -> 2786.5 | M15: =Rencana_Dalops!S15*Asumsi!$C$24+Rencana_Dalops!T15*IF(E15>0,D15/E15,0) -> 1555.5479 | N15: =N14+L15-M15 -> 13430.879 | O15: =O14+Rencana_Dalops!M15*IF(Asumsi!$C$5>0,IF(E15>0,D15/E15,0)/Asumsi!$C$5,0) -> 18175.176 | P15: =H15+O15*Asumsi!$C$5 -> 59131.681 | Q15: =Q14+Rencana_Dalops!P15*IF(Asumsi!$C$5>0,IF(E15>0,D15/E15,0)/Asumsi!$C$5,0) -> 20990.55 | R15: =K15+Q15*Asumsi!$C$5 -> 122141.22 | S15: =S14+Rencana_Dalops!T15*IF(Asumsi!$C$5>0,IF(E15>0,D15/E15,0)/Asumsi!$C$5,0) -> 9101.1744 | T15: =N15+S15*Asumsi!$C$5 -> 22532.053 | U15: =IF(OR(C15=0,O15<=0),"",P15/O15) -> 3.253431 | V15: =IF(OR(C15=0,Q15<=0),"",R15/Q15) -> 5.818867 | W15: =IF(OR(C15=0,S15<=0),"",T15/S15) -> 2.4757303 | X15: =IF(AND(C15=1,H15<0),A15,"") | Y15: =IF(AND(C15=1,K15<0),A15,"") | Z15: =IF(AND(C15=1,N15<0),A15,"") | AA15: =IF(C15=0,"",MIN(H15+Asumsi!$C$31-Asumsi!$C$34,K15+Asumsi!$C$32-Asumsi!$C$35,N15+Asumsi!$C$33-Asumsi!$C$36)) -> 9430.8789 | AB15: =IF(C15=1,H15,"") -> 40956.505 | AC15: =IF(C15=1,K15,"") -> 101150.67 | AD15: =IF(C15=1,N15,"") -> 13430.879
... A90: =Rencana_Dalops!A90 -> 46387 | B90: =A90-Rencana_Dalops!$A$3+1 -> 88 | C90: =IF(A90<=Asumsi!$C$6,1,0) -> 1 | D90: =(Rencana_Dalops!B90*Asumsi!$C$10+Rencana_Dalops!C90*Asumsi!$C$11+Rencana_Dalops!D90*Asumsi!$C$12+Rencana_Dalops!E90*Asumsi!$C$13+Rencana_Dalops!F90*Asumsi!$C$14)*Asumsi!$C$5 -> 6800 | E90: =Rencana_Dalops!G90 -> 6800 | F90: =Rencana_Dalops!H90*Asumsi!$C$17*(1-Rencana_Dalops!I90)+Rencana_Dalops!J90*Asumsi!$C$18+Rencana_Dalops!K90*Asumsi!$C$19 -> 1751.8925 | G90: =Rencana_Dalops!L90*Asumsi!$C$25+Rencana_Dalops!M90*IF(E90>0,D90/E90,0) -> 1562.9851 | H90: =H89+F90-G90 -> 31644.887 | I90: =IF(B90-Asumsi!$C$21>=1,INDEX(Rencana_Dalops!$N$3:$N$90,B90-Asumsi!$C$21),0)*Asumsi!$C$20 -> 5000 | J90: =Rencana_Dalops!O90+Rencana_Dalops!P90*IF(E90>0,D90/E90,0) -> 1828.38 | K90: =K89+I90-J90 -> 82139.754 | L90: =Rencana_Dalops!Q90*Asumsi!$C$22+Rencana_Dalops!R90*Asumsi!$C$23 -> 3111 | M90: =Rencana_Dalops!S90*Asumsi!$C$24+Rencana_Dalops!T90*IF(E90>0,D90/E90,0) -> 3458.5906 | N90: =N89+L90-M90 -> 12610.334 | O90: =O89+Rencana_Dalops!M90*IF(Asumsi!$C$5>0,IF(E90>0,D90/E90,0)/Asumsi!$C$5,0) -> 128017.41 | P90: =H90+O90*Asumsi!$C$5 -> 159662.29 | Q90: =Q89+Rencana_Dalops!P90*IF(Asumsi!$C$5>0,IF(E90>0,D90/E90,0)/Asumsi!$C$5,0) -> 139679.25 | R90: =K90+Q90*Asumsi!$C$5 -> 221819 | S90: =S89+Rencana_Dalops!T90*IF(Asumsi!$C$5>0,IF(E90>0,D90/E90,0)/Asumsi!$C$5,0) -> 63327.246 | T90: =N90+S90*Asumsi!$C$5 -> 75937.58 | U90: =IF(OR(C90=0,O90<=0),"",P90/O90) -> 1.2471921 | V90: =IF(OR(C90=0,Q90<=0),"",R90/Q90) -> 1.5880598 | W90: =IF(OR(C90=0,S90<=0),"",T90/S90) -> 1.1991297 | X90: =IF(AND(C90=1,H90<0),A90,"") | Y90: =IF(AND(C90=1,K90<0),A90,"") | Z90: =IF(AND(C90=1,N90<0),A90,"") | AA90: =IF(C90=0,"",MIN(H90+Asumsi!$C$31-Asumsi!$C$34,K90+Asumsi!$C$32-Asumsi!$C$35,N90+Asumsi!$C$33-Asumsi!$C$36)) -> 8610.3336 | AB90: =IF(C90=1,H90,"") -> 31644.887 | AC90: =IF(C90=1,K90,"") -> 82139.754 | AD90: =IF(C90=1,N90,"") -> 12610.334

Sheet Rencana_Dalops
B1: PRODUKSI NPK RENCANA (t/hari) | H1: ASAM FOSFAT (t/hari) | N1: KCl (t/hari) | Q1: AMONIAK (t/hari)
A2: Tanggal | B2: Phonska I | C2: Phonska II | D2: Phonska III | E2: Phonska IV | F2: Phonska V | G2: NPK rencana (t) | H2: PA produksi | I2: Rasio sludge | J2: PA kiriman PJA | K2: PA impor | L2: PA pakai lain | M2: PA untuk NPK | N2: KCl impor | O2: KCl pakai lain | P2: KCl untuk NPK | Q2: NH3 produksi | R2: NH3 luar | S2: NH3 pakai lain | T2: NH3 untuk NPK
A3: 46300 | B3: 1400 | C3: 1800 | D3: 0 | E3: 1800 | F3: 1800 | G3: =SUM(B3:F3) -> 6800 | H3: 555.55556 | I3: 0.058064516 | J3: 1226.8882 | K3: 0 | L3: 105.55556 | M3: 1514.598 | N3: 0 | O3: 25.2 | P3: 1713.8 | Q3: 3016.5 | R3: 0 | S3: 2622.5767 | T3: 758.4312
A4: 46301 | B4: 1400 | C4: 1800 | D4: 0 | E4: 1800 | F4: 1800 | G4: =SUM(B4:F4) -> 6800 | H4: 555.55556 | I4: 0.058064516 | J4: 1226.8882 | K4: 0 | L4: 130.55556 | M4: 1514.598 | N4: 0 | O4: 25.2 | P4: 1713.8 | Q4: 3016.5 | R4: 0 | S4: 2622.5767 | T4: 758.4312
A5: 46302 | B5: 1400 | C5: 1800 | D5: 0 | E5: 1800 | F5: 1800 | G5: =SUM(B5:F5) -> 6800 | H5: 555.55556 | I5: 0.058064516 | J5: 1226.8882 | K5: 0 | L5: 130.55556 | M5: 1514.598 | N5: 0 | O5: 25.2 | P5: 1713.8 | Q5: 3016.5 | R5: 0 | S5: 2622.5767 | T5: 758.4312
A6: 46303 | B6: 1400 | C6: 1800 | D6: 0 | E6: 1800 | F6: 1800 | G6: =SUM(B6:F6) -> 6800 | H6: 555.55556 | I6: 0.058064516 | J6: 1226.8882 | K6: 0 | L6: 130.55556 | M6: 1514.598 | N6: 5000 | O6: 25.2 | P6: 1713.8 | Q6: 3016.5 | R6: 0 | S6: 2622.5767 | T6: 758.4312
A7: 46304 | B7: 1400 | C7: 1800 | D7: 0 | E7: 1800 | F7: 1800 | G7: =SUM(B7:F7) -> 6800 | H7: 555.55556 | I7: 0.058064516 | J7: 1226.8882 | K7: 0 | L7: 130.55556 | M7: 1514.598 | N7: 5000 | O7: 25.2 | P7: 1713.8 | Q7: 2786.5 | R7: 0 | S7: 2622.5767 | T7: 758.4312
A8: 46305 | B8: 1400 | C8: 1800 | D8: 0 | E8: 1800 | F8: 0 | G8: =SUM(B8:F8) -> 5000 | H8: 555.55556 | I8: 0.058064516 | J8: 1226.8882 | K8: 0 | L8: 130.55556 | M8: 1113.675 | N8: 5000 | O8: 25.2 | P8: 1337.6 | Q8: 2786.5 | R8: 2000 | S8: 2622.5767 | T8: 557.67
A9: 46306 | B9: 1400 | C9: 1800 | D9: 0 | E9: 1800 | F9: 0 | G9: =SUM(B9:F9) -> 5000 | H9: 555.55556 | I9: 0.058064516 | J9: 1226.8882 | K9: 0 | L9: 130.55556 | M9: 1113.675 | N9: 5000 | O9: 25.2 | P9: 1233.1 | Q9: 2786.5 | R9: 1000 | S9: 2622.5767 | T9: 557.67
A10: 46307 | B10: 1400 | C10: 1800 | D10: 0 | E10: 1800 | F10: 1800 | G10: =SUM(B10:F10) -> 6800 | H10: 555.55556 | I10: 0.058064516 | J10: 1226.8882 | K10: 0 | L10: 55.555556 | M10: 1514.598 | N10: 7500 | O10: 25.2 | P10: 1680.125 | Q10: 2786.5 | R10: 1200 | S10: 2622.5767 | T10: 758.4312
A11: 46308 | B11: 0 | C11: 1800 | D11: 0 | E11: 1800 | F11: 1800 | G11: =SUM(B11:F11) -> 5400 | H11: 555.55556 | I11: 0.058064516 | J11: 1226.8882 | K11: 0 | L11: 55.555556 | M11: 1202.769 | N11: 0 | O11: 25.2 | P11: 1492.025 | Q11: 2786.5 | R11: 0 | S11: 2622.5767 | T11: 602.2836
A12: 46309 | B12: 1400 | C12: 1800 | D12: 0 | E12: 0 | F12: 1800 | G12: =SUM(B12:F12) -> 5000 | H12: 555.55556 | I12: 0.058064516 | J12: 1226.8882 | K12: 0 | L12: 55.555556 | M12: 1113.675 | N12: 5000 | O12: 25.2 | P12: 1324.825 | Q12: 2786.5 | R12: 0 | S12: 2622.5767 | T12: 557.67
A13: 46310 | B13: 1400 | C13: 1800 | D13: 0 | E13: 1800 | F13: 1800 | G13: =SUM(B13:F13) -> 6800 | H13: 555.55556 | I13: 0.058064516 | J13: 1226.8882 | K13: 5000 | L13: 55.555556 | M13: 1514.598 | N13: 5000 | O13: 25.2 | P13: 1784.625 | Q13: 2786.5 | R13: 0 | S13: 2622.5767 | T13: 758.4312
A14: 46311 | B14: 1400 | C14: 1800 | D14: 0 | E14: 1800 | F14: 1800 | G14: =SUM(B14:F14) -> 6800 | H14: 0 | I14: 0.058064516 | J14: 1226.8882 | K14: 5000 | L14: 55.555556 | M14: 1514.598 | N14: 5000 | O14: 25.2 | P14: 1784.625 | Q14: 2786.5 | R14: 0 | S14: 2622.5767 | T14: 758.4312
... A90: 46387 | B90: 1400 | C90: 0 | D90: 1800 | E90: 1800 | F90: 1800 | G90: =SUM(B90:F90) -> 6800 | H90: 555.55556 | I90: 0.058064516 | J90: 1228.595 | K90: 0 | L90: 48.387097 | M90: 1514.598 | N90: 5000 | O90: 10.08 | P90: 1818.3 | Q90: 3111 | R90: 0 | S90: 2700.1594 | T90: 758.4312
A91: Jumlah | B91: =SUM(B3:B90) -> 117600 | C91: =SUM(C3:C90) -> 52200 | D91: =SUM(D3:D90) -> 94200 | E91: =SUM(E3:E90) -> 151200 | F91: =SUM(F3:F90) -> 104400 | G91: =SUM(G3:G90) -> 519600 | H91: =SUM(H3:H90) -> 28333.333 | J91: =SUM(J3:J90) -> 108126.04 | K91: =SUM(K3:K90) -> 20000 | L91: =SUM(L3:L90) -> 23800 | M91: =SUM(M3:M90) -> 128017.41 | N91: =SUM(N3:N90) -> 148447.86 | O91: =SUM(O3:O90) -> 1597.68 | P91: =SUM(P3:P90) -> 139679.25 | Q91: =SUM(Q3:Q90) -> 242652.5 | ... T91: =SUM(T3:T90) -> 63327.246
A93: Sumber: rencana harian Dalops PKG (D.sim) yang tertanam di Dashboard CAK PRI v2beta, posisi data 4 Oktober 2026; sama dengan angka simulator modul 08 di dashboard. Nilai hardcode, bukan rumus; perbarui dari Dalops terbaru bila posisi data berganti.
